{
"type": "FeatureCollection",
"name": "distritos",
"crs": { "type": "name", "properties": { "name": "urn:ogc:def:crs:OGC:1.3:CRS84" } },
"features": [
{ "type": "Feature", "properties": { "id": 166, "CD_REGIAO": "4", "NM_REGIAO": "Sul", "CD_UF": "43", "NM_UF": "Rio Grande do Sul", "CD_MUN": "4302808", "NM_MUN": "Caçapava do Sul", "CD_DIST": "430280805", "NM_DIST": "Caçapava do Sul", "CD_SUBDIST": "43028080500", "NM_SUBDIST": null, "CD_RGINT": "4303", "NM_RGINT": "Santa Maria", "CD_RGI": "430012", "NM_RGI": "São Gabriel - Caçapava do Sul", "CD_CONCURB": null, "NM_CONCURB": null, "SIGLA": "RS" }, "geometry": { "type": "Polygon", "coordinates": [ [ [ -53.460452299999986, -30.639093899999978 ], [ -53.46142489999994, -30.638272699999959 ], [ -53.463227899999936, -30.638586799999928 ], [ -53.465118899999936, -30.638627099999951 ], [ -53.465871199999981, -30.637454 ], [ -53.467709799999966, -30.636395299999947 ], [ -53.469356599999969, -30.635900599999957 ], [ -53.473865899999964, -30.63573759999997 ], [ -53.475441, -30.63613179999993 ], [ -53.476733499999966, -30.635354099999972 ], [ -53.478125299999931, -30.633937199999934 ], [ -53.478753599999948, -30.63504469999998 ], [ -53.478858599999967, -30.637439 ], [ -53.480975199999932, -30.638228599999934 ], [ -53.482038599999953, -30.640102699999943 ], [ -53.483771799999943, -30.639217499999972 ], [ -53.485739299999977, -30.638615499999958 ], [ -53.486507199999949, -30.639774899999964 ], [ -53.487519, -30.639205299999958 ], [ -53.489602399999967, -30.63977449999993 ], [ -53.491411199999959, -30.638989599999945 ], [ -53.492422199999965, -30.638762699999972 ], [ -53.494114099999933, -30.637769799999944 ], [ -53.494947899999943, -30.638114 ], [ -53.495303399999955, -30.639367399999969 ], [ -53.495858, -30.63963739999997 ], [ -53.497038, -30.639808899999935 ], [ -53.498067699999979, -30.638785499999983 ], [ -53.49898909999996, -30.636913799999945 ], [ -53.500564699999984, -30.63459 ], [ -53.501494299999933, -30.634758599999941 ], [ -53.501896199999976, -30.634501299999954 ], [ -53.502450099999976, -30.63449079999998 ], [ -53.503481299999976, -30.634984499999973 ], [ -53.504445499999974, -30.635120799999982 ], [ -53.505869099999984, -30.635805399999981 ], [ -53.506331899999964, -30.636481899999978 ], [ -53.506428399999947, -30.637410399999965 ], [ -53.506667299999947, -30.63803 ], [ -53.507303299999933, -30.638294899999948 ], [ -53.510286899999983, -30.637011899999948 ], [ -53.511868199999981, -30.635180399999967 ], [ -53.512897199999941, -30.634880299999963 ], [ -53.513478799999973, -30.634557799999982 ], [ -53.514011499999981, -30.632948799999951 ], [ -53.514701699999932, -30.63237769999995 ], [ -53.515476, -30.632331 ], [ -53.516119199999935, -30.632815 ], [ -53.516531599999951, -30.634421199999963 ], [ -53.516171299999939, -30.634924099999978 ], [ -53.51533429999995, -30.635436 ], [ -53.515053099999932, -30.63597169999997 ], [ -53.517161199999975, -30.638089299999933 ], [ -53.51817989999995, -30.63881559999993 ], [ -53.518878299999983, -30.638707199999942 ], [ -53.520172, -30.637193 ], [ -53.521379599999932, -30.63664179999995 ], [ -53.522248099999956, -30.635876499999938 ], [ -53.522892399999932, -30.635726499999976 ], [ -53.523227899999938, -30.635814299999936 ], [ -53.523322, -30.636619199999984 ], [ -53.523733199999981, -30.636796599999968 ], [ -53.525378, -30.63598989999997 ], [ -53.526195199999961, -30.636128199999973 ], [ -53.527284399999985, -30.636727499999949 ], [ -53.528764699999954, -30.638857099999939 ], [ -53.529318699999976, -30.640150699999936 ], [ -53.529264, -30.642387499999984 ], [ -53.529829599999971, -30.642781899999932 ], [ -53.53105759999994, -30.642973 ], [ -53.531923699999936, -30.643577799999946 ], [ -53.532423199999982, -30.643612099999984 ], [ -53.532893, -30.643108599999948 ], [ -53.533095599999967, -30.642421099999979 ], [ -53.533491099999935, -30.641948099999979 ], [ -53.53434139999996, -30.641932199999928 ], [ -53.535049799999967, -30.642135 ], [ -53.535823499999935, -30.641996099999972 ], [ -53.536678699999982, -30.64073639999998 ], [ -53.538219699999956, -30.639579199999957 ], [ -53.539809399999967, -30.638059599999963 ], [ -53.541301099999941, -30.635640299999977 ], [ -53.542581299999938, -30.634692299999983 ], [ -53.546142799999984, -30.634407099999976 ], [ -53.547579199999973, -30.632386199999928 ], [ -53.547095699999943, -30.631839699999944 ], [ -53.546889599999986, -30.631288799999936 ], [ -53.547199099999943, -30.630469 ], [ -53.546655899999962, -30.62928549999998 ], [ -53.54708009999996, -30.627584 ], [ -53.547077199999933, -30.623719 ], [ -53.54719369999998, -30.622881399999983 ], [ -53.547350899999969, -30.622506699999974 ], [ -53.548318799999947, -30.621604499999933 ], [ -53.549203599999942, -30.620406099999968 ], [ -53.549672599999951, -30.619353299999943 ], [ -53.550696799999969, -30.612572899999975 ], [ -53.551471899999967, -30.60890349999994 ], [ -53.551853499999936, -30.605059599999947 ], [ -53.552303399999971, -30.603148899999951 ], [ -53.553641399999947, -30.600406899999939 ], [ -53.553980799999977, -30.599158799999941 ], [ -53.554061199999978, -30.597997199999952 ], [ -53.555398899999943, -30.595279599999969 ], [ -53.555299899999966, -30.594133699999929 ], [ -53.555576499999972, -30.592016699999931 ], [ -53.555981699999961, -30.591637499999933 ], [ -53.556312099999957, -30.591653899999983 ], [ -53.556763199999978, -30.591969399999982 ], [ -53.557208099999968, -30.592055699999946 ], [ -53.558319199999971, -30.591218799999979 ], [ -53.560194899999942, -30.590521599999931 ], [ -53.560349899999949, -30.590146899999979 ], [ -53.559108299999934, -30.589173899999935 ], [ -53.558847199999946, -30.587672099999963 ], [ -53.559257699999932, -30.587499399999956 ], [ -53.560099899999955, -30.588018199999965 ], [ -53.560682499999984, -30.588075199999935 ], [ -53.562950899999976, -30.587671499999942 ], [ -53.564073, -30.587162 ], [ -53.564362, -30.586645199999964 ], [ -53.564490399999954, -30.585205199999962 ], [ -53.564750699999934, -30.584597199999962 ], [ -53.568792599999938, -30.582041699999934 ], [ -53.57281949999998, -30.579785499999957 ], [ -53.575676, -30.578604199999972 ], [ -53.57625969999998, -30.577664399999946 ], [ -53.57653259999995, -30.576522499999953 ], [ -53.576551199999983, -30.575128899999982 ], [ -53.57601539999996, -30.573202299999934 ], [ -53.573967899999957, -30.572036599999933 ], [ -53.573737199999982, -30.571622699999978 ], [ -53.573780699999986, -30.571205199999952 ], [ -53.574177599999985, -30.570548 ], [ -53.574302899999964, -30.570034299999975 ], [ -53.573650699999973, -30.567808699999944 ], [ -53.573729699999944, -30.566669699999977 ], [ -53.574053499999934, -30.565316 ], [ -53.574023299999965, -30.564111699999955 ], [ -53.57384129999997, -30.563559099999964 ], [ -53.572510499999964, -30.561807499999929 ], [ -53.571670799999936, -30.560294799999951 ], [ -53.571384799999976, -30.558956199999955 ], [ -53.572568, -30.555114799999956 ], [ -53.572241399999939, -30.554262199999982 ], [ -53.57220209999997, -30.553706399999953 ], [ -53.572371399999952, -30.552891599999953 ], [ -53.57181479999997, -30.551718899999969 ], [ -53.571218099999953, -30.549468299999944 ], [ -53.57124639999995, -30.548470699999939 ], [ -53.571096299999965, -30.548008399999958 ], [ -53.570583599999964, -30.547531399999968 ], [ -53.56769079999998, -30.546754199999953 ], [ -53.567077099999949, -30.546466199999941 ], [ -53.566462699999931, -30.545652299999972 ], [ -53.566098599999975, -30.543409599999961 ], [ -53.56583859999995, -30.543044399999928 ], [ -53.565795699999967, -30.542394799999954 ], [ -53.565978, -30.54192809999995 ], [ -53.567582699999946, -30.541036 ], [ -53.569488099999944, -30.540477599999974 ], [ -53.569838699999934, -30.540122499999939 ], [ -53.569931199999985, -30.539471499999934 ], [ -53.569697799999972, -30.539011599999981 ], [ -53.569594099999961, -30.538177799999971 ], [ -53.570579799999962, -30.534179799999947 ], [ -53.570455199999969, -30.533601199999964 ], [ -53.570116499999983, -30.533375399999954 ], [ -53.567823199999964, -30.533329099999946 ], [ -53.566091799999981, -30.533688599999948 ], [ -53.565699699999982, -30.533509599999945 ], [ -53.565246899999977, -30.532946199999969 ], [ -53.564609299999972, -30.532451499999979 ], [ -53.565517099999965, -30.532389599999931 ], [ -53.565867599999933, -30.532077799999968 ], [ -53.56600949999995, -30.53110229999993 ], [ -53.565961499999958, -30.530407599999933 ], [ -53.565234299999986, -30.528982699999972 ], [ -53.564670599999943, -30.528508099999954 ], [ -53.563378799999953, -30.528218799999934 ], [ -53.561116299999981, -30.528286899999955 ], [ -53.560806799999966, -30.528061299999933 ], [ -53.560399599999982, -30.527325699999949 ], [ -53.560515599999974, -30.526558499999965 ], [ -53.559493199999963, -30.523829099999944 ], [ -53.559673499999974, -30.52336159999993 ], [ -53.560297699999978, -30.522885599999938 ], [ -53.561121399999934, -30.522753099999932 ], [ -53.562630399999932, -30.523395899999969 ], [ -53.563318399999957, -30.523312499999975 ], [ -53.563505499999962, -30.522937899999931 ], [ -53.562465799999984, -30.521288199999958 ], [ -53.562436899999966, -30.520767699999965 ], [ -53.563160499999981, -30.519939399999942 ], [ -53.563234099999931, -30.519568 ], [ -53.562941099999932, -30.518923799999982 ], [ -53.561266599999954, -30.518260699999928 ], [ -53.561174299999948, -30.517939199999944 ], [ -53.562461399999961, -30.51645069999995 ], [ -53.563190499999962, -30.515811799999938 ], [ -53.563298399999951, -30.515192499999955 ], [ -53.562932899999964, -30.514920699999948 ], [ -53.561994499999969, -30.514870599999938 ], [ -53.559075499999949, -30.515275699999961 ], [ -53.557527499999935, -30.515236199999947 ], [ -53.55759919999997, -30.514817 ], [ -53.558177, -30.514215499999978 ], [ -53.560762599999975, -30.513792199999955 ], [ -53.562115099999971, -30.513765199999966 ], [ -53.562046, -30.513140699999951 ], [ -53.561370699999941, -30.512712699999952 ], [ -53.56048009999995, -30.512452599999961 ], [ -53.559081399999968, -30.512352299999975 ], [ -53.558852399999978, -30.512079099999937 ], [ -53.559804, -30.510364899999956 ], [ -53.56065719999998, -30.509213199999976 ], [ -53.560748599999954, -30.508560399999965 ], [ -53.560300899999959, -30.508291 ], [ -53.558654299999944, -30.508172699999932 ], [ -53.558145699999955, -30.507766 ], [ -53.556830199999979, -30.50495989999996 ], [ -53.556526399999939, -30.503945 ], [ -53.556445599999961, -30.502926299999956 ], [ -53.556087399999967, -30.50243439999997 ], [ -53.55479379999997, -30.50148379999996 ], [ -53.552729, -30.500840799999935 ], [ -53.552600199999972, -30.50051469999994 ], [ -53.552660799999956, -30.499354 ], [ -53.552945699999952, -30.496721099999945 ], [ -53.552667099999951, -30.496145599999977 ], [ -53.552347899999972, -30.49601279999996 ], [ -53.551090699999975, -30.496239399999979 ], [ -53.549889699999937, -30.496237899999983 ], [ -53.548617599999943, -30.495833 ], [ -53.547277, -30.495152799999971 ], [ -53.546508299999971, -30.494483499999944 ], [ -53.546229199999971, -30.493568799999935 ], [ -53.546348099999932, -30.492405599999984 ], [ -53.545927699999936, -30.490090499999951 ], [ -53.546144499999969, -30.489152199999978 ], [ -53.546873399999981, -30.488303299999984 ], [ -53.547309599999949, -30.48722319999996 ], [ -53.546865899999943, -30.486323299999981 ], [ -53.54613379999995, -30.485856199999944 ], [ -53.545852199999956, -30.485484499999984 ], [ -53.54654759999994, -30.48443519999995 ], [ -53.546568299999933, -30.484005899999943 ], [ -53.546313, -30.483581 ], [ -53.546174, -30.482801199999983 ], [ -53.546312399999977, -30.482371399999977 ], [ -53.54690979999998, -30.482230099999981 ], [ -53.54727859999997, -30.481984199999943 ], [ -53.547220299999935, -30.479738 ], [ -53.547392699999932, -30.478269199999943 ], [ -53.547289599999942, -30.477817799999968 ], [ -53.546022, -30.477613199999951 ], [ -53.545689699999969, -30.477419899999973 ], [ -53.545436499999937, -30.476995099999954 ], [ -53.545601399999953, -30.476475199999982 ], [ -53.545868699999971, -30.475635399999931 ], [ -53.545911399999966, -30.473843199999976 ], [ -53.545621399999959, -30.473064699999952 ], [ -53.54521479999994, -30.472493199999974 ], [ -53.545389799999953, -30.47112629999998 ], [ -53.544338699999969, -30.469417899999939 ], [ -53.543783099999985, -30.468870199999969 ], [ -53.542406699999958, -30.467914599999972 ], [ -53.541847599999983, -30.467218099999968 ], [ -53.541588199999978, -30.466364799999951 ], [ -53.541623399999935, -30.465506199999936 ], [ -53.542256799999961, -30.465001499999971 ], [ -53.542926099999931, -30.464178499999946 ], [ -53.543349499999977, -30.462024099999951 ], [ -53.543818199999976, -30.461561199999949 ], [ -53.545290799999975, -30.461507799999936 ], [ -53.545696099999986, -30.460995 ], [ -53.546149399999933, -30.459357599999976 ], [ -53.546923399999969, -30.459064399999932 ], [ -53.547650099999942, -30.459302399999956 ], [ -53.54869739999998, -30.460241399999973 ], [ -53.549269799999934, -30.46030559999997 ], [ -53.550089699999944, -30.459531799999979 ], [ -53.550769099999968, -30.458523 ], [ -53.551332699999932, -30.457097 ], [ -53.551968, -30.456149399999958 ], [ -53.552886, -30.455551799999967 ], [ -53.553070299999945, -30.454638699999975 ], [ -53.553008299999931, -30.453380099999947 ], [ -53.552632099999983, -30.452779 ], [ -53.551279699999952, -30.452755399999944 ], [ -53.550929699999983, -30.452572 ], [ -53.550949199999934, -30.45216709999994 ], [ -53.551625499999943, -30.451599299999941 ], [ -53.551821299999972, -30.451114699999948 ], [ -53.552527899999973, -30.45052 ], [ -53.552373599999953, -30.450321899999949 ], [ -53.551648599999965, -30.450185 ], [ -53.551215399999933, -30.449738799999977 ], [ -53.551328199999944, -30.449433399999975 ], [ -53.551893499999949, -30.44921979999998 ], [ -53.552927699999941, -30.449137599999972 ], [ -53.554253399999936, -30.449313599999982 ], [ -53.555227799999955, -30.449799499999983 ], [ -53.556907499999966, -30.449716799999976 ], [ -53.557650199999955, -30.450561799999946 ], [ -53.558165899999949, -30.450725899999952 ], [ -53.560365099999956, -30.45041759999998 ], [ -53.56090039999998, -30.450155099999961 ], [ -53.561510599999963, -30.449435599999958 ], [ -53.56215229999998, -30.449827399999947 ], [ -53.562568499999941, -30.45083 ], [ -53.562908399999969, -30.451175699999965 ], [ -53.563383099999953, -30.450964499999941 ], [ -53.564093699999944, -30.449436099999957 ], [ -53.564604699999961, -30.448782 ], [ -53.564839199999938, -30.448029599999984 ], [ -53.566743599999938, -30.447284599999932 ], [ -53.569713799999931, -30.445420899999931 ], [ -53.569821799999943, -30.445014399999934 ], [ -53.569658, -30.44461339999998 ], [ -53.568167699999947, -30.443784899999969 ], [ -53.567157099999974, -30.442996799999946 ], [ -53.56621709999996, -30.441574799999955 ], [ -53.566086, -30.440607399999976 ], [ -53.565750199999968, -30.440284299999973 ], [ -53.564714199999969, -30.439849599999945 ], [ -53.56303639999993, -30.438823799999966 ], [ -53.560986699999944, -30.438559899999973 ], [ -53.560531899999944, -30.438316599999951 ], [ -53.560307299999977, -30.437790899999982 ], [ -53.560393, -30.437019 ], [ -53.561698699999965, -30.434164899999928 ], [ -53.562803199999962, -30.432754199999977 ], [ -53.562490699999955, -30.432331899999951 ], [ -53.560145499999976, -30.431633099999942 ], [ -53.559596299999953, -30.431290299999944 ], [ -53.558072799999934, -30.429350299999953 ], [ -53.556173499999943, -30.427872599999944 ], [ -53.555276299999946, -30.427397799999937 ], [ -53.552172299999938, -30.426954199999955 ], [ -53.548445899999933, -30.426926099999946 ], [ -53.548126199999956, -30.426743699999975 ], [ -53.547343799999965, -30.424409199999957 ], [ -53.547181699999953, -30.422771499999953 ], [ -53.547352099999955, -30.422389599999974 ], [ -53.548003299999948, -30.422023799999977 ], [ -53.550076399999966, -30.42208329999994 ], [ -53.550416699999971, -30.421863499999972 ], [ -53.550587099999973, -30.421479799999929 ], [ -53.550298699999985, -30.420804099999941 ], [ -53.548400299999969, -30.419427399999961 ], [ -53.548228599999959, -30.417385499999966 ], [ -53.547856599999932, -30.416366699999969 ], [ -53.547425399999952, -30.415975499999945 ], [ -53.545973599999968, -30.415497799999969 ], [ -53.543931599999951, -30.414375799999959 ], [ -53.542657, -30.413845499999979 ], [ -53.541994, -30.413189199999977 ], [ -53.541190399999948, -30.411212699999965 ], [ -53.541047799999944, -30.410328199999981 ], [ -53.541300199999966, -30.409541599999955 ], [ -53.542819599999973, -30.407996399999945 ], [ -53.543788799999959, -30.407712899999979 ], [ -53.544464599999969, -30.40717049999995 ], [ -53.545125699999971, -30.405994699999951 ], [ -53.54524379999998, -30.404778299999975 ], [ -53.544802499999946, -30.403881 ], [ -53.542493499999978, -30.401161499999944 ], [ -53.541481099999942, -30.399110299999961 ], [ -53.540868899999964, -30.39874279999998 ], [ -53.538787, -30.398669699999971 ], [ -53.538097, -30.398470599999939 ], [ -53.537590899999941, -30.398105299999941 ], [ -53.538014099999941, -30.396167399999968 ], [ -53.537425299999938, -30.395250699999963 ], [ -53.535175699999968, -30.395884 ], [ -53.535430499999961, -30.397025099999951 ], [ -53.535093299999971, -30.397905199999968 ], [ -53.533623699999964, -30.398182299999974 ], [ -53.534569699999963, -30.400577799999951 ], [ -53.53443939999994, -30.400850699999978 ], [ -53.533880199999942, -30.402018599999963 ], [ -53.52759, -30.403213699999981 ], [ -53.524606899999981, -30.401839099999961 ], [ -53.522493099999963, -30.39887989999994 ], [ -53.516580599999941, -30.397154199999932 ], [ -53.512247399999978, -30.389017199999955 ], [ -53.511594899999977, -30.386530499999935 ], [ -53.509672599999931, -30.384961899999951 ], [ -53.502327, -30.380419499999959 ], [ -53.501197199999979, -30.379583499999967 ], [ -53.499993, -30.377641299999937 ], [ -53.49985769999995, -30.376821799999959 ], [ -53.501105299999949, -30.370635 ], [ -53.493979199999956, -30.36578529999997 ], [ -53.493977399999949, -30.365518299999962 ], [ -53.490159, -30.365644199999963 ], [ -53.488806899999986, -30.365012899999954 ], [ -53.485240599999941, -30.362484099999961 ], [ -53.482758099999955, -30.360400499999969 ], [ -53.481773199999964, -30.359777799999961 ], [ -53.479148099999975, -30.359521099999938 ], [ -53.477592, -30.359697099999948 ], [ -53.471214699999962, -30.36121849999995 ], [ -53.471211499999981, -30.361816499999975 ], [ -53.471648699999946, -30.362537199999963 ], [ -53.472248399999955, -30.363022199999932 ], [ -53.47403769999994, -30.363776299999984 ], [ -53.474255, -30.364181299999984 ], [ -53.474064, -30.364884099999983 ], [ -53.473383899999931, -30.365421699999956 ], [ -53.472322599999984, -30.365283 ], [ -53.471881499999938, -30.36567 ], [ -53.470403399999952, -30.366223199999979 ], [ -53.469868399999939, -30.367050899999981 ], [ -53.469630299999949, -30.368572599999936 ], [ -53.469242699999938, -30.369659799999965 ], [ -53.468871299999932, -30.370048 ], [ -53.468332099999941, -30.370099899999957 ], [ -53.466772499999934, -30.368785599999967 ], [ -53.465616399999931, -30.368284699999947 ], [ -53.463630499999965, -30.36788329999996 ], [ -53.462815399999954, -30.36857 ], [ -53.462413899999945, -30.369132199999967 ], [ -53.461708, -30.36942149999993 ], [ -53.461755399999959, -30.369887099999971 ], [ -53.462156799999946, -30.37066909999993 ], [ -53.462687799999969, -30.370980599999939 ], [ -53.463834099999985, -30.371191 ], [ -53.464643099999932, -30.371643499999948 ], [ -53.464829899999984, -30.372107 ], [ -53.464563099999964, -30.37257859999994 ], [ -53.464518099999964, -30.374140699999941 ], [ -53.464055799999983, -30.375171699999953 ], [ -53.464176, -30.375837899999965 ], [ -53.46381249999996, -30.376488499999937 ], [ -53.462851899999976, -30.376915799999949 ], [ -53.461897099999931, -30.377633399999979 ], [ -53.459778399999948, -30.380927 ], [ -53.458428199999958, -30.381069399999944 ], [ -53.456866, -30.38098169999995 ], [ -53.455976499999963, -30.381523699999946 ], [ -53.454961699999956, -30.38253519999995 ], [ -53.454131599999982, -30.382699499999944 ], [ -53.453122499999949, -30.382482399999958 ], [ -53.452381399999979, -30.382715599999983 ], [ -53.45133629999998, -30.383930799999973 ], [ -53.450619899999936, -30.384410399999979 ], [ -53.449722299999962, -30.384348799999941 ], [ -53.447028799999941, -30.383748499999967 ], [ -53.445838499999979, -30.38393009999993 ], [ -53.444628699999953, -30.384623199999965 ], [ -53.444174799999985, -30.385230099999944 ], [ -53.443919899999969, -30.386138299999971 ], [ -53.443218799999954, -30.387202399999978 ], [ -53.442167599999948, -30.388185599999929 ], [ -53.441072599999984, -30.390248399999962 ], [ -53.440476, -30.390681499999971 ], [ -53.438958899999932, -30.391061 ], [ -53.438139299999932, -30.391543699999943 ], [ -53.43739869999996, -30.392762799999957 ], [ -53.436450899999954, -30.394726899999966 ], [ -53.436012199999936, -30.392488899999933 ], [ -53.43556609999996, -30.391897899999947 ], [ -53.434521099999984, -30.39177159999997 ], [ -53.432548899999972, -30.392013 ], [ -53.431260699999939, -30.391832399999942 ], [ -53.42960839999995, -30.390930399999945 ], [ -53.429464, -30.390698799999939 ], [ -53.428974599999947, -30.391306399999962 ], [ -53.427983599999948, -30.391908299999955 ], [ -53.425558899999942, -30.392298099999948 ], [ -53.425935699999968, -30.395659799999976 ], [ -53.42608649999994, -30.396041099999934 ], [ -53.426446399999975, -30.396585699999946 ], [ -53.42813069999994, -30.397373399999935 ], [ -53.428343899999959, -30.398287099999948 ], [ -53.428199799999959, -30.399631399999976 ], [ -53.42778119999997, -30.400749 ], [ -53.427597899999967, -30.40201639999998 ], [ -53.425815, -30.401525099999958 ], [ -53.425318899999979, -30.40112339999996 ], [ -53.425079399999959, -30.399901899999975 ], [ -53.424230499999965, -30.39916119999998 ], [ -53.422011899999973, -30.397916499999951 ], [ -53.418168599999944, -30.396049399999981 ], [ -53.41574479999997, -30.393467799999939 ], [ -53.414800899999932, -30.393133499999976 ], [ -53.413932799999941, -30.393180099999938 ], [ -53.413045, -30.393038099999956 ], [ -53.412344499999961, -30.392728199999965 ], [ -53.411962599999981, -30.392734599999983 ], [ -53.411904, -30.393143899999984 ], [ -53.411595899999952, -30.393324699999937 ], [ -53.411248499999942, -30.393302399999982 ], [ -53.410895399999958, -30.393017599999951 ], [ -53.410761799999932, -30.393252399999938 ], [ -53.41221349999995, -30.394452299999955 ], [ -53.412899799999934, -30.395577499999945 ], [ -53.412777299999959, -30.396221899999944 ], [ -53.412256799999966, -30.396947499999953 ], [ -53.412105, -30.397794699999963 ], [ -53.411437, -30.398829 ], [ -53.411174699999947, -30.399535 ], [ -53.411026199999981, -30.403302099999962 ], [ -53.411265399999934, -30.403838099999973 ], [ -53.411753, -30.403915199999972 ], [ -53.412179399999957, -30.404316699999981 ], [ -53.412480499999958, -30.405303 ], [ -53.41249369999997, -30.405885799999965 ], [ -53.415030199999933, -30.407385499999975 ], [ -53.415429, -30.408049399999982 ], [ -53.415224099999932, -30.408915299999933 ], [ -53.41397569999998, -30.411798 ], [ -53.413725599999964, -30.414281899999935 ], [ -53.413451, -30.415118699999937 ], [ -53.413484599999947, -30.417861799999969 ], [ -53.413114, -30.418394199999966 ], [ -53.41109, -30.419363799999928 ], [ -53.410634399999935, -30.420540599999981 ], [ -53.410437599999966, -30.421754799999974 ], [ -53.410757799999942, -30.423382499999946 ], [ -53.412672599999951, -30.429351699999984 ], [ -53.412302299999965, -30.429489 ], [ -53.412004299999978, -30.429882699999951 ], [ -53.411943, -30.430552599999942 ], [ -53.411644799999976, -30.430988699999943 ], [ -53.411565, -30.431204599999944 ], [ -53.410655, -30.431877 ], [ -53.409813299999939, -30.432186399999978 ], [ -53.408314899999937, -30.43191539999998 ], [ -53.407743499999981, -30.431943699999977 ], [ -53.407123799999965, -30.432389699999931 ], [ -53.40643369999998, -30.433271799999943 ], [ -53.405922499999974, -30.434243599999945 ], [ -53.405513399999961, -30.434859 ], [ -53.404136, -30.435296599999958 ], [ -53.40518609999998, -30.441849499999933 ], [ -53.409292, -30.468147099999953 ], [ -53.421869099999981, -30.509610499999951 ], [ -53.429152099999953, -30.54119019999996 ], [ -53.426869399999987, -30.542682 ], [ -53.424122199999942, -30.54323549999998 ], [ -53.42130149999997, -30.544563399999959 ], [ -53.41665329999995, -30.547374 ], [ -53.413606399999935, -30.551279499999964 ], [ -53.411881699999981, -30.553490699999941 ], [ -53.408887799999945, -30.558048399999961 ], [ -53.407328399999983, -30.562019199999952 ], [ -53.405220099999951, -30.565208 ], [ -53.403303599999958, -30.567677099999969 ], [ -53.39969439999993, -30.573328599999968 ], [ -53.397957199999951, -30.575755099999981 ], [ -53.395878799999934, -30.57923169999998 ], [ -53.394555699999955, -30.582445599999971 ], [ -53.393492399999957, -30.583433799999966 ], [ -53.387793699999975, -30.588729799999953 ], [ -53.387194799999975, -30.589286199999947 ], [ -53.38000779999993, -30.593726 ], [ -53.37734729999994, -30.596095499999933 ], [ -53.374266799999987, -30.598082199999965 ], [ -53.369915099999957, -30.601852299999962 ], [ -53.369118399999934, -30.60442269999993 ], [ -53.369658699999945, -30.604562399999963 ], [ -53.370600499999966, -30.605355299999928 ], [ -53.371365299999979, -30.606578499999955 ], [ -53.371345799999972, -30.607659 ], [ -53.370478299999945, -30.608932899999957 ], [ -53.365811899999983, -30.612069899999938 ], [ -53.366258099999982, -30.613376399999936 ], [ -53.367689899999959, -30.613544799999943 ], [ -53.368423599999971, -30.612505699999929 ], [ -53.369749699999943, -30.61209539999993 ], [ -53.371603099999959, -30.614495499999975 ], [ -53.372368799999947, -30.617535299999929 ], [ -53.371687799999961, -30.618011 ], [ -53.371187299999974, -30.619120699999939 ], [ -53.369552, -30.620079699999962 ], [ -53.369122799999957, -30.621284499999945 ], [ -53.36954609999998, -30.621626599999956 ], [ -53.371725699999956, -30.622319 ], [ -53.372227099999975, -30.623970299999939 ], [ -53.37299059999998, -30.62413179999993 ], [ -53.374511299999938, -30.624142799999959 ], [ -53.375995299999943, -30.624656799999968 ], [ -53.376491, -30.626076199999943 ], [ -53.375744299999951, -30.627523 ], [ -53.375548899999956, -30.628876 ], [ -53.373891, -30.629930499999944 ], [ -53.374598699999979, -30.630651899999975 ], [ -53.376720699999964, -30.630768499999931 ], [ -53.37857779999996, -30.631355599999949 ], [ -53.380023499999936, -30.631191099999967 ], [ -53.381187199999943, -30.631594399999983 ], [ -53.38247309999997, -30.631455299999971 ], [ -53.384573599999953, -30.632499899999971 ], [ -53.386366899999985, -30.632465899999943 ], [ -53.387656799999945, -30.631534 ], [ -53.388901399999952, -30.631511 ], [ -53.390291799999943, -30.633842799999968 ], [ -53.392253699999969, -30.634888399999966 ], [ -53.394521899999972, -30.635312099999965 ], [ -53.395657599999936, -30.635695299999952 ], [ -53.396408299999962, -30.636261599999955 ], [ -53.39548869999993, -30.638209199999949 ], [ -53.394355599999983, -30.639917699999955 ], [ -53.39426009999994, -30.640667699999938 ], [ -53.394697099999973, -30.642534199999943 ], [ -53.395663899999931, -30.644255199999975 ], [ -53.398461699999984, -30.645788899999957 ], [ -53.399051799999938, -30.649061299999971 ], [ -53.399496899999974, -30.649459299999933 ], [ -53.401329399999952, -30.64903929999997 ], [ -53.402887799999974, -30.64756 ], [ -53.403957099999957, -30.645356899999967 ], [ -53.404023, -30.644312699999944 ], [ -53.402867699999945, -30.643193399999973 ], [ -53.401249399999983, -30.643069599999933 ], [ -53.401672499999961, -30.641438099999959 ], [ -53.402350599999977, -30.64092439999996 ], [ -53.404898299999957, -30.641572899999971 ], [ -53.407508, -30.641813899999931 ], [ -53.409729199999958, -30.64022749999998 ], [ -53.41275909999996, -30.63997779999994 ], [ -53.414200499999936, -30.63863669999995 ], [ -53.416170799999975, -30.637305199999957 ], [ -53.415246199999956, -30.635276099999942 ], [ -53.41570489999998, -30.633412 ], [ -53.416162, -30.633210199999951 ], [ -53.416879199999983, -30.634317399999929 ], [ -53.417790199999956, -30.633914699999934 ], [ -53.41832439999996, -30.633207199999958 ], [ -53.420173199999965, -30.634352 ], [ -53.42019339999996, -30.635164799999984 ], [ -53.419844499999954, -30.635942499999942 ], [ -53.417542399999945, -30.637841799999933 ], [ -53.418756799999983, -30.639383299999963 ], [ -53.420162399999981, -30.640361 ], [ -53.421652299999948, -30.639096699999982 ], [ -53.423167599999942, -30.63899159999994 ], [ -53.424238, -30.639512299999978 ], [ -53.42575249999993, -30.638303099999973 ], [ -53.427221599999939, -30.638083199999983 ], [ -53.428649, -30.63624219999997 ], [ -53.429967, -30.635446099999967 ], [ -53.430921499999954, -30.637763899999982 ], [ -53.431958899999984, -30.638748899999939 ], [ -53.432837599999971, -30.637072299999943 ], [ -53.434506399999975, -30.635688699999946 ], [ -53.436313199999972, -30.635132799999951 ], [ -53.435785599999974, -30.637963699999943 ], [ -53.434802399999967, -30.639140099999963 ], [ -53.434241499999985, -30.640697199999977 ], [ -53.43518679999994, -30.642631599999959 ], [ -53.435017, -30.643135099999938 ], [ -53.434019899999953, -30.643812599999933 ], [ -53.432424, -30.64627889999997 ], [ -53.434364, -30.647420299999965 ], [ -53.436646199999984, -30.646604 ], [ -53.442238399999951, -30.642730599999936 ], [ -53.444027, -30.642464 ], [ -53.442876399999932, -30.640631699999972 ], [ -53.443062899999973, -30.638851099999954 ], [ -53.444419499999981, -30.637859299999946 ], [ -53.446090699999957, -30.639315899999929 ], [ -53.447478699999976, -30.641415299999949 ], [ -53.451193399999966, -30.644397699999956 ], [ -53.451873199999966, -30.64668439999997 ], [ -53.45303679999995, -30.647165499999971 ], [ -53.453497599999935, -30.645377899999971 ], [ -53.453724, -30.643326 ], [ -53.454807199999948, -30.64253309999998 ], [ -53.456389199999933, -30.642249299999946 ], [ -53.457571899999948, -30.643427799999984 ], [ -53.458143399999983, -30.642334199999937 ], [ -53.460052599999983, -30.641370699999982 ], [ -53.46090739999994, -30.640543499999978 ], [ -53.460207, -30.639300399999968 ], [ -53.460452299999986, -30.639093899999978 ] ] ] } },
{ "type": "Feature", "properties": { "id": 167, "CD_REGIAO": "4", "NM_REGIAO": "Sul", "CD_UF": "43", "NM_UF": "Rio Grande do Sul", "CD_MUN": "4302808", "NM_MUN": "Caçapava do Sul", "CD_DIST": "430280810", "NM_DIST": "Bom Jardim", "CD_SUBDIST": "43028081000", "NM_SUBDIST": null, "CD_RGINT": "4303", "NM_RGINT": "Santa Maria", "CD_RGI": "430012", "NM_RGI": "São Gabriel - Caçapava do Sul", "CD_CONCURB": null, "NM_CONCURB": null, "SIGLA": "RS" }, "geometry": { "type": "Polygon", "coordinates": [ [ [ -53.298471399999983, -30.646022899999934 ], [ -53.303022399999975, -30.643945799999983 ], [ -53.307114899999931, -30.641771299999959 ], [ -53.314083499999981, -30.635566599999947 ], [ -53.316801199999986, -30.633592 ], [ -53.31955709999994, -30.629877699999952 ], [ -53.322136199999932, -30.627536099999929 ], [ -53.325224099999957, -30.626429199999961 ], [ -53.326275, -30.626052199999947 ], [ -53.33412919999995, -30.622069799999963 ], [ -53.342120899999941, -30.621415899999931 ], [ -53.348058499999979, -30.620197499999961 ], [ -53.353457499999934, -30.617458 ], [ -53.358448399999986, -30.613753 ], [ -53.362481199999934, -30.611547599999938 ], [ -53.367556099999945, -30.609107299999948 ], [ -53.368880499999932, -30.604450399999962 ], [ -53.369118399999934, -30.60442269999993 ], [ -53.369915099999957, -30.601852299999962 ], [ -53.374266799999987, -30.598082199999965 ], [ -53.37734729999994, -30.596095499999933 ], [ -53.38000779999993, -30.593726 ], [ -53.387194799999975, -30.589286199999947 ], [ -53.387793699999975, -30.588729799999953 ], [ -53.393492399999957, -30.583433799999966 ], [ -53.394555699999955, -30.582445599999971 ], [ -53.395878799999934, -30.57923169999998 ], [ -53.397957199999951, -30.575755099999981 ], [ -53.39969439999993, -30.573328599999968 ], [ -53.403303599999958, -30.567677099999969 ], [ -53.405220099999951, -30.565208 ], [ -53.407328399999983, -30.562019199999952 ], [ -53.408887799999945, -30.558048399999961 ], [ -53.411881699999981, -30.553490699999941 ], [ -53.413606399999935, -30.551279499999964 ], [ -53.41665329999995, -30.547374 ], [ -53.42130149999997, -30.544563399999959 ], [ -53.424122199999942, -30.54323549999998 ], [ -53.426869399999987, -30.542682 ], [ -53.429152099999953, -30.54119019999996 ], [ -53.421869099999981, -30.509610499999951 ], [ -53.409292, -30.468147099999953 ], [ -53.40518609999998, -30.441849499999933 ], [ -53.404136, -30.435296599999958 ], [ -53.400318099999936, -30.444738799999982 ], [ -53.400536599999953, -30.445241599999974 ], [ -53.40074119999997, -30.446068599999933 ], [ -53.400790799999982, -30.447030199999972 ], [ -53.401216, -30.447941499999956 ], [ -53.401487499999973, -30.448822199999938 ], [ -53.40138289999993, -30.450204199999973 ], [ -53.401361, -30.450369699999953 ], [ -53.400754699999936, -30.451715799999931 ], [ -53.399793199999976, -30.452541699999983 ], [ -53.398770599999978, -30.453297499999962 ], [ -53.398647399999959, -30.45419789999994 ], [ -53.399174, -30.455128299999956 ], [ -53.400786599999947, -30.456955799999946 ], [ -53.401016799999979, -30.457375699999943 ], [ -53.400404899999955, -30.457571799999982 ], [ -53.40056119999997, -30.458384299999977 ], [ -53.40026169999993, -30.45882279999995 ], [ -53.399778099999935, -30.458762299999933 ], [ -53.398918399999957, -30.458861099999979 ], [ -53.398718599999938, -30.459376199999951 ], [ -53.398687399999972, -30.460439299999962 ], [ -53.399048799999946, -30.461333799999977 ], [ -53.399609, -30.461718499999961 ], [ -53.399726499999986, -30.462177299999951 ], [ -53.399472, -30.462667299999964 ], [ -53.398978199999931, -30.463123799999948 ], [ -53.399068599999964, -30.464053 ], [ -53.398818299999959, -30.464375099999984 ], [ -53.39868569999993, -30.464827599999978 ], [ -53.39809809999997, -30.465450899999951 ], [ -53.396257099999957, -30.465960099999961 ], [ -53.393965, -30.467187399999943 ], [ -53.393309899999963, -30.467349199999944 ], [ -53.391939899999954, -30.466725799999949 ], [ -53.391657699999939, -30.46651449999996 ], [ -53.391059599999949, -30.466325199999972 ], [ -53.389754099999948, -30.466083099999935 ], [ -53.388828, -30.465852 ], [ -53.388225399999953, -30.465609499999971 ], [ -53.387413199999969, -30.465736299999946 ], [ -53.387125, -30.466770699999984 ], [ -53.38702539999997, -30.467852299999947 ], [ -53.387594799999931, -30.468443499999978 ], [ -53.387726399999963, -30.469011099999932 ], [ -53.387700399999972, -30.469567299999937 ], [ -53.387598199999957, -30.470158099999935 ], [ -53.387533599999983, -30.470370399999979 ], [ -53.386757, -30.470893399999966 ], [ -53.385821499999963, -30.471391199999971 ], [ -53.385400499999946, -30.471888699999965 ], [ -53.384976299999948, -30.472389 ], [ -53.384789399999931, -30.473006699999928 ], [ -53.384638199999983, -30.47385369999995 ], [ -53.384479, -30.474157 ], [ -53.383992299999932, -30.474526699999956 ], [ -53.383646899999974, -30.474755799999969 ], [ -53.38294419999994, -30.475104199999976 ], [ -53.382475799999952, -30.47558 ], [ -53.382407899999976, -30.476303799999982 ], [ -53.382259099999942, -30.47716429999997 ], [ -53.382183699999985, -30.477322 ], [ -53.382073799999944, -30.477552 ], [ -53.381554899999969, -30.477972499999964 ], [ -53.381804499999987, -30.478680899999972 ], [ -53.381639899999982, -30.479353 ], [ -53.381059099999959, -30.479795799999977 ], [ -53.377926599999967, -30.480403299999978 ], [ -53.377549299999941, -30.480778599999951 ], [ -53.37667689999995, -30.480880799999966 ], [ -53.374873399999956, -30.480653899999936 ], [ -53.374441, -30.480856599999981 ], [ -53.374270899999942, -30.481400599999972 ], [ -53.373869199999945, -30.481666599999983 ], [ -53.372844499999985, -30.481814099999951 ], [ -53.372412899999972, -30.482037499999933 ], [ -53.371595699999943, -30.483768099999963 ], [ -53.37085529999996, -30.484066699999971 ], [ -53.368511399999932, -30.483826299999976 ], [ -53.367781899999954, -30.484050099999934 ], [ -53.366112099999953, -30.484561499999984 ], [ -53.364069, -30.485624899999948 ], [ -53.362883399999987, -30.485516299999972 ], [ -53.361619599999983, -30.486380599999961 ], [ -53.360610699999938, -30.486162799999931 ], [ -53.359926899999948, -30.486563499999932 ], [ -53.359121099999982, -30.486674099999959 ], [ -53.358654199999933, -30.486554599999977 ], [ -53.357301099999972, -30.483727299999941 ], [ -53.356746, -30.483089599999971 ], [ -53.354943599999956, -30.48191259999993 ], [ -53.353534399999944, -30.480501199999935 ], [ -53.352319899999941, -30.480197499999974 ], [ -53.351202599999965, -30.479700299999934 ], [ -53.34918689999995, -30.47820379999996 ], [ -53.345710699999984, -30.477390799999966 ], [ -53.345252399999936, -30.477550899999983 ], [ -53.343532299999936, -30.480909399999973 ], [ -53.342883499999971, -30.481211 ], [ -53.341703799999948, -30.48131879999994 ], [ -53.340513599999952, -30.480972699999938 ], [ -53.339604099999974, -30.480556799999931 ], [ -53.33887059999995, -30.479989299999943 ], [ -53.337915499999951, -30.479832899999963 ], [ -53.335245799999939, -30.47990139999996 ], [ -53.331819499999938, -30.47910909999996 ], [ -53.331539299999974, -30.47926549999994 ], [ -53.330797, -30.481505 ], [ -53.330272499999978, -30.482204899999942 ], [ -53.329425199999946, -30.482749 ], [ -53.327870799999971, -30.48327409999996 ], [ -53.326743399999941, -30.483484799999928 ], [ -53.326369199999931, -30.483991599999968 ], [ -53.327328, -30.486329099999978 ], [ -53.327226099999962, -30.487053799999956 ], [ -53.326619199999982, -30.487454699999944 ], [ -53.325799899999936, -30.487554199999977 ], [ -53.325149, -30.487242399999957 ], [ -53.324538099999984, -30.486410299999932 ], [ -53.324018199999955, -30.486138799999935 ], [ -53.323406299999931, -30.486367399999949 ], [ -53.322723899999971, -30.486832 ], [ -53.319977399999971, -30.487582599999939 ], [ -53.31946929999998, -30.487851499999977 ], [ -53.317988199999945, -30.489347399999929 ], [ -53.312428099999977, -30.489650099999949 ], [ -53.311669, -30.490074599999957 ], [ -53.31091639999994, -30.490886899999964 ], [ -53.31017849999995, -30.492284699999971 ], [ -53.309299799999962, -30.493248799999947 ], [ -53.306839699999955, -30.495139 ], [ -53.306347699999947, -30.496055499999954 ], [ -53.305665399999953, -30.49649919999996 ], [ -53.304204899999945, -30.496807099999955 ], [ -53.301807799999949, -30.496547199999952 ], [ -53.301035599999977, -30.496600799999953 ], [ -53.300286399999948, -30.496928699999955 ], [ -53.297593799999959, -30.499374 ], [ -53.296727099999941, -30.49966969999997 ], [ -53.295567399999982, -30.499562399999945 ], [ -53.294238399999983, -30.498808299999951 ], [ -53.292700699999955, -30.497396499999979 ], [ -53.291012199999955, -30.495526499999983 ], [ -53.290243399999952, -30.494525599999974 ], [ -53.289939199999935, -30.493094299999939 ], [ -53.289500199999964, -30.491869699999938 ], [ -53.287995399999943, -30.489109499999984 ], [ -53.286928499999931, -30.488016699999946 ], [ -53.286019799999963, -30.487642899999969 ], [ -53.28527, -30.487483599999962 ], [ -53.284553699999947, -30.487582499999974 ], [ -53.282830399999966, -30.488648199999943 ], [ -53.282115599999941, -30.488835499999936 ], [ -53.278173399999957, -30.487965899999949 ], [ -53.276645499999972, -30.487386399999934 ], [ -53.275272199999961, -30.485919399999943 ], [ -53.274751299999934, -30.485645899999952 ], [ -53.27400149999994, -30.485487499999977 ], [ -53.273275899999931, -30.485727 ], [ -53.272240299999964, -30.486609699999974 ], [ -53.270816599999932, -30.487152799999933 ], [ -53.268972, -30.487422099999947 ], [ -53.267503899999951, -30.487361599999929 ], [ -53.265952599999935, -30.487002 ], [ -53.264977599999952, -30.486594199999956 ], [ -53.262013499999966, -30.483946299999957 ], [ -53.261452499999962, -30.483069099999966 ], [ -53.260539499999936, -30.482460499999945 ], [ -53.259724399999982, -30.482271 ], [ -53.25771089999995, -30.482995599999981 ], [ -53.256682399999931, -30.482926599999928 ], [ -53.255976699999962, -30.482463399999972 ], [ -53.255550599999935, -30.481930599999941 ], [ -53.25465, -30.481752299999982 ], [ -53.253541499999983, -30.481663 ], [ -53.250636, -30.482155899999952 ], [ -53.250225299999954, -30.481929 ], [ -53.249873799999932, -30.48173479999997 ], [ -53.247292099999981, -30.481167899999946 ], [ -53.246228599999938, -30.48130969999994 ], [ -53.245537699999943, -30.481911 ], [ -53.245326199999965, -30.483260899999948 ], [ -53.244232699999941, -30.486211299999979 ], [ -53.243478299999936, -30.487203699999952 ], [ -53.242522899999983, -30.487910699999929 ], [ -53.240794599999958, -30.487554299999942 ], [ -53.239763899999957, -30.486962 ], [ -53.23925289999994, -30.485829699999954 ], [ -53.238564, -30.485350299999936 ], [ -53.236498199999971, -30.486202399999968 ], [ -53.235506199999975, -30.48640219999993 ], [ -53.231613899999957, -30.489972899999941 ], [ -53.230033399999968, -30.490815 ], [ -53.228651199999945, -30.490818599999955 ], [ -53.227520099999936, -30.490145299999938 ], [ -53.227066599999944, -30.489093 ], [ -53.226794499999983, -30.488691299999971 ], [ -53.2264, -30.488494399999979 ], [ -53.225815099999977, -30.488466799999969 ], [ -53.225243699999965, -30.488317599999959 ], [ -53.224896599999965, -30.488560799999959 ], [ -53.224611099999947, -30.488827299999969 ], [ -53.224514099999965, -30.489012199999934 ], [ -53.224426599999958, -30.489231399999937 ], [ -53.224327399999936, -30.489412799999968 ], [ -53.22425759999993, -30.489490299999943 ], [ -53.224169, -30.489555499999938 ], [ -53.224045299999943, -30.489595699999938 ], [ -53.223908599999959, -30.489617599999974 ], [ -53.223672499999964, -30.489594 ], [ -53.223428199999944, -30.489516099999946 ], [ -53.223175899999944, -30.489480299999968 ], [ -53.223036599999944, -30.489496199999962 ], [ -53.222968599999945, -30.48952289999994 ], [ -53.222911099999976, -30.489561299999934 ], [ -53.222828099999958, -30.489650299999937 ], [ -53.222781399999974, -30.489773199999945 ], [ -53.22272259999994, -30.490177699999947 ], [ -53.22275419999994, -30.490623 ], [ -53.222983599999964, -30.491178399999967 ], [ -53.223346, -30.491650099999958 ], [ -53.223462199999972, -30.492135599999983 ], [ -53.223484399999961, -30.492407599999979 ], [ -53.223434399999974, -30.492670799999928 ], [ -53.222842699999944, -30.493629399999975 ], [ -53.222552099999973, -30.493966499999942 ], [ -53.222196499999939, -30.49424879999998 ], [ -53.222132, -30.494293 ], [ -53.222048199999961, -30.494318199999952 ], [ -53.221883599999956, -30.49432319999994 ], [ -53.221414299999935, -30.494289199999969 ], [ -53.221307199999956, -30.494291199999964 ], [ -53.221214299999986, -30.494325499999945 ], [ -53.221135, -30.494376399999965 ], [ -53.221081, -30.494452899999942 ], [ -53.220893799999942, -30.494836799999973 ], [ -53.220757399999968, -30.495242799999971 ], [ -53.220523199999946, -30.496057699999938 ], [ -53.220402099999944, -30.496247099999948 ], [ -53.220202699999959, -30.496428399999957 ], [ -53.219415899999944, -30.49702659999997 ], [ -53.218974, -30.497313199999951 ], [ -53.218516699999952, -30.497574499999928 ], [ -53.218357199999957, -30.49774089999994 ], [ -53.218265, -30.497921799999972 ], [ -53.218252499999949, -30.498065499999939 ], [ -53.218292, -30.498208599999941 ], [ -53.218364899999983, -30.498335599999962 ], [ -53.218482699999981, -30.498438399999941 ], [ -53.219281799999976, -30.498883 ], [ -53.219951899999955, -30.499377399999958 ], [ -53.220141099999978, -30.499629899999945 ], [ -53.220190499999944, -30.499785899999949 ], [ -53.220206899999937, -30.499962 ], [ -53.220126599999958, -30.500394899999947 ], [ -53.220155899999952, -30.500697 ], [ -53.220587, -30.50176179999994 ], [ -53.220636399999933, -30.502113599999973 ], [ -53.220664499999941, -30.502195599999936 ], [ -53.220700099999931, -30.502261399999952 ], [ -53.220743399999947, -30.502304399999957 ], [ -53.220814099999984, -30.502336599999978 ], [ -53.221010799999931, -30.502377799999977 ], [ -53.221214299999986, -30.502403499999957 ], [ -53.221584499999949, -30.50240359999998 ], [ -53.221723699999984, -30.502424299999973 ], [ -53.221834699999931, -30.502465299999983 ], [ -53.222091699999964, -30.502624699999956 ], [ -53.222258899999986, -30.502726299999949 ], [ -53.22230019999995, -30.50275849999997 ], [ -53.222336899999959, -30.502797 ], [ -53.222361799999931, -30.502837799999952 ], [ -53.222373299999958, -30.502887199999975 ], [ -53.22237309999997, -30.503030899999942 ], [ -53.222338199999967, -30.503186699999958 ], [ -53.222213499999953, -30.503458199999955 ], [ -53.221849199999951, -30.503982599999972 ], [ -53.221546899999964, -30.504560099999935 ], [ -53.221265, -30.505684799999983 ], [ -53.221196599999985, -30.505924199999981 ], [ -53.221081, -30.506138499999963 ], [ -53.221042499999953, -30.506183 ], [ -53.220997199999942, -30.506216 ], [ -53.220895199999973, -30.506254 ], [ -53.220799599999964, -30.506266799999935 ], [ -53.220751499999949, -30.506259099999966 ], [ -53.220703499999956, -30.506240099999957 ], [ -53.220496399999945, -30.506112599999938 ], [ -53.220227299999976, -30.506022499999972 ], [ -53.220136099999934, -30.506017099999951 ], [ -53.220049099999983, -30.506034799999952 ], [ -53.21988, -30.506112599999938 ], [ -53.219639, -30.506315399999949 ], [ -53.219021199999986, -30.506932099999972 ], [ -53.218452, -30.507593699999973 ], [ -53.217516799999942, -30.508954499999959 ], [ -53.217218799999955, -30.509346699999981 ], [ -53.217028899999946, -30.509513599999934 ], [ -53.216835799999956, -30.509652699999947 ], [ -53.216695299999969, -30.509812699999941 ], [ -53.21660959999997, -30.509999299999947 ], [ -53.216523699999982, -30.510450899999967 ], [ -53.216592, -30.511616499999946 ], [ -53.216554299999984, -30.512776699999961 ], [ -53.216251599999964, -30.514164699999981 ], [ -53.216410699999983, -30.515213199999948 ], [ -53.21655149999998, -30.51574979999998 ], [ -53.216647599999931, -30.516010899999969 ], [ -53.216718399999934, -30.516275399999984 ], [ -53.216719799999964, -30.516405099999929 ], [ -53.216709799999933, -30.516472699999952 ], [ -53.216683399999965, -30.516529399999968 ], [ -53.216663299999936, -30.516554099999951 ], [ -53.216638199999977, -30.516576 ], [ -53.216580599999986, -30.516609 ], [ -53.216517599999975, -30.516638099999966 ], [ -53.216452299999958, -30.516647 ], [ -53.216407099999969, -30.516643099999953 ], [ -53.216368099999954, -30.516628099999934 ], [ -53.216290599999979, -30.51659079999996 ], [ -53.216209499999934, -30.516581 ], [ -53.216125799999986, -30.516585799999973 ], [ -53.216040899999939, -30.516604499999971 ], [ -53.21596059999996, -30.516641599999957 ], [ -53.215899499999978, -30.51668879999994 ], [ -53.215857099999937, -30.516749499999946 ], [ -53.215788, -30.517066799999952 ], [ -53.215724499999965, -30.517612899999961 ], [ -53.215623499999936, -30.518719099999942 ], [ -53.215625899999964, -30.519823899999949 ], [ -53.215768499999967, -30.520241899999974 ], [ -53.216023799999959, -30.520632899999953 ], [ -53.216586799999959, -30.52132169999993 ], [ -53.218473199999949, -30.522707399999945 ], [ -53.219533299999966, -30.523241399999961 ], [ -53.220672899999954, -30.523687399999972 ], [ -53.221076499999981, -30.523737099999948 ], [ -53.221435399999962, -30.523689899999965 ], [ -53.221751, -30.523721 ], [ -53.22189359999993, -30.523754799999949 ], [ -53.222011899999984, -30.523824099999956 ], [ -53.222152899999969, -30.523962899999958 ], [ -53.222315499999979, -30.524067899999977 ], [ -53.22255169999994, -30.52414779999998 ], [ -53.222795, -30.524190699999963 ], [ -53.222884299999976, -30.524201299999959 ], [ -53.222976299999971, -30.52419029999993 ], [ -53.223062899999945, -30.524160499999937 ], [ -53.223138499999948, -30.524108699999942 ], [ -53.223378799999978, -30.523864 ], [ -53.223594299999945, -30.523734599999955 ], [ -53.223984299999984, -30.523588399999937 ], [ -53.224441099999979, -30.523483299999953 ], [ -53.225301499999944, -30.523326399999974 ], [ -53.226061799999968, -30.523345499999948 ], [ -53.226252599999953, -30.523320199999944 ], [ -53.226440899999943, -30.523252099999979 ], [ -53.226618799999983, -30.523144399999978 ], [ -53.22676389999998, -30.522979599999928 ], [ -53.226903399999969, -30.522680299999934 ], [ -53.227026199999955, -30.522359299999948 ], [ -53.227206199999955, -30.522056699999951 ], [ -53.227433899999937, -30.521796399999971 ], [ -53.227615899999932, -30.521657799999957 ], [ -53.227899899999954, -30.521523899999977 ], [ -53.228656399999977, -30.521269899999936 ], [ -53.229466299999956, -30.521112099999982 ], [ -53.22977039999995, -30.520966199999975 ], [ -53.229988399999968, -30.520749499999965 ], [ -53.230140699999936, -30.520401399999969 ], [ -53.230282599999953, -30.520227499999976 ], [ -53.230445299999985, -30.520100499999955 ], [ -53.230672299999981, -30.519991799999957 ], [ -53.23088759999996, -30.51992649999994 ], [ -53.231082, -30.519881299999952 ], [ -53.231283799999972, -30.519878299999959 ], [ -53.231479, -30.519937399999947 ], [ -53.231656199999975, -30.520035199999938 ], [ -53.231993399999965, -30.520274499999971 ], [ -53.232385, -30.520441299999959 ], [ -53.233409399999971, -30.52071449999994 ], [ -53.233744599999966, -30.520861899999943 ], [ -53.234035199999937, -30.521102199999973 ], [ -53.234284899999977, -30.521402099999932 ], [ -53.234467099999961, -30.521742 ], [ -53.234674499999983, -30.522697299999948 ], [ -53.23499419999996, -30.523210799999958 ], [ -53.235053499999935, -30.523399899999959 ], [ -53.235079199999973, -30.523633 ], [ -53.235062599999935, -30.523769699999946 ], [ -53.235007799999948, -30.523867199999984 ], [ -53.234953399999938, -30.523928 ], [ -53.234892199999933, -30.523965499999974 ], [ -53.234816499999965, -30.523991 ], [ -53.234784299999944, -30.524008599999945 ], [ -53.234756199999936, -30.524030399999958 ], [ -53.234726699999953, -30.524074399999961 ], [ -53.234714499999939, -30.524128599999983 ], [ -53.234711899999979, -30.524238299999979 ], [ -53.234790199999964, -30.52455759999998 ], [ -53.235269699999947, -30.525381 ], [ -53.235970299999963, -30.526353299999982 ], [ -53.236539599999958, -30.526725599999963 ], [ -53.23758909999998, -30.527190299999972 ], [ -53.238410399999964, -30.527456199999961 ], [ -53.238824699999952, -30.527581 ], [ -53.239176899999961, -30.527661499999965 ], [ -53.239294199999961, -30.527683299999978 ], [ -53.239349, -30.527684499999964 ], [ -53.239392599999974, -30.527675599999952 ], [ -53.239435799999967, -30.52765919999996 ], [ -53.239574499999947, -30.527585599999952 ], [ -53.239714699999979, -30.527523199999962 ], [ -53.239788399999952, -30.527509399999929 ], [ -53.239895, -30.527503199999956 ], [ -53.240016, -30.527517599999953 ], [ -53.240156799999966, -30.527564 ], [ -53.240432299999952, -30.52772049999993 ], [ -53.240758799999981, -30.527782099999968 ], [ -53.241001, -30.527854599999955 ], [ -53.241228099999944, -30.52796189999998 ], [ -53.241301899999939, -30.528030399999977 ], [ -53.24135949999993, -30.528117799999961 ], [ -53.241414299999974, -30.528293299999973 ], [ -53.241449199999977, -30.52849249999997 ], [ -53.241497699999968, -30.528587 ], [ -53.24153, -30.528623599999946 ], [ -53.241573399999936, -30.528654399999937 ], [ -53.241699899999958, -30.52869979999997 ], [ -53.241812699999969, -30.528752299999951 ], [ -53.241889299999968, -30.528829899999948 ], [ -53.241942299999948, -30.528931599999964 ], [ -53.242039799999986, -30.529491599999972 ], [ -53.242204299999969, -30.530010399999981 ], [ -53.24241319999993, -30.530303699999934 ], [ -53.24273, -30.530518 ], [ -53.243160099999955, -30.530717099999947 ], [ -53.243375799999967, -30.530827199999976 ], [ -53.243542199999979, -30.530974799999967 ], [ -53.243809099999964, -30.531453099999965 ], [ -53.243941, -30.531961 ], [ -53.243948699999976, -30.532186799999977 ], [ -53.243881599999952, -30.532417499999951 ], [ -53.243629199999987, -30.532736899999975 ], [ -53.243330499999956, -30.533012099999951 ], [ -53.242998299999954, -30.533208299999956 ], [ -53.241813099999945, -30.533709499999929 ], [ -53.241044499999987, -30.534264299999961 ], [ -53.238602599999979, -30.535369199999934 ], [ -53.236337599999956, -30.53668579999993 ], [ -53.234031799999968, -30.538049099999967 ], [ -53.233063899999934, -30.539045599999952 ], [ -53.232636499999956, -30.539366099999938 ], [ -53.232338099999936, -30.539651399999968 ], [ -53.232230499999957, -30.539704699999959 ], [ -53.232107199999973, -30.539739599999962 ], [ -53.231867399999942, -30.539778 ], [ -53.231648499999949, -30.539781299999959 ], [ -53.231447, -30.539756399999931 ], [ -53.231222499999944, -30.539801199999943 ], [ -53.231011799999976, -30.539894 ], [ -53.230814599999974, -30.540031499999941 ], [ -53.230651199999954, -30.540195499999982 ], [ -53.230191399999967, -30.540703699999938 ], [ -53.229767, -30.541246 ], [ -53.229584599999953, -30.541378399999928 ], [ -53.229386099999942, -30.541487899999936 ], [ -53.229203899999959, -30.541520699999978 ], [ -53.229017699999986, -30.541525599999943 ], [ -53.228569799999946, -30.541490899999928 ], [ -53.228422599999931, -30.541497099999958 ], [ -53.228285299999982, -30.541525599999943 ], [ -53.228025699999932, -30.541664699999956 ], [ -53.227709199999936, -30.541934499999968 ], [ -53.227304699999934, -30.542347899999982 ], [ -53.227246, -30.542455199999949 ], [ -53.227219299999945, -30.542577 ], [ -53.227220699999975, -30.542692699999975 ], [ -53.22725029999998, -30.542807499999981 ], [ -53.227359299999932, -30.543187799999941 ], [ -53.227487199999985, -30.543557399999941 ], [ -53.227828399999964, -30.544273899999951 ], [ -53.22864839999994, -30.545679 ], [ -53.229236399999934, -30.547340499999962 ], [ -53.229644499999949, -30.548249 ], [ -53.230243099999939, -30.549136199999964 ], [ -53.230474699999945, -30.549394799999959 ], [ -53.230622499999981, -30.549499499999968 ], [ -53.230772499999944, -30.549581899999964 ], [ -53.230930699999931, -30.549613699999952 ], [ -53.231087499999944, -30.549616 ], [ -53.231237, -30.549648099999956 ], [ -53.23137429999997, -30.549705099999983 ], [ -53.231551599999932, -30.549869799999954 ], [ -53.231678899999963, -30.550075 ], [ -53.231761799999958, -30.550294 ], [ -53.231780299999969, -30.550523799999951 ], [ -53.231777299999976, -30.551136499999984 ], [ -53.231725899999958, -30.551761699999929 ], [ -53.231902799999943, -30.552275699999939 ], [ -53.233140699999979, -30.553853699999934 ], [ -53.233372, -30.554809 ], [ -53.233267399999932, -30.555802699999958 ], [ -53.233099899999957, -30.556764899999962 ], [ -53.233121499999982, -30.557215399999961 ], [ -53.23316589999996, -30.557434299999954 ], [ -53.233252499999935, -30.557623599999943 ], [ -53.233701599999961, -30.55804569999998 ], [ -53.234106599999961, -30.558522799999935 ], [ -53.234172899999976, -30.55874179999995 ], [ -53.234166099999982, -30.55897959999993 ], [ -53.234038599999963, -30.559417699999983 ], [ -53.233600499999966, -30.560589399999969 ], [ -53.232744899999943, -30.561793199999954 ], [ -53.232436199999938, -30.563205 ], [ -53.231753099999935, -30.564723099999981 ], [ -53.231171299999971, -30.565331799999967 ], [ -53.230488, -30.565841599999942 ], [ -53.229840199999956, -30.566167199999938 ], [ -53.22948219999995, -30.56625379999997 ], [ -53.229144499999961, -30.566383299999984 ], [ -53.229024399999957, -30.566451799999982 ], [ -53.228973699999983, -30.566493099999946 ], [ -53.228937099999939, -30.566546 ], [ -53.228914799999984, -30.566638099999977 ], [ -53.22892109999998, -30.566733699999929 ], [ -53.22891089999996, -30.566797299999962 ], [ -53.228883, -30.566868299999953 ], [ -53.228835099999969, -30.566936699999928 ], [ -53.22874349999995, -30.56702649999994 ], [ -53.228633299999956, -30.567097599999954 ], [ -53.228538599999979, -30.567142499999932 ], [ -53.22848689999995, -30.567153399999938 ], [ -53.228433799999948, -30.567154399999936 ], [ -53.22837549999997, -30.567138899999975 ], [ -53.228322899999966, -30.567115299999955 ], [ -53.228278899999964, -30.567079099999944 ], [ -53.228238099999942, -30.567054 ], [ -53.22819549999997, -30.567042399999934 ], [ -53.228148799999985, -30.567037399999947 ], [ -53.228052899999966, -30.567045499999949 ], [ -53.227988399999958, -30.567066899999929 ], [ -53.227933099999973, -30.567097199999978 ], [ -53.22789279999995, -30.567140299999949 ], [ -53.227861099999984, -30.567188199999975 ], [ -53.227804399999968, -30.56728389999995 ], [ -53.227780799999948, -30.567389499999933 ], [ -53.227824799999951, -30.567786399999932 ], [ -53.227814799999976, -30.568276699999956 ], [ -53.22750869999993, -30.56943 ], [ -53.227467899999965, -30.569943099999932 ], [ -53.227531099999965, -30.570317199999977 ], [ -53.227603199999976, -30.570501699999966 ], [ -53.227697899999953, -30.570650699999931 ], [ -53.227849699999979, -30.570791799999938 ], [ -53.228017, -30.570882799999936 ], [ -53.228212299999939, -30.570958599999983 ], [ -53.22842019999996, -30.570994499999983 ], [ -53.228817799999945, -30.57096219999994 ], [ -53.229202399999963, -30.570875 ], [ -53.22993729999996, -30.570909899999947 ], [ -53.23172969999996, -30.571499099999983 ], [ -53.233535299999971, -30.572253299999943 ], [ -53.234343299999978, -30.572840299999939 ], [ -53.235104699999965, -30.573144899999932 ], [ -53.235771899999975, -30.573304399999984 ], [ -53.23624, -30.573341 ], [ -53.236739899999975, -30.573311599999954 ], [ -53.237235399999975, -30.573167199999943 ], [ -53.238502399999959, -30.572391099999948 ], [ -53.239756899999975, -30.571818199999939 ], [ -53.240246, -30.571495199999958 ], [ -53.240724799999953, -30.571085899999957 ], [ -53.240909899999963, -30.570893599999977 ], [ -53.241073099999937, -30.570527499999969 ], [ -53.241132399999969, -30.570431 ], [ -53.24122529999994, -30.57034619999996 ], [ -53.241357199999982, -30.570289599999967 ], [ -53.24149, -30.57027729999993 ], [ -53.241808599999956, -30.570289599999967 ], [ -53.242505199999982, -30.570106899999928 ], [ -53.242772199999933, -30.569956699999977 ], [ -53.242907199999934, -30.569874499999969 ], [ -53.24294569999995, -30.569827799999928 ], [ -53.242972899999984, -30.569773299999952 ], [ -53.243019599999968, -30.569579 ], [ -53.243092599999954, -30.569399899999951 ], [ -53.243202699999983, -30.569263599999942 ], [ -53.243360899999971, -30.569153299999982 ], [ -53.243529, -30.569090399999936 ], [ -53.243704, -30.569079299999942 ], [ -53.243789199999981, -30.569097699999929 ], [ -53.243893799999967, -30.569142399999976 ], [ -53.244089599999938, -30.569276599999966 ], [ -53.244425, -30.569630299999972 ], [ -53.244789799999978, -30.569867199999976 ], [ -53.244978599999968, -30.569958 ], [ -53.245173299999976, -30.57001589999993 ], [ -53.245457199999976, -30.570010599999932 ], [ -53.245760599999983, -30.569970599999976 ], [ -53.245952199999977, -30.569990699999948 ], [ -53.246145899999931, -30.570031599999936 ], [ -53.246297699999957, -30.570085099999972 ], [ -53.246608399999957, -30.57031429999995 ], [ -53.246700099999941, -30.570396899999935 ], [ -53.246716899999967, -30.570428799999945 ], [ -53.246721399999956, -30.570467299999962 ], [ -53.24671189999998, -30.570507599999928 ], [ -53.246692899999971, -30.570542 ], [ -53.246586799999932, -30.570672599999966 ], [ -53.246493499999985, -30.570806599999969 ], [ -53.246479399999942, -30.570847499999957 ], [ -53.24648209999998, -30.570891499999959 ], [ -53.246506399999987, -30.570956599999931 ], [ -53.246602199999984, -30.571085799999935 ], [ -53.246775799999966, -30.571210099999973 ], [ -53.246924899999954, -30.571350499999937 ], [ -53.246968, -30.571420799999942 ], [ -53.246980199999939, -30.571471599999938 ], [ -53.246982499999945, -30.571528 ], [ -53.246967499999982, -30.571576799999946 ], [ -53.246947099999943, -30.57162029999995 ], [ -53.246888699999943, -30.571680399999934 ], [ -53.246830199999977, -30.571724499999959 ], [ -53.246767699999964, -30.571759799999938 ], [ -53.246624, -30.571789199999955 ], [ -53.246599699999933, -30.571798799999954 ], [ -53.246582699999976, -30.571812399999942 ], [ -53.246569399999942, -30.57183189999995 ], [ -53.246562399999959, -30.571854499999972 ], [ -53.246560499999987, -30.571878099999935 ], [ -53.246563699999967, -30.571903099999929 ], [ -53.24658119999998, -30.571946699999955 ], [ -53.246708499999954, -30.572113099999967 ], [ -53.246829299999945, -30.572289199999943 ], [ -53.247043699999949, -30.572657099999958 ], [ -53.247390399999972, -30.57297449999993 ], [ -53.247563299999968, -30.573155099999951 ], [ -53.247717099999932, -30.57333049999994 ], [ -53.247766499999955, -30.573373299999957 ], [ -53.247794399999975, -30.573383 ], [ -53.247824099999946, -30.573384499999975 ], [ -53.247991299999967, -30.573368699999946 ], [ -53.248024599999951, -30.573369 ], [ -53.248059799999965, -30.573377199999982 ], [ -53.248086699999931, -30.573395299999959 ], [ -53.248111899999969, -30.573420399999975 ], [ -53.248161299999936, -30.573511399999973 ], [ -53.248185299999932, -30.57361979999996 ], [ -53.248197499999947, -30.573739799999942 ], [ -53.248261299999967, -30.57392219999997 ], [ -53.248326, -30.574010299999941 ], [ -53.248389699999962, -30.574080599999945 ], [ -53.248472899999967, -30.574121799999944 ], [ -53.248567399999956, -30.574150499999973 ], [ -53.248681299999987, -30.574177 ], [ -53.248799399999939, -30.574185799999952 ], [ -53.24899019999998, -30.574141 ], [ -53.249186299999963, -30.574133099999983 ], [ -53.249448399999949, -30.57417849999996 ], [ -53.249577599999952, -30.574238899999955 ], [ -53.249632199999951, -30.574284 ], [ -53.249673, -30.574345599999958 ], [ -53.249720799999977, -30.574529 ], [ -53.249705799999958, -30.574765899999932 ], [ -53.249628299999983, -30.574938699999961 ], [ -53.249526399999979, -30.575085399999978 ], [ -53.249407199999951, -30.575201499999935 ], [ -53.249278, -30.575288 ], [ -53.249068199999954, -30.575355599999966 ], [ -53.248881399999959, -30.575382799999943 ], [ -53.248831499999937, -30.575377599999968 ], [ -53.248784699999931, -30.575359899999967 ], [ -53.248698299999944, -30.575308499999949 ], [ -53.248603599999967, -30.575248099999953 ], [ -53.248557699999935, -30.575235199999952 ], [ -53.248510899999985, -30.575234799999976 ], [ -53.248417299999971, -30.575243199999932 ], [ -53.248222899999973, -30.57527349999998 ], [ -53.248096499999974, -30.575315699999976 ], [ -53.247998099999961, -30.575382299999944 ], [ -53.24793509999995, -30.575455299999931 ], [ -53.247900799999968, -30.57553809999996 ], [ -53.247873499999969, -30.575660199999959 ], [ -53.24787189999995, -30.575724299999933 ], [ -53.247885699999983, -30.575784699999929 ], [ -53.248002199999974, -30.57594389999997 ], [ -53.248043199999984, -30.576014799999939 ], [ -53.248077899999942, -30.576092899999935 ], [ -53.248076499999968, -30.576168699999982 ], [ -53.248065, -30.576200899999947 ], [ -53.248050399999954, -30.57622809999998 ], [ -53.24799859999996, -30.576272 ], [ -53.24793649999998, -30.576303199999984 ], [ -53.247765199999947, -30.576338399999941 ], [ -53.247595699999977, -30.576382899999942 ], [ -53.247431499999948, -30.576459299999954 ], [ -53.247273, -30.57659689999997 ], [ -53.247116199999937, -30.576859599999977 ], [ -53.246982899999978, -30.577126199999952 ], [ -53.246954399999936, -30.577210199999968 ], [ -53.246948499999974, -30.577293 ], [ -53.246958, -30.577353399999936 ], [ -53.246990199999971, -30.577401799999961 ], [ -53.24706679999997, -30.577474799999948 ], [ -53.247111599999982, -30.577502699999968 ], [ -53.247153299999979, -30.57753589999993 ], [ -53.247191899999962, -30.577601699999946 ], [ -53.24721379999994, -30.57769049999996 ], [ -53.24719, -30.577848299999971 ], [ -53.247149699999966, -30.577992699999982 ], [ -53.247139, -30.578336699999966 ], [ -53.247327799999937, -30.579047499999945 ], [ -53.247465499999976, -30.579744699999935 ], [ -53.247490499999969, -30.579994099999965 ], [ -53.24745189999993, -30.580272199999968 ], [ -53.247189599999956, -30.580896899999971 ], [ -53.246863299999973, -30.581477 ], [ -53.246573199999943, -30.581973799999957 ], [ -53.246241099999963, -30.582408 ], [ -53.24593509999994, -30.582688 ], [ -53.245594899999958, -30.582893899999931 ], [ -53.244554299999947, -30.583292299999982 ], [ -53.243363899999963, -30.583764599999938 ], [ -53.243012799999974, -30.58380829999993 ], [ -53.242691899999954, -30.583796 ], [ -53.242363799999964, -30.583793799999967 ], [ -53.242271799999969, -30.583808 ], [ -53.242230599999971, -30.583827699999972 ], [ -53.242200799999978, -30.58385 ], [ -53.242151199999967, -30.583905 ], [ -53.242120899999975, -30.583971499999961 ], [ -53.242085199999963, -30.584131899999932 ], [ -53.242055599999958, -30.584403 ], [ -53.242092, -30.584666199999958 ], [ -53.242229699999939, -30.584950399999968 ], [ -53.242438899999968, -30.58516579999997 ], [ -53.243288399999983, -30.585690099999965 ], [ -53.244078099999967, -30.586366699999928 ], [ -53.244289, -30.586748799999953 ], [ -53.244370599999968, -30.587165499999969 ], [ -53.244368799999961, -30.587959799999965 ], [ -53.244200599999942, -30.588733799999943 ], [ -53.244006199999944, -30.589134499999943 ], [ -53.243690399999934, -30.589437299999929 ], [ -53.24334639999995, -30.589685599999939 ], [ -53.242976199999987, -30.589862899999957 ], [ -53.242105899999956, -30.590027 ], [ -53.241255299999978, -30.590253599999983 ], [ -53.239752099999976, -30.590896799999939 ], [ -53.238922299999956, -30.591617799999938 ], [ -53.238575399999945, -30.592185299999983 ], [ -53.238487, -30.592801299999962 ], [ -53.238820299999986, -30.593899399999941 ], [ -53.239493699999969, -30.594896299999959 ], [ -53.239983399999971, -30.59613719999993 ], [ -53.240146599999946, -30.597236099999975 ], [ -53.239706199999944, -30.597314 ], [ -53.239316799999983, -30.597449899999958 ], [ -53.238937499999963, -30.59772739999994 ], [ -53.238527799999986, -30.597916299999952 ], [ -53.237748299999964, -30.59805369999998 ], [ -53.236949799999934, -30.598123299999941 ], [ -53.235453299999961, -30.598569299999951 ], [ -53.234949299999982, -30.598829599999931 ], [ -53.234501099999932, -30.599143599999934 ], [ -53.234028399999943, -30.599736 ], [ -53.233671299999969, -30.600405799999976 ], [ -53.233513499999958, -30.600809199999958 ], [ -53.23344, -30.601197799999966 ], [ -53.233499, -30.601701099999957 ], [ -53.233572899999956, -30.601899299999957 ], [ -53.233698499999946, -30.602079099999969 ], [ -53.234062299999948, -30.602386899999942 ], [ -53.234456199999954, -30.602658299999973 ], [ -53.23534449999994, -30.603088699999944 ], [ -53.237194599999953, -30.603697899999929 ], [ -53.238582199999939, -30.604340299999933 ], [ -53.239133299999935, -30.604746699999964 ], [ -53.239588899999944, -30.605262299999936 ], [ -53.239829399999962, -30.605827099999942 ], [ -53.239942599999949, -30.606489599999975 ], [ -53.239778699999931, -30.607183199999952 ], [ -53.239507299999957, -30.607779 ], [ -53.239118799999972, -30.608314399999983 ], [ -53.238704599999949, -30.608747899999969 ], [ -53.238205099999959, -30.609068499999978 ], [ -53.237670799999933, -30.609275399999945 ], [ -53.237204499999962, -30.609402099999954 ], [ -53.236691299999961, -30.609468899999968 ], [ -53.236218299999962, -30.609394799999961 ], [ -53.235807, -30.609275399999945 ], [ -53.23532629999994, -30.609061299999951 ], [ -53.234936399999981, -30.608788699999934 ], [ -53.234499699999958, -30.608162099999959 ], [ -53.233671299999969, -30.606693699999937 ], [ -53.233252499999935, -30.606182499999932 ], [ -53.233038099999931, -30.605992699999945 ], [ -53.232787, -30.605847299999937 ], [ -53.232393199999933, -30.605754599999955 ], [ -53.231970799999942, -30.605727799999954 ], [ -53.231552, -30.605809 ], [ -53.231361199999981, -30.60589479999993 ], [ -53.231195399999933, -30.606010499999968 ], [ -53.230961, -30.606316599999957 ], [ -53.23082809999994, -30.606693699999937 ], [ -53.230816, -30.607157799999982 ], [ -53.230868899999962, -30.607629399999951 ], [ -53.231168199999956, -30.608761499999957 ], [ -53.232290799999987, -30.611143899999945 ], [ -53.232651, -30.612271199999952 ], [ -53.232623799999942, -30.613315799999953 ], [ -53.232501899999932, -30.613785499999949 ], [ -53.232412699999941, -30.613945599999965 ], [ -53.232297299999971, -30.614080499999943 ], [ -53.23199429999994, -30.614260499999943 ], [ -53.231685099999936, -30.61436329999998 ], [ -53.231396099999984, -30.614401899999962 ], [ -53.231250599999953, -30.614388899999938 ], [ -53.23111369999998, -30.614352599999961 ], [ -53.230884899999978, -30.614217 ], [ -53.230705599999965, -30.614009599999974 ], [ -53.230297499999949, -30.613345899999956 ], [ -53.230036, -30.612115599999981 ], [ -53.229685299999971, -30.610883699999931 ], [ -53.229416499999957, -30.610366499999941 ], [ -53.229285499999946, -30.610161299999959 ], [ -53.229135699999972, -30.609979199999941 ], [ -53.228948299999956, -30.609853099999953 ], [ -53.228742099999977, -30.609771899999942 ], [ -53.228311399999939, -30.609672899999964 ], [ -53.227806699999974, -30.609677599999941 ], [ -53.227386199999955, -30.609800199999938 ], [ -53.22707429999997, -30.610003899999981 ], [ -53.226842199999965, -30.610325899999964 ], [ -53.226571099999944, -30.610969399999931 ], [ -53.226515699999936, -30.61189029999997 ], [ -53.226801399999943, -30.61405039999994 ], [ -53.226638099999946, -30.614964799999939 ], [ -53.226202799999953, -30.615682799999945 ], [ -53.22401259999998, -30.617359099999931 ], [ -53.222897499999931, -30.61814 ], [ -53.221659099999954, -30.618539599999963 ], [ -53.221117299999946, -30.618538799999953 ], [ -53.220598, -30.61844739999998 ], [ -53.219552299999975, -30.618165 ], [ -53.21851769999995, -30.617835399999933 ], [ -53.216503299999943, -30.617029599999967 ], [ -53.215428599999939, -30.616434 ], [ -53.215000699999962, -30.616073299999982 ], [ -53.214694, -30.615587599999969 ], [ -53.214471399999979, -30.615029099999958 ], [ -53.214449099999968, -30.614284599999962 ], [ -53.214630899999975, -30.613535399999932 ], [ -53.214672199999939, -30.613165199999969 ], [ -53.214626, -30.61279879999995 ], [ -53.214534399999934, -30.612530699999979 ], [ -53.214362599999959, -30.612317099999984 ], [ -53.214225799999952, -30.612240399999962 ], [ -53.214077599999939, -30.612186299999962 ], [ -53.213782599999945, -30.612135199999955 ], [ -53.21347929999996, -30.612110099999938 ], [ -53.213195199999973, -30.612150299999939 ], [ -53.212935499999958, -30.61228049999994 ], [ -53.212707899999941, -30.612445099999945 ], [ -53.212245199999984, -30.612803 ], [ -53.211864399999968, -30.613291499999946 ], [ -53.211401799999976, -30.614296399999944 ], [ -53.21088489999994, -30.615277699999979 ], [ -53.210642699999937, -30.615507699999966 ], [ -53.210495399999957, -30.615579899999943 ], [ -53.210340799999983, -30.615628399999935 ], [ -53.21013819999996, -30.615637899999967 ], [ -53.209939299999974, -30.615616499999931 ], [ -53.209752099999946, -30.615552699999967 ], [ -53.209565399999974, -30.61552249999994 ], [ -53.209148899999946, -30.615562099999977 ], [ -53.208947199999955, -30.615614299999947 ], [ -53.208762799999931, -30.615696399999933 ], [ -53.208622699999978, -30.615801099999942 ], [ -53.208528899999976, -30.615942799999971 ], [ -53.20849039999996, -30.616085699999928 ], [ -53.208477099999982, -30.616243499999939 ], [ -53.208499899999936, -30.616559199999983 ], [ -53.208599499999934, -30.616825499999948 ], [ -53.208974899999987, -30.617248099999983 ], [ -53.209361299999955, -30.617563099999984 ], [ -53.210392, -30.618114299999945 ], [ -53.211483499999986, -30.618594 ], [ -53.215523799999971, -30.620920299999966 ], [ -53.217482799999971, -30.622283599999946 ], [ -53.218470499999967, -30.623096299999929 ], [ -53.21936009999996, -30.623940299999958 ], [ -53.219618599999933, -30.624378599999943 ], [ -53.219700199999977, -30.625001399999974 ], [ -53.219594499999971, -30.625482 ], [ -53.219414499999971, -30.625902199999928 ], [ -53.218815899999981, -30.626552199999935 ], [ -53.21793, -30.627247299999965 ], [ -53.216965799999969, -30.627806699999951 ], [ -53.215834, -30.628219199999933 ], [ -53.21470759999994, -30.628511199999934 ], [ -53.213047899999935, -30.628677399999958 ], [ -53.211784799999975, -30.628505799999971 ], [ -53.210531299999957, -30.628484 ], [ -53.209014699999955, -30.62877409999993 ], [ -53.206695, -30.629640299999949 ], [ -53.204431399999976, -30.630231299999934 ], [ -53.202517, -30.630847699999947 ], [ -53.201292, -30.631348399999979 ], [ -53.200573299999974, -30.631789699999956 ], [ -53.200124499999959, -30.632182299999954 ], [ -53.199982699999964, -30.632443 ], [ -53.199906699999985, -30.632744899999977 ], [ -53.19992469999994, -30.63308109999997 ], [ -53.200008499999967, -30.63337869999998 ], [ -53.200185699999963, -30.633632199999965 ], [ -53.200382799999943, -30.633857399999954 ], [ -53.201030099999969, -30.634435099999962 ], [ -53.20169809999993, -30.634974 ], [ -53.20313079999994, -30.635928199999967 ], [ -53.203431199999955, -30.636301 ], [ -53.203552499999944, -30.636755 ], [ -53.203344199999947, -30.637838299999942 ], [ -53.202954, -30.638839399999938 ], [ -53.202771299999938, -30.639136299999961 ], [ -53.202662099999941, -30.639253799999949 ], [ -53.202532199999951, -30.639353399999948 ], [ -53.20223059999995, -30.639476799999954 ], [ -53.201922899999943, -30.639556899999945 ], [ -53.201234, -30.639622199999963 ], [ -53.199695799999972, -30.639677799999959 ], [ -53.198149899999976, -30.63977959999994 ], [ -53.195050199999969, -30.640006299999982 ], [ -53.192962, -30.640233799999976 ], [ -53.190904399999965, -30.640633699999967 ], [ -53.189350199999978, -30.641063599999939 ], [ -53.188844599999982, -30.641124699999978 ], [ -53.188363899999956, -30.641226899999936 ], [ -53.188192, -30.641313199999956 ], [ -53.18806189999998, -30.641427799999974 ], [ -53.187978, -30.641585099999929 ], [ -53.187935399999958, -30.641747599999974 ], [ -53.187941799999976, -30.641909599999963 ], [ -53.187974899999972, -30.642073099999948 ], [ -53.188091799999938, -30.642328799999973 ], [ -53.188225, -30.642544499999929 ], [ -53.188413099999934, -30.642693699999938 ], [ -53.189004599999976, -30.642990399999974 ], [ -53.189656299999967, -30.643192599999963 ], [ -53.191175399999963, -30.643470299999933 ], [ -53.192596699999967, -30.643528299999957 ], [ -53.193981699999938, -30.643463 ], [ -53.195134699999983, -30.643390499999953 ], [ -53.196161699999948, -30.643262399999969 ], [ -53.196480299999962, -30.643296499999963 ], [ -53.196791499999961, -30.643366499999956 ], [ -53.196993299999974, -30.643475899999942 ], [ -53.197172399999943, -30.64363469999995 ], [ -53.197412499999984, -30.644009299999937 ], [ -53.197512499999959, -30.644450899999981 ], [ -53.197471599999972, -30.644930899999963 ], [ -53.197423899999933, -30.645063099999959 ], [ -53.197350399999948, -30.645168199999944 ], [ -53.197258899999952, -30.645267 ], [ -53.197158799999954, -30.645342 ], [ -53.196750599999973, -30.645570299999974 ], [ -53.195383499999934, -30.646029 ], [ -53.193907499999966, -30.646287499999971 ], [ -53.192683099999954, -30.646781 ], [ -53.192201499999953, -30.647077799999977 ], [ -53.191751299999964, -30.647396199999946 ], [ -53.191589199999953, -30.647570199999961 ], [ -53.19147369999996, -30.647765499999934 ], [ -53.191415199999938, -30.64798 ], [ -53.191390799999965, -30.648209399999928 ], [ -53.191465499999936, -30.648785499999974 ], [ -53.191486, -30.649368699999968 ], [ -53.191336299999932, -30.650154699999973 ], [ -53.191194, -30.650421899999969 ], [ -53.191038599999956, -30.650629799999933 ], [ -53.190824199999952, -30.65079529999997 ], [ -53.190581299999963, -30.650892299999953 ], [ -53.189986699999963, -30.651005599999962 ], [ -53.189399799999933, -30.651064799999972 ], [ -53.188207499999976, -30.651052599999957 ], [ -53.187782699999957, -30.651144599999952 ], [ -53.187602799999979, -30.651219499999968 ], [ -53.187452499999949, -30.651314 ], [ -53.18732, -30.65143889999996 ], [ -53.187231599999961, -30.651594199999977 ], [ -53.187213, -30.651748899999973 ], [ -53.187228, -30.651909599999954 ], [ -53.187383, -30.652505499999961 ], [ -53.187557899999945, -30.653095199999939 ], [ -53.188057799999967, -30.654480699999965 ], [ -53.188261899999986, -30.655898499999978 ], [ -53.188180299999942, -30.657303499999955 ], [ -53.188153099999965, -30.658299599999964 ], [ -53.188282299999969, -30.659194399999933 ], [ -53.189179199999955, -30.661401599999976 ], [ -53.189624599999945, -30.661992699999928 ], [ -53.18990789999998, -30.662615799999969 ], [ -53.189914599999952, -30.663007899999968 ], [ -53.189805899999953, -30.663407799999959 ], [ -53.18968979999994, -30.663762 ], [ -53.189459, -30.664071399999955 ], [ -53.18910969999996, -30.664327599999979 ], [ -53.188744799999938, -30.664482499999963 ], [ -53.188464299999964, -30.66474089999997 ], [ -53.188248299999941, -30.665050899999983 ], [ -53.188130799999954, -30.665524099999971 ], [ -53.188125899999932, -30.665992499999959 ], [ -53.18831629999994, -30.666887399999951 ], [ -53.188894499999947, -30.668033099999946 ], [ -53.189218499999981, -30.668453599999964 ], [ -53.189649499999973, -30.668740499999956 ], [ -53.190336499999944, -30.668951299999947 ], [ -53.190880599999957, -30.669080599999972 ], [ -53.191560799999934, -30.669519299999934 ], [ -53.192003, -30.669831399999964 ], [ -53.192125799999985, -30.669938899999977 ], [ -53.192207, -30.670084299999928 ], [ -53.192232799999942, -30.670310599999937 ], [ -53.192198799999971, -30.670534799999928 ], [ -53.192136699999935, -30.670874399999946 ], [ -53.192036899999948, -30.671178899999973 ], [ -53.191338599999938, -30.672515699999963 ], [ -53.190703799999937, -30.673872499999959 ], [ -53.190424899999982, -30.675525799999946 ], [ -53.190526899999952, -30.676661299999978 ], [ -53.190748499999984, -30.677169799999945 ], [ -53.191023499999972, -30.677566299999967 ], [ -53.19135719999997, -30.677781299999936 ], [ -53.191763699999967, -30.67795289999998 ], [ -53.192567499999939, -30.678184899999962 ], [ -53.193438799999967, -30.678301 ], [ -53.194342799999959, -30.678314499999942 ], [ -53.196415, -30.677904599999977 ], [ -53.198396699999932, -30.677756799999941 ], [ -53.199073099999964, -30.677829699999961 ], [ -53.199655, -30.678008 ], [ -53.200233299999979, -30.678286499999956 ], [ -53.200468499999943, -30.678470199999936 ], [ -53.200654899999961, -30.678722599999958 ], [ -53.200736799999959, -30.678952399999957 ], [ -53.200762699999984, -30.679207399999939 ], [ -53.200716099999966, -30.679776499999946 ], [ -53.200530599999979, -30.68032409999995 ], [ -53.200260399999934, -30.680763199999944 ], [ -53.198852399999964, -30.681830699999978 ], [ -53.197108, -30.682818599999962 ], [ -53.196107299999937, -30.683195699999942 ], [ -53.195476399999961, -30.683326199999954 ], [ -53.195104599999979, -30.68352479999993 ], [ -53.194707799999946, -30.683812099999955 ], [ -53.194272699999942, -30.684232599999973 ], [ -53.193815899999947, -30.685015799999974 ], [ -53.193240899999978, -30.68576939999997 ], [ -53.191295499999967, -30.687189899999964 ], [ -53.189255, -30.688462899999934 ], [ -53.184071899999935, -30.691061299999944 ], [ -53.182390899999973, -30.692309399999942 ], [ -53.181498499999975, -30.692841299999941 ], [ -53.180623399999945, -30.693475499999977 ], [ -53.180415299999936, -30.693753699999945 ], [ -53.180290099999979, -30.694135699999947 ], [ -53.180270299999961, -30.694471599999929 ], [ -53.180298799999946, -30.694644399999959 ], [ -53.180364899999972, -30.694795099999965 ], [ -53.180561699999942, -30.695005099999946 ], [ -53.180807, -30.695183199999974 ], [ -53.181256499999961, -30.695385199999976 ], [ -53.181752499999959, -30.695475299999941 ], [ -53.183106099999975, -30.695550499999968 ], [ -53.184263499999986, -30.695529 ], [ -53.185418699999957, -30.695632099999955 ], [ -53.186787, -30.696029399999929 ], [ -53.188091799999938, -30.696563599999934 ], [ -53.189267699999959, -30.69669829999998 ], [ -53.190438499999971, -30.69669319999997 ], [ -53.191547199999945, -30.696468299999935 ], [ -53.193070299999931, -30.695790099999954 ], [ -53.193825799999956, -30.695393699999954 ], [ -53.19457, -30.695044399999972 ], [ -53.194808799999976, -30.694979699999976 ], [ -53.195057, -30.694944699999951 ], [ -53.195222199999932, -30.694961599999942 ], [ -53.195382199999983, -30.695000899999968 ], [ -53.195523099999946, -30.695074 ], [ -53.19564319999995, -30.695167699999956 ], [ -53.195784099999969, -30.695349599999929 ], [ -53.195873199999937, -30.695556899999929 ], [ -53.195889299999976, -30.695723 ], [ -53.195882499999982, -30.695892799999967 ], [ -53.195771199999967, -30.696230699999944 ], [ -53.195337699999982, -30.696912899999973 ], [ -53.194866799999943, -30.697584799999959 ], [ -53.193880199999967, -30.698829 ], [ -53.193138799999986, -30.699365899999975 ], [ -53.192735399999947, -30.699482299999943 ], [ -53.192329399999949, -30.699522799999954 ], [ -53.191945, -30.699540299999967 ], [ -53.19152, -30.699461199999973 ], [ -53.190492899999981, -30.698992299999929 ], [ -53.190190199999961, -30.698931199999947 ], [ -53.189968499999964, -30.698911799999962 ], [ -53.189781799999935, -30.698915399999976 ], [ -53.189617299999952, -30.698931199999947 ], [ -53.189466399999958, -30.69897519999995 ], [ -53.189336599999933, -30.69904669999994 ], [ -53.189221699999962, -30.699156499999958 ], [ -53.189124199999981, -30.699279199999978 ], [ -53.189058499999931, -30.699410299999954 ], [ -53.189030499999944, -30.699556399999949 ], [ -53.189050799999961, -30.699878699999942 ], [ -53.189132499999971, -30.700203 ], [ -53.189450499999964, -30.70155619999997 ], [ -53.18983309999993, -30.702889299999981 ], [ -53.190033799999981, -30.703617899999983 ], [ -53.190186799999935, -30.704372099999944 ], [ -53.190175699999941, -30.704696 ], [ -53.190109899999982, -30.704984799999977 ], [ -53.189990299999977, -30.705224099999953 ], [ -53.189834799999971, -30.705384899999956 ], [ -53.189465799999937, -30.705650899999966 ], [ -53.188116299999933, -30.706284099999948 ], [ -53.18744, -30.70648209999996 ], [ -53.186794499999962, -30.70679389999998 ], [ -53.186236099999974, -30.707221799999957 ], [ -53.185648599999979, -30.707584399999973 ], [ -53.18500309999996, -30.707889099999932 ], [ -53.184335899999951, -30.708142899999984 ], [ -53.183770199999969, -30.708570799999961 ], [ -53.183330399999932, -30.709155599999974 ], [ -53.182561899999939, -30.710705099999984 ], [ -53.182487099999946, -30.711663699999974 ], [ -53.182698, -30.71255519999994 ], [ -53.18283, -30.712937199999942 ], [ -53.183031199999959, -30.71325539999998 ], [ -53.183290499999941, -30.713531799999942 ], [ -53.183609399999966, -30.713738699999965 ], [ -53.184617499999945, -30.714068399999974 ], [ -53.185663599999941, -30.714255699999967 ], [ -53.188333399999976, -30.714505899999949 ], [ -53.191023499999972, -30.714582199999938 ], [ -53.192039299999976, -30.714623099999983 ], [ -53.192538699999943, -30.714664299999981 ], [ -53.193007299999977, -30.71475 ], [ -53.193202699999972, -30.714812199999983 ], [ -53.193369899999936, -30.714938599999982 ], [ -53.193503599999985, -30.715091399999949 ], [ -53.193556199999932, -30.71517659999995 ], [ -53.193581, -30.715289599999949 ], [ -53.193558, -30.715385099999935 ], [ -53.193507199999942, -30.715479399999936 ], [ -53.19338369999997, -30.715636 ], [ -53.192941599999983, -30.716050899999971 ], [ -53.192288599999983, -30.716418699999963 ], [ -53.190948599999956, -30.717132399999969 ], [ -53.189867099999958, -30.718146399999966 ], [ -53.189268599999934, -30.719506699999954 ], [ -53.18928219999998, -30.720921499999974 ], [ -53.189414299999953, -30.721711399999947 ], [ -53.189663099999962, -30.72232269999995 ], [ -53.189950899999985, -30.72266129999997 ], [ -53.190302499999973, -30.722907199999952 ], [ -53.19069049999996, -30.723132599999929 ], [ -53.191077899999982, -30.723275 ], [ -53.191640399999983, -30.723386399999981 ], [ -53.192213799999934, -30.723356199999955 ], [ -53.193376899999976, -30.723138899999981 ], [ -53.19532369999996, -30.722353699999928 ], [ -53.197152, -30.721431199999984 ], [ -53.197869399999945, -30.720899199999963 ], [ -53.198587099999941, -30.720465399999966 ], [ -53.198891799999956, -30.720348099999967 ], [ -53.199226499999952, -30.720323 ], [ -53.199711199999967, -30.720435099999975 ], [ -53.200090399999965, -30.720649 ], [ -53.200436399999944, -30.721000699999934 ], [ -53.20072289999996, -30.72149289999993 ], [ -53.201178699999957, -30.722301899999934 ], [ -53.201342799999964, -30.722683 ], [ -53.201443899999958, -30.723166099999958 ], [ -53.201422099999945, -30.723767699999939 ], [ -53.201306499999987, -30.724376199999938 ], [ -53.200889099999984, -30.725130899999954 ], [ -53.200382799999943, -30.725818499999946 ], [ -53.200236899999936, -30.726522599999953 ], [ -53.20024189999998, -30.726820499999974 ], [ -53.200289099999964, -30.727092399999947 ], [ -53.200394199999948, -30.727295499999968 ], [ -53.200544699999966, -30.727446 ], [ -53.200729599999931, -30.727558299999941 ], [ -53.200952599999937, -30.727629 ], [ -53.201136099999985, -30.727632099999937 ], [ -53.20158159999994, -30.727525699999944 ], [ -53.20194829999997, -30.727349299999958 ], [ -53.202239799999973, -30.727144799999962 ], [ -53.20297069999998, -30.726442899999938 ], [ -53.203779199999985, -30.725866399999973 ], [ -53.204457199999979, -30.725464799999941 ], [ -53.204917699999953, -30.725231899999983 ], [ -53.205181899999957, -30.725192599999957 ], [ -53.205429799999933, -30.725220299999933 ], [ -53.20559529999997, -30.725268699999958 ], [ -53.205740699999978, -30.725355199999967 ], [ -53.206001199999946, -30.725573599999962 ], [ -53.206719699999951, -30.72633049999996 ], [ -53.207320799999934, -30.727090399999952 ], [ -53.207589799999937, -30.727287699999977 ], [ -53.207919299999958, -30.727383299999929 ], [ -53.208688399999971, -30.727414599999975 ], [ -53.209456599999953, -30.727274099999931 ], [ -53.210886799999969, -30.727419499999939 ], [ -53.210914399999979, -30.727422299999944 ], [ -53.210985899999969, -30.727379499999984 ], [ -53.215031199999942, -30.723960799999929 ], [ -53.21606079999998, -30.72317419999996 ], [ -53.217843699999946, -30.72232 ], [ -53.226306299999976, -30.714827599999978 ], [ -53.231828299999961, -30.710708699999941 ], [ -53.23464, -30.708956499999942 ], [ -53.235887199999979, -30.707671399999981 ], [ -53.241047499999979, -30.699107699999956 ], [ -53.243075, -30.696920599999942 ], [ -53.250518599999964, -30.689739 ], [ -53.253584799999942, -30.686117199999956 ], [ -53.256737399999963, -30.683574599999929 ], [ -53.259938199999965, -30.681950399999948 ], [ -53.263297899999941, -30.679994099999931 ], [ -53.26813, -30.675969799999962 ], [ -53.27146, -30.672922699999958 ], [ -53.274972, -30.670070499999952 ], [ -53.279078099999936, -30.667266499999982 ], [ -53.284114, -30.663162399999976 ], [ -53.285753, -30.659937 ], [ -53.29106319999994, -30.651598399999955 ], [ -53.293842199999972, -30.648651499999971 ], [ -53.298471399999983, -30.646022899999934 ] ] ] } },
{ "type": "Feature", "properties": { "id": 168, "CD_REGIAO": "4", "NM_REGIAO": "Sul", "CD_UF": "43", "NM_UF": "Rio Grande do Sul", "CD_MUN": "4302808", "NM_MUN": "Caçapava do Sul", "CD_DIST": "430280815", "NM_DIST": "Carajá Seival", "CD_SUBDIST": "43028081500", "NM_SUBDIST": null, "CD_RGINT": "4303", "NM_RGINT": "Santa Maria", "CD_RGI": "430012", "NM_RGI": "São Gabriel - Caçapava do Sul", "CD_CONCURB": null, "NM_CONCURB": null, "SIGLA": "RS" }, "geometry": { "type": "Polygon", "coordinates": [ [ [ -53.616533799999956, -30.862936299999944 ], [ -53.617281499999933, -30.862381099999936 ], [ -53.620430499999941, -30.862723199999948 ], [ -53.623344399999951, -30.865970699999934 ], [ -53.625121499999977, -30.86690219999997 ], [ -53.629333499999973, -30.86684669999994 ], [ -53.636036, -30.867648599999939 ], [ -53.640238899999986, -30.868652499999939 ], [ -53.647214499999961, -30.869196699999975 ], [ -53.648377799999935, -30.869902499999966 ], [ -53.65240289999997, -30.872709399999962 ], [ -53.657332499999939, -30.872666699999968 ], [ -53.660400599999946, -30.871454399999948 ], [ -53.659623499999952, -30.866475299999934 ], [ -53.652604199999985, -30.864157499999976 ], [ -53.651838, -30.862364099999979 ], [ -53.651110899999935, -30.857570899999928 ], [ -53.652102199999945, -30.854620499999953 ], [ -53.651501799999949, -30.848633399999983 ], [ -53.65227109999995, -30.840547399999934 ], [ -53.657740899999965, -30.838625499999978 ], [ -53.660071499999958, -30.839356799999962 ], [ -53.662137299999983, -30.84227919999995 ], [ -53.663506899999959, -30.842812199999969 ], [ -53.66662679999996, -30.842060799999956 ], [ -53.667201499999976, -30.842735199999936 ], [ -53.672397299999943, -30.842348799999968 ], [ -53.672122799999954, -30.840979799999957 ], [ -53.67281, -30.839938 ], [ -53.676386399999956, -30.837055199999952 ], [ -53.680126799999982, -30.835698899999954 ], [ -53.680777499999976, -30.834905 ], [ -53.681371399999932, -30.833270299999981 ], [ -53.683732199999952, -30.829571599999952 ], [ -53.685708499999976, -30.827721099999962 ], [ -53.688446099999965, -30.824734 ], [ -53.691023899999948, -30.825924499999928 ], [ -53.690289899999982, -30.822414 ], [ -53.688573, -30.820703399999957 ], [ -53.687670599999933, -30.81825589999994 ], [ -53.687168199999974, -30.815926699999977 ], [ -53.684331099999952, -30.813927399999955 ], [ -53.684455199999945, -30.812708199999975 ], [ -53.685984399999938, -30.811990299999934 ], [ -53.689190699999983, -30.812924399999929 ], [ -53.690537799999959, -30.81420479999997 ], [ -53.699857299999962, -30.816319299999975 ], [ -53.701119899999981, -30.815949699999976 ], [ -53.702215199999955, -30.812527399999965 ], [ -53.705762599999957, -30.808583 ], [ -53.707142699999963, -30.801095199999963 ], [ -53.713037699999973, -30.798429499999941 ], [ -53.713488699999971, -30.798225699999932 ], [ -53.718874699999958, -30.792957299999955 ], [ -53.719212, -30.790861799999959 ], [ -53.721711399999947, -30.787877199999969 ], [ -53.722194299999956, -30.78671369999995 ], [ -53.722974299999976, -30.787598399999979 ], [ -53.725048399999935, -30.787868899999978 ], [ -53.726479499999982, -30.786465799999974 ], [ -53.728819199999975, -30.786293 ], [ -53.73279569999994, -30.783587199999943 ], [ -53.736135699999977, -30.785138199999949 ], [ -53.737400499999978, -30.784863 ], [ -53.736969199999976, -30.783655199999941 ], [ -53.735155799999973, -30.782792 ], [ -53.73677159999994, -30.779479499999979 ], [ -53.739926899999944, -30.775855399999955 ], [ -53.742683699999986, -30.775079799999958 ], [ -53.745279599999947, -30.772715399999981 ], [ -53.747263499999974, -30.772640799999976 ], [ -53.747633499999949, -30.774537499999951 ], [ -53.748517099999958, -30.776204299999961 ], [ -53.75057819999995, -30.777407 ], [ -53.752959199999964, -30.777326799999969 ], [ -53.757660699999974, -30.775013899999976 ], [ -53.760829599999965, -30.776098599999955 ], [ -53.762936099999934, -30.778860699999939 ], [ -53.762375599999984, -30.782898799999941 ], [ -53.763057499999945, -30.784323399999948 ], [ -53.768386199999952, -30.78888349999994 ], [ -53.769135399999982, -30.792767899999944 ], [ -53.769155499999954, -30.794857 ], [ -53.768483799999956, -30.797833199999957 ], [ -53.772353899999985, -30.79968729999996 ], [ -53.776761699999952, -30.798126499999967 ], [ -53.779085899999984, -30.797517099999936 ], [ -53.782804899999974, -30.798309899999936 ], [ -53.783955499999934, -30.799626 ], [ -53.785474199999953, -30.799905499999966 ], [ -53.787852199999975, -30.798548299999936 ], [ -53.792105299999946, -30.793000699999936 ], [ -53.796645, -30.792054499999949 ], [ -53.799592099999984, -30.789686 ], [ -53.802386099999978, -30.788561 ], [ -53.805188399999963, -30.787906799999973 ], [ -53.804948499999966, -30.785138199999949 ], [ -53.806269399999962, -30.781300399999964 ], [ -53.804316599999936, -30.775757499999941 ], [ -53.80656369999997, -30.768427699999961 ], [ -53.806476499999974, -30.768127199999981 ], [ -53.806261799999959, -30.767384499999935 ], [ -53.803538699999933, -30.765323 ], [ -53.805737, -30.762933299999929 ], [ -53.808532399999933, -30.762751699999967 ], [ -53.810056499999973, -30.762652899999978 ], [ -53.81392459999995, -30.760308799999962 ], [ -53.814906199999939, -30.75824369999998 ], [ -53.815553099999931, -30.75312219999995 ], [ -53.816218899999967, -30.752820099999951 ], [ -53.818954699999949, -30.752548 ], [ -53.820905599999946, -30.751430399999947 ], [ -53.821104, -30.750857899999971 ], [ -53.821468899999957, -30.748936199999946 ], [ -53.820612199999971, -30.746855099999948 ], [ -53.819694399999946, -30.746209799999974 ], [ -53.816274899999939, -30.744244 ], [ -53.817196199999955, -30.741334599999959 ], [ -53.818173099999967, -30.739398499999936 ], [ -53.817705299999943, -30.738866599999938 ], [ -53.814507099999958, -30.738146699999959 ], [ -53.81295769999997, -30.73583 ], [ -53.808901799999944, -30.733321099999955 ], [ -53.808411399999954, -30.731538 ], [ -53.806151399999976, -30.731233399999951 ], [ -53.803895, -30.729181499999981 ], [ -53.805069099999969, -30.725824299999942 ], [ -53.807224299999973, -30.723075499999936 ], [ -53.807432299999959, -30.722450699999968 ], [ -53.809026, -30.721687299999928 ], [ -53.811338499999977, -30.72011759999998 ], [ -53.813416299999972, -30.717886299999975 ], [ -53.813430299999936, -30.716536099999928 ], [ -53.812984, -30.715755199999933 ], [ -53.813845699999945, -30.714446699999939 ], [ -53.812592099999961, -30.713245299999983 ], [ -53.812392399999965, -30.711772 ], [ -53.812475, -30.710086299999944 ], [ -53.81146149999995, -30.708942899999954 ], [ -53.810791299999948, -30.709498499999938 ], [ -53.808020099999965, -30.709806499999956 ], [ -53.807407799999964, -30.710632699999962 ], [ -53.807060499999977, -30.711514399999942 ], [ -53.806497299999933, -30.711750699999982 ], [ -53.805581099999984, -30.711544599999968 ], [ -53.80301819999994, -30.709019699999942 ], [ -53.802008499999943, -30.70859779999995 ], [ -53.797624499999984, -30.706373 ], [ -53.797257499999944, -30.70569329999995 ], [ -53.798763099999974, -30.70399169999996 ], [ -53.801017399999978, -30.701157499999965 ], [ -53.79984079999997, -30.699771099999964 ], [ -53.797353099999953, -30.698886899999934 ], [ -53.796344699999963, -30.695954699999959 ], [ -53.797469399999954, -30.694661199999928 ], [ -53.797029299999963, -30.689533599999947 ], [ -53.797487699999976, -30.688900199999978 ], [ -53.801184599999942, -30.687856 ], [ -53.802691799999934, -30.686787599999946 ], [ -53.802344299999959, -30.685713699999951 ], [ -53.803035799999975, -30.684887599999968 ], [ -53.802593399999978, -30.683339099999955 ], [ -53.801288399999976, -30.683032199999957 ], [ -53.797866399999975, -30.685479499999929 ], [ -53.796388099999945, -30.684739299999933 ], [ -53.795421099999942, -30.680538099999978 ], [ -53.794376199999931, -30.67919059999997 ], [ -53.794103, -30.676115299999935 ], [ -53.796199, -30.676360299999942 ], [ -53.79664409999998, -30.677100699999983 ], [ -53.797256499999946, -30.677192699999978 ], [ -53.798070299999949, -30.676264 ], [ -53.798399299999971, -30.674630099999945 ], [ -53.797436299999958, -30.671529299999975 ], [ -53.794707099999982, -30.671254399999953 ], [ -53.795341899999983, -30.669597599999975 ], [ -53.798722599999962, -30.665676399999938 ], [ -53.799781099999961, -30.662908 ], [ -53.799429699999962, -30.660813 ], [ -53.79883, -30.660161699999946 ], [ -53.800626299999976, -30.657315099999948 ], [ -53.800978699999973, -30.655908499999953 ], [ -53.797986199999968, -30.652002699999969 ], [ -53.800299499999937, -30.648814899999934 ], [ -53.798348799999985, -30.647209099999941 ], [ -53.797573499999942, -30.643254399999933 ], [ -53.795982699999968, -30.642229 ], [ -53.791610499999933, -30.642779499999961 ], [ -53.788329499999975, -30.641852399999948 ], [ -53.787801399999978, -30.641007199999933 ], [ -53.787501599999985, -30.638811199999964 ], [ -53.788323199999979, -30.63804319999997 ], [ -53.791512199999943, -30.638497499999971 ], [ -53.792057499999942, -30.63817279999995 ], [ -53.792616299999963, -30.63734919999996 ], [ -53.793397499999969, -30.636895899999956 ], [ -53.794139099999938, -30.636942099999942 ], [ -53.79482, -30.638529799999958 ], [ -53.795636499999944, -30.639177899999936 ], [ -53.797535799999935, -30.638819099999978 ], [ -53.798445, -30.638554399999975 ], [ -53.798925299999951, -30.637815499999931 ], [ -53.798927099999958, -30.636943299999928 ], [ -53.799126099999967, -30.635523899999953 ], [ -53.801842799999974, -30.634341899999981 ], [ -53.803732499999967, -30.632972799999948 ], [ -53.802899, -30.632509699999957 ], [ -53.798408699999982, -30.630859399999963 ], [ -53.796074399999952, -30.628828899999974 ], [ -53.796583899999973, -30.628110799999945 ], [ -53.79778639999995, -30.627688699999965 ], [ -53.800314, -30.629028499999947 ], [ -53.80207, -30.627768399999979 ], [ -53.802083499999981, -30.62726239999995 ], [ -53.792671599999949, -30.623639699999956 ], [ -53.791944799999953, -30.62500689999996 ], [ -53.793397499999969, -30.629529099999957 ], [ -53.793578399999944, -30.631294699999955 ], [ -53.792150499999934, -30.632199799999967 ], [ -53.788939299999981, -30.629107099999942 ], [ -53.786537, -30.630115199999977 ], [ -53.78627739999996, -30.629611399999931 ], [ -53.785212699999931, -30.628545299999928 ], [ -53.783417, -30.629255799999953 ], [ -53.780157, -30.629939499999978 ], [ -53.779091299999948, -30.629775299999949 ], [ -53.778633199999945, -30.62847389999996 ], [ -53.779508099999987, -30.627686099999949 ], [ -53.782542399999954, -30.628116899999952 ], [ -53.783086199999957, -30.627921199999946 ], [ -53.783348299999943, -30.625939 ], [ -53.782734299999959, -30.623914799999966 ], [ -53.782084899999973, -30.623728799999981 ], [ -53.778549199999986, -30.624606799999981 ], [ -53.77693279999994, -30.623601 ], [ -53.774833099999967, -30.622294 ], [ -53.774338299999954, -30.620683 ], [ -53.774879599999963, -30.620213099999944 ], [ -53.779013299999974, -30.620519699999932 ], [ -53.781533299999978, -30.620862199999976 ], [ -53.782525099999987, -30.620422799999972 ], [ -53.782825199999934, -30.619626799999935 ], [ -53.782537, -30.618841599999939 ], [ -53.777484, -30.616974 ], [ -53.777369399999941, -30.615582899999936 ], [ -53.777684199999953, -30.614724699999954 ], [ -53.779774199999963, -30.613783799999965 ], [ -53.786695799999961, -30.608124399999951 ], [ -53.787013, -30.607097599999975 ], [ -53.785617099999968, -30.606397099999981 ], [ -53.780545599999982, -30.606547399999954 ], [ -53.778569799999957, -30.607778 ], [ -53.775559099999953, -30.607799899999975 ], [ -53.773012, -30.606686899999943 ], [ -53.772757799999965, -30.606092 ], [ -53.774226899999974, -30.603962199999955 ], [ -53.77461969999996, -30.600934 ], [ -53.774096899999961, -30.599322099999938 ], [ -53.768974699999944, -30.597684899999933 ], [ -53.767739799999958, -30.593408099999976 ], [ -53.766464599999949, -30.593014299999936 ], [ -53.765201, -30.593394499999931 ], [ -53.764254199999982, -30.592542199999968 ], [ -53.764286899999945, -30.59195509999995 ], [ -53.763065799999936, -30.589862899999957 ], [ -53.762784199999942, -30.587351199999944 ], [ -53.759177299999976, -30.588821099999961 ], [ -53.758320099999935, -30.588433499999951 ], [ -53.758356599999956, -30.585926899999947 ], [ -53.755380099999968, -30.582555899999932 ], [ -53.754661899999974, -30.582506699999954 ], [ -53.753590199999962, -30.582886199999962 ], [ -53.752809699999943, -30.581508299999939 ], [ -53.751676299999986, -30.58073939999997 ], [ -53.751891, -30.579945199999941 ], [ -53.753542099999947, -30.578414 ], [ -53.75381189999996, -30.57768109999995 ], [ -53.750534399999935, -30.576792699999942 ], [ -53.749013899999966, -30.574597899999958 ], [ -53.741974899999946, -30.572304699999961 ], [ -53.738217899999938, -30.569952899999976 ], [ -53.737450099999933, -30.56591119999996 ], [ -53.737890599999957, -30.565692899999931 ], [ -53.740429499999948, -30.565433699999971 ], [ -53.740738799999974, -30.562804099999937 ], [ -53.740149199999962, -30.558365 ], [ -53.739764899999955, -30.557057199999974 ], [ -53.740405199999941, -30.555359899999928 ], [ -53.738754799999981, -30.554771199999948 ], [ -53.738788399999976, -30.553505799999982 ], [ -53.73950519999994, -30.552819 ], [ -53.738309799999968, -30.551266 ], [ -53.738413, -30.549323299999969 ], [ -53.73619709999997, -30.548984099999984 ], [ -53.736706599999934, -30.547492299999931 ], [ -53.738766599999963, -30.545319 ], [ -53.738940899999932, -30.541718499999945 ], [ -53.740470899999934, -30.541250699999978 ], [ -53.742925899999932, -30.540163199999938 ], [ -53.744708599999967, -30.535502399999928 ], [ -53.748365899999953, -30.535227099999929 ], [ -53.748973599999943, -30.53314649999993 ], [ -53.748042799999951, -30.532023399999957 ], [ -53.747604199999955, -30.53117919999994 ], [ -53.74611079999994, -30.530469099999948 ], [ -53.742048199999942, -30.526056599999947 ], [ -53.742357, -30.523149099999955 ], [ -53.742975199999933, -30.522210399999949 ], [ -53.745828499999959, -30.518813499999965 ], [ -53.74513479999996, -30.516325299999949 ], [ -53.743914699999948, -30.515587799999935 ], [ -53.740372799999932, -30.517021299999953 ], [ -53.73931749999997, -30.517738099999974 ], [ -53.73734879999995, -30.519521 ], [ -53.736481499999968, -30.520073099999934 ], [ -53.732262399999968, -30.521774799999946 ], [ -53.728106399999945, -30.524320699999976 ], [ -53.725558599999943, -30.525544799999977 ], [ -53.72415019999994, -30.526525899999967 ], [ -53.722509799999955, -30.528114499999958 ], [ -53.721067499999947, -30.530383599999936 ], [ -53.71967589999997, -30.53201329999996 ], [ -53.716926199999932, -30.534437399999945 ], [ -53.71646439999995, -30.535223 ], [ -53.71586869999993, -30.537627399999963 ], [ -53.715228699999955, -30.539079099999981 ], [ -53.71219259999998, -30.545973799999956 ], [ -53.712103699999943, -30.546789 ], [ -53.712367099999938, -30.550762099999929 ], [ -53.712155199999984, -30.554060299999946 ], [ -53.712236899999937, -30.554985899999963 ], [ -53.712007399999948, -30.556117499999971 ], [ -53.707861699999967, -30.561145099999976 ], [ -53.706343699999934, -30.562649799999974 ], [ -53.705492699999979, -30.564870499999984 ], [ -53.703762499999982, -30.566205199999956 ], [ -53.700833799999941, -30.568784499999936 ], [ -53.700661899999943, -30.569424599999934 ], [ -53.701235799999949, -30.57130479999995 ], [ -53.701911799999948, -30.571825899999965 ], [ -53.70355909999995, -30.572417799999982 ], [ -53.704191799999933, -30.572786299999962 ], [ -53.704740699999945, -30.573633699999959 ], [ -53.705297099999939, -30.57577989999993 ], [ -53.697584399999982, -30.576230399999929 ], [ -53.69712009999995, -30.576355599999943 ], [ -53.696999299999959, -30.576986699999964 ], [ -53.697676499999943, -30.580497099999945 ], [ -53.697608699999932, -30.581507199999976 ], [ -53.69818, -30.583212399999979 ], [ -53.697952399999963, -30.583984 ], [ -53.697976799999935, -30.584841 ], [ -53.697738, -30.585218399999974 ], [ -53.696955099999968, -30.585836299999983 ], [ -53.696642299999951, -30.58654 ], [ -53.69613309999994, -30.58867209999994 ], [ -53.695885799999985, -30.59072 ], [ -53.695428899999968, -30.591146399999957 ], [ -53.694771299999957, -30.591368599999953 ], [ -53.693278599999985, -30.590900599999941 ], [ -53.691212499999949, -30.591103099999941 ], [ -53.689184499999953, -30.591752299999939 ], [ -53.68802519999997, -30.591728699999976 ], [ -53.687142699999981, -30.591861899999969 ], [ -53.685546, -30.592604 ], [ -53.682759499999975, -30.592755099999977 ], [ -53.680280099999948, -30.593060299999934 ], [ -53.678851599999973, -30.593390499999941 ], [ -53.677664299999947, -30.593914299999938 ], [ -53.674487499999941, -30.596021599999972 ], [ -53.666053599999941, -30.600429099999928 ], [ -53.663556599999936, -30.602127499999938 ], [ -53.659740299999953, -30.605628199999956 ], [ -53.654768899999965, -30.611309499999948 ], [ -53.65323159999997, -30.612802699999975 ], [ -53.652863399999944, -30.613413299999934 ], [ -53.652284699999939, -30.616579599999966 ], [ -53.652068499999984, -30.61724739999994 ], [ -53.651721599999973, -30.617717299999981 ], [ -53.650109799999939, -30.618422899999928 ], [ -53.648875699999962, -30.618794799999932 ], [ -53.648215099999959, -30.618901199999982 ], [ -53.647544499999981, -30.618614399999956 ], [ -53.646697399999937, -30.618097899999952 ], [ -53.646137199999941, -30.616717199999982 ], [ -53.645549699999947, -30.615952499999935 ], [ -53.642490299999963, -30.613231799999937 ], [ -53.641368099999966, -30.612696599999936 ], [ -53.638484799999958, -30.612903299999971 ], [ -53.635888099999931, -30.613980199999958 ], [ -53.633889799999963, -30.615665899999954 ], [ -53.63240019999995, -30.617403499999966 ], [ -53.63229739999997, -30.618682199999967 ], [ -53.63238309999997, -30.620836399999973 ], [ -53.632756299999983, -30.62338109999996 ], [ -53.632608199999936, -30.624464 ], [ -53.630622699999947, -30.625754599999937 ], [ -53.629203699999948, -30.627501299999949 ], [ -53.628869599999973, -30.628413199999954 ], [ -53.628232599999933, -30.632985499999961 ], [ -53.628343699999959, -30.636114799999973 ], [ -53.628127599999971, -30.637778399999945 ], [ -53.627655799999957, -30.638691699999981 ], [ -53.626652299999932, -30.639500599999963 ], [ -53.625232199999971, -30.640133299999945 ], [ -53.623775299999977, -30.640557599999966 ], [ -53.623032199999955, -30.640642 ], [ -53.621879499999977, -30.64037529999996 ], [ -53.621319199999959, -30.640131 ], [ -53.619676599999934, -30.638702899999942 ], [ -53.617087599999934, -30.637061699999947 ], [ -53.614133699999968, -30.634626599999933 ], [ -53.613698499999941, -30.633892 ], [ -53.612599599999953, -30.631130399999961 ], [ -53.610293299999967, -30.626989599999945 ], [ -53.608644399999946, -30.625399 ], [ -53.60780479999994, -30.624862499999949 ], [ -53.60713979999997, -30.624237199999982 ], [ -53.606655, -30.623940699999935 ], [ -53.606100399999946, -30.623860599999944 ], [ -53.604751, -30.624049499999956 ], [ -53.595985499999983, -30.626081899999974 ], [ -53.595260399999972, -30.626362799999981 ], [ -53.595048299999974, -30.626714899999968 ], [ -53.595129799999938, -30.627687499999979 ], [ -53.595864199999937, -30.630410199999972 ], [ -53.595804499999986, -30.631222699999967 ], [ -53.595192699999984, -30.63211739999997 ], [ -53.593779599999948, -30.633549899999934 ], [ -53.593720599999983, -30.634432799999956 ], [ -53.594116299999939, -30.635838399999955 ], [ -53.59467559999996, -30.637059699999952 ], [ -53.594870199999946, -30.638167899999928 ], [ -53.595007899999985, -30.639662099999953 ], [ -53.59490569999997, -30.644164499999931 ], [ -53.595279, -30.646210499999938 ], [ -53.595360699999958, -30.648134699999957 ], [ -53.594589499999984, -30.648428199999955 ], [ -53.592715899999973, -30.648652299999981 ], [ -53.591816699999981, -30.648138099999983 ], [ -53.589685899999949, -30.646519499999954 ], [ -53.587913, -30.645372 ], [ -53.587470199999984, -30.645241599999963 ], [ -53.582716699999935, -30.64706469999993 ], [ -53.581752299999948, -30.647176099999967 ], [ -53.580698899999959, -30.647103299999969 ], [ -53.576243699999964, -30.646010099999955 ], [ -53.57324049999994, -30.645939799999951 ], [ -53.564400099999943, -30.645234899999934 ], [ -53.557784499999968, -30.646247099999982 ], [ -53.557705799999951, -30.646352399999955 ], [ -53.558306399999935, -30.647110299999952 ], [ -53.558485, -30.648440499999936 ], [ -53.55835339999993, -30.650066299999935 ], [ -53.555457899999965, -30.651513199999954 ], [ -53.553827699999943, -30.651871099999937 ], [ -53.553261199999952, -30.652324699999951 ], [ -53.551004599999942, -30.655462099999966 ], [ -53.550296799999956, -30.656000899999981 ], [ -53.549134899999956, -30.656362199999933 ], [ -53.547740499999975, -30.657144799999969 ], [ -53.547163499999954, -30.657812 ], [ -53.546925299999941, -30.658543599999973 ], [ -53.548599399999944, -30.661126499999966 ], [ -53.548268899999982, -30.661968699999932 ], [ -53.548037699999952, -30.66479019999997 ], [ -53.547475399999939, -30.665448499999968 ], [ -53.546218199999942, -30.668978099999947 ], [ -53.546021399999972, -30.670006599999965 ], [ -53.546884799999987, -30.675503699999979 ], [ -53.547721699999954, -30.677306099999953 ], [ -53.548748599999954, -30.67842 ], [ -53.550188599999956, -30.679362199999957 ], [ -53.550686699999972, -30.679972699999951 ], [ -53.550558299999977, -30.682455499999946 ], [ -53.55072789999997, -30.684595599999966 ], [ -53.551846899999987, -30.686810199999968 ], [ -53.553254699999968, -30.690234499999974 ], [ -53.553381399999978, -30.691971299999977 ], [ -53.553130399999986, -30.693433399999947 ], [ -53.552456499999948, -30.694713799999931 ], [ -53.552425699999958, -30.695953899999949 ], [ -53.552718099999936, -30.697296199999982 ], [ -53.555882799999949, -30.702098399999954 ], [ -53.557168399999966, -30.704475 ], [ -53.55882779999996, -30.707072099999948 ], [ -53.561223599999948, -30.71006669999997 ], [ -53.562940799999978, -30.711238699999967 ], [ -53.564826599999947, -30.71300569999994 ], [ -53.564973899999984, -30.713919099999941 ], [ -53.564023799999973, -30.718118199999935 ], [ -53.563289699999984, -30.72254 ], [ -53.562696499999959, -30.724441199999944 ], [ -53.561094499999967, -30.727746099999933 ], [ -53.559533099999953, -30.729449199999976 ], [ -53.559204099999931, -30.730372599999953 ], [ -53.559452299999975, -30.735503899999969 ], [ -53.55920279999998, -30.737099599999965 ], [ -53.558617099999935, -30.73797339999993 ], [ -53.55744059999995, -30.73859 ], [ -53.555593399999964, -30.739247499999976 ], [ -53.55372049999994, -30.739593799999966 ], [ -53.553185599999949, -30.740116 ], [ -53.552477399999987, -30.741289699999982 ], [ -53.551821799999971, -30.74192249999993 ], [ -53.55041929999993, -30.742596799999944 ], [ -53.549223599999948, -30.743484699999954 ], [ -53.548615899999959, -30.744372 ], [ -53.548296899999968, -30.745591199999978 ], [ -53.54820129999996, -30.746833799999933 ], [ -53.548645699999952, -30.750303499999973 ], [ -53.54927, -30.752595799999938 ], [ -53.548406099999966, -30.75330809999997 ], [ -53.544430899999952, -30.754665199999977 ], [ -53.54281629999997, -30.754873299999929 ], [ -53.541132399999981, -30.754713099999947 ], [ -53.540234699999985, -30.753964 ], [ -53.539131499999939, -30.752706299999943 ], [ -53.538203099999976, -30.752244799999971 ], [ -53.536756099999934, -30.752368599999954 ], [ -53.534139599999946, -30.753715799999952 ], [ -53.532614699999954, -30.752433099999962 ], [ -53.530462, -30.753337299999941 ], [ -53.529078299999981, -30.754390299999955 ], [ -53.528142799999955, -30.755832799999951 ], [ -53.526620499999979, -30.757429099999968 ], [ -53.525365, -30.75914819999997 ], [ -53.524620299999981, -30.761275099999978 ], [ -53.524032199999965, -30.76214959999993 ], [ -53.522960299999966, -30.762823099999935 ], [ -53.517798299999981, -30.76535569999993 ], [ -53.516821599999957, -30.765981599999975 ], [ -53.516273899999931, -30.766890599999954 ], [ -53.51597449999997, -30.767872599999976 ], [ -53.515988399999969, -30.768416599999966 ], [ -53.516247199999952, -30.769527899999957 ], [ -53.516808099999935, -30.770574499999952 ], [ -53.516977299999951, -30.771211 ], [ -53.51700169999998, -30.772169899999938 ], [ -53.516697, -30.774401099999977 ], [ -53.516765299999975, -30.775582099999951 ], [ -53.518194599999958, -30.779104199999949 ], [ -53.519401899999934, -30.780855799999983 ], [ -53.520655899999952, -30.782047499999976 ], [ -53.521523799999954, -30.783149299999934 ], [ -53.522983299999964, -30.786320599999954 ], [ -53.523764299999982, -30.787696299999936 ], [ -53.52378189999996, -30.788368299999945 ], [ -53.523468, -30.789524399999948 ], [ -53.522466599999973, -30.790663499999937 ], [ -53.520371899999986, -30.792337 ], [ -53.519656699999985, -30.793485299999929 ], [ -53.518952799999965, -30.794268299999942 ], [ -53.515766799999938, -30.796599799999967 ], [ -53.513657499999965, -30.798416599999939 ], [ -53.512211399999956, -30.800075299999946 ], [ -53.51167769999995, -30.801051899999948 ], [ -53.511383399999943, -30.802013199999976 ], [ -53.511548599999969, -30.80405589999998 ], [ -53.511460499999941, -30.804953 ], [ -53.510024699999974, -30.809284299999945 ], [ -53.509824599999945, -30.810406499999942 ], [ -53.510283299999969, -30.811870299999953 ], [ -53.513433899999939, -30.817709799999932 ], [ -53.513086199999975, -30.819091199999946 ], [ -53.514044599999977, -30.821360599999934 ], [ -53.51504639999996, -30.822913899999946 ], [ -53.515267699999981, -30.823591199999953 ], [ -53.514945399999931, -30.824920399999939 ], [ -53.515072399999951, -30.825856299999941 ], [ -53.515739599999961, -30.827039399999933 ], [ -53.515874599999961, -30.827833699999928 ], [ -53.515712599999972, -30.828455399999939 ], [ -53.51487149999997, -30.829431799999952 ], [ -53.514831099999981, -30.831651399999942 ], [ -53.51784159999994, -30.83245549999998 ], [ -53.519255399999963, -30.832961299999965 ], [ -53.521433599999966, -30.834455799999944 ], [ -53.52261939999994, -30.835007699999949 ], [ -53.523820799999953, -30.83513389999996 ], [ -53.524897099999976, -30.835431 ], [ -53.527040799999952, -30.836956799999939 ], [ -53.530237199999931, -30.838493699999958 ], [ -53.531729399999961, -30.839020399999981 ], [ -53.532877599999949, -30.839582899999982 ], [ -53.533686199999977, -30.840335399999958 ], [ -53.535416299999952, -30.841195699999957 ], [ -53.538636199999985, -30.84398079999994 ], [ -53.539671199999987, -30.844621299999972 ], [ -53.540931499999942, -30.845152499999983 ], [ -53.545608399999935, -30.845656 ], [ -53.547015, -30.846194 ], [ -53.54843569999997, -30.847103699999934 ], [ -53.549571799999967, -30.847592899999938 ], [ -53.55217719999996, -30.84801049999993 ], [ -53.553643099999931, -30.847971399999949 ], [ -53.555745299999955, -30.84754479999998 ], [ -53.557859199999939, -30.847525799999971 ], [ -53.559550899999977, -30.847938399999975 ], [ -53.563445499999943, -30.848321399999975 ], [ -53.567488, -30.849050199999965 ], [ -53.568527199999949, -30.849756299999967 ], [ -53.569704899999977, -30.850339299999973 ], [ -53.569996799999956, -30.850760599999944 ], [ -53.571751499999948, -30.851600699999949 ], [ -53.572752699999967, -30.852380599999947 ], [ -53.572966199999939, -30.852802499999939 ], [ -53.573071699999957, -30.853782399999943 ], [ -53.574321399999974, -30.85724289999996 ], [ -53.57466729999993, -30.859646899999973 ], [ -53.575092899999959, -30.860341 ], [ -53.575868699999944, -30.860816199999931 ], [ -53.576892699999974, -30.860966499999961 ], [ -53.577524799999935, -30.86084859999994 ], [ -53.578987, -30.861681399999952 ], [ -53.581352599999946, -30.862297 ], [ -53.582174599999973, -30.862727199999938 ], [ -53.583321399999932, -30.863746499999934 ], [ -53.585412499999961, -30.865961199999958 ], [ -53.58656979999995, -30.867470299999979 ], [ -53.588054699999986, -30.868676499999935 ], [ -53.589296199999978, -30.870794599999954 ], [ -53.590096499999959, -30.871204899999952 ], [ -53.591138799999953, -30.871993799999984 ], [ -53.592118, -30.873381399999971 ], [ -53.593220299999984, -30.874575399999969 ], [ -53.594146, -30.876273099999935 ], [ -53.59423739999994, -30.876911099999973 ], [ -53.593947899999932, -30.878366899999946 ], [ -53.594252499999982, -30.880279099999939 ], [ -53.595092199999954, -30.88104119999997 ], [ -53.596170599999937, -30.880998599999941 ], [ -53.596804499999962, -30.881199 ], [ -53.598594299999945, -30.88234639999996 ], [ -53.600274799999966, -30.880600899999934 ], [ -53.601139299999943, -30.878681499999971 ], [ -53.600915099999952, -30.876252699999952 ], [ -53.602263299999947, -30.871637899999939 ], [ -53.602031299999965, -30.867555699999969 ], [ -53.599450499999932, -30.861803099999975 ], [ -53.599399799999958, -30.859901599999944 ], [ -53.600612399999932, -30.857694699999968 ], [ -53.602932199999941, -30.856742099999963 ], [ -53.605353099999945, -30.85507 ], [ -53.606719299999952, -30.855666799999938 ], [ -53.607412499999953, -30.857711799999947 ], [ -53.607977399999982, -30.860976 ], [ -53.610076799999945, -30.863587199999984 ], [ -53.612398799999937, -30.864162399999941 ], [ -53.614905199999953, -30.86414549999995 ], [ -53.616533799999956, -30.862936299999944 ] ] ] } },
{ "type": "Feature", "properties": { "id": 169, "CD_REGIAO": "4", "NM_REGIAO": "Sul", "CD_UF": "43", "NM_UF": "Rio Grande do Sul", "CD_MUN": "4302808", "NM_MUN": "Caçapava do Sul", "CD_DIST": "430280820", "NM_DIST": "Cerro do Martins", "CD_SUBDIST": "43028082000", "NM_SUBDIST": null, "CD_RGINT": "4303", "NM_RGINT": "Santa Maria", "CD_RGI": "430012", "NM_RGI": "São Gabriel - Caçapava do Sul", "CD_CONCURB": null, "NM_CONCURB": null, "SIGLA": "RS" }, "geometry": { "type": "Polygon", "coordinates": [ [ [ -53.421835099999953, -30.904626699999938 ], [ -53.421518799999944, -30.904917499999954 ], [ -53.421171899999933, -30.905135199999961 ], [ -53.420403299999975, -30.905543299999977 ], [ -53.420015599999942, -30.905903799999976 ], [ -53.419750299999976, -30.906264299999975 ], [ -53.419433599999934, -30.907189399999936 ], [ -53.419559899999967, -30.908379699999955 ], [ -53.419559899999967, -30.908883 ], [ -53.419488399999977, -30.909158099999956 ], [ -53.419369399999937, -30.909393099999932 ], [ -53.418587199999934, -30.910083099999952 ], [ -53.417801099999963, -30.910709699999984 ], [ -53.41776729999998, -30.910736699999973 ], [ -53.417802, -30.910741799999983 ], [ -53.417708199999936, -30.910784299999932 ], [ -53.416594199999963, -30.911692199999948 ], [ -53.415988899999945, -30.912134299999934 ], [ -53.415648799999985, -30.912290699999971 ], [ -53.41529509999998, -30.912353199999984 ], [ -53.414579199999935, -30.912421299999949 ], [ -53.413863299999946, -30.912471 ], [ -53.413575899999955, -30.91250969999993 ], [ -53.413332699999955, -30.912581099999954 ], [ -53.413111699999945, -30.912689899999975 ], [ -53.412900799999932, -30.912862099999984 ], [ -53.412740099999951, -30.913118299999951 ], [ -53.412628699999971, -30.913501499999938 ], [ -53.412632099999939, -30.914212299999974 ], [ -53.412739299999942, -30.914769599999943 ], [ -53.41292969999995, -30.915238899999963 ], [ -53.413200099999983, -30.915511399999957 ], [ -53.413363299999958, -30.915691699999968 ], [ -53.413509599999941, -30.915967199999955 ], [ -53.413564, -30.916484099999934 ], [ -53.413640499999985, -30.916730199999961 ], [ -53.413744299999962, -30.916876499999944 ], [ -53.413897299999974, -30.916988699999933 ], [ -53.414193199999943, -30.91708269999998 ], [ -53.414686299999971, -30.917162599999983 ], [ -53.416237099999933, -30.917312199999969 ], [ -53.417033, -30.917293499999971 ], [ -53.41740029999994, -30.917177899999956 ], [ -53.417747199999951, -30.916958499999964 ], [ -53.418179099999975, -30.916488799999968 ], [ -53.418709599999943, -30.91611469999998 ], [ -53.419321799999977, -30.915890199999978 ], [ -53.419964599999957, -30.915788599999928 ], [ -53.420712799999933, -30.915775 ], [ -53.421039299999961, -30.915856199999951 ], [ -53.421311299999957, -30.91596549999997 ], [ -53.421583399999975, -30.916186099999948 ], [ -53.421773899999948, -30.916496 ], [ -53.42191669999994, -30.916852699999936 ], [ -53.422005099999978, -30.917285 ], [ -53.421733099999983, -30.918958299999929 ], [ -53.421556199999941, -30.91959769999994 ], [ -53.421393, -30.91990329999993 ], [ -53.421168199999954, -30.920178899999939 ], [ -53.420675399999936, -30.920505299999945 ], [ -53.420127799999932, -30.920781199999965 ], [ -53.418862699999977, -30.92118929999998 ], [ -53.418019199999947, -30.921311699999933 ], [ -53.41710779999994, -30.921352599999977 ], [ -53.415366499999948, -30.921012499999961 ], [ -53.413829299999975, -30.920998899999972 ], [ -53.413096399999972, -30.921120899999949 ], [ -53.412346499999956, -30.921209699999963 ], [ -53.412009799999964, -30.921294299999943 ], [ -53.411713899999938, -30.921461399999941 ], [ -53.411557399999936, -30.921658199999968 ], [ -53.411428199999932, -30.921899699999983 ], [ -53.411258199999963, -30.922069699999952 ], [ -53.411162099999956, -30.922127499999931 ], [ -53.411054099999944, -30.922168799999952 ], [ -53.410941, -30.922176 ], [ -53.410826199999974, -30.922168399999975 ], [ -53.410557599999947, -30.922107599999947 ], [ -53.410033799999951, -30.922114399999941 ], [ -53.409578099999976, -30.922189199999934 ], [ -53.409142799999984, -30.922332 ], [ -53.408795899999973, -30.922529299999951 ], [ -53.40857479999994, -30.922729499999946 ], [ -53.408437099999958, -30.92297439999993 ], [ -53.40836059999998, -30.923243499999955 ], [ -53.408251699999937, -30.923930499999983 ], [ -53.408210899999972, -30.92458339999996 ], [ -53.408272099999976, -30.924964399999965 ], [ -53.40836059999998, -30.925304399999959 ], [ -53.408517, -30.925630899999931 ], [ -53.408734699999968, -30.925896199999954 ], [ -53.409414899999945, -30.926385899999957 ], [ -53.410678299999972, -30.927429599999982 ], [ -53.411639099999945, -30.928164599999945 ], [ -53.412149199999931, -30.92852849999997 ], [ -53.412632099999939, -30.928987699999936 ], [ -53.41306069999996, -30.929620199999931 ], [ -53.413291899999933, -30.930055599999946 ], [ -53.413356499999963, -30.93028 ], [ -53.413353099999938, -30.930424099999982 ], [ -53.413305499999979, -30.930561 ], [ -53.413224799999966, -30.930660499999931 ], [ -53.413036899999952, -30.930793599999959 ], [ -53.412785199999973, -30.930983599999934 ], [ -53.412555599999962, -30.931167199999948 ], [ -53.412442499999941, -30.931228499999975 ], [ -53.412125399999979, -30.931324099999983 ], [ -53.41202, -30.931378499999937 ], [ -53.411945199999934, -30.931446499999936 ], [ -53.41187709999997, -30.931572399999936 ], [ -53.411823599999934, -30.931630599999949 ], [ -53.411796399999957, -30.931648099999961 ], [ -53.411765799999955, -30.931657 ], [ -53.411693499999956, -30.931660399999942 ], [ -53.411618699999963, -30.931640399999935 ], [ -53.411441799999977, -30.931552 ], [ -53.411278599999946, -30.931521399999951 ], [ -53.411115299999949, -30.931524799999977 ], [ -53.410620499999936, -30.931652299999939 ], [ -53.41023279999996, -30.93184279999997 ], [ -53.40999469999997, -30.932046799999966 ], [ -53.409885899999949, -30.93225769999998 ], [ -53.409872299999961, -30.932407299999966 ], [ -53.409928399999956, -30.932587599999977 ], [ -53.409923299999946, -30.932681099999968 ], [ -53.40990759999994, -30.932721899999933 ], [ -53.409864599999935, -30.932778 ], [ -53.409795799999984, -30.932827299999929 ], [ -53.409625699999935, -30.932893599999943 ], [ -53.409368899999947, -30.93306709999996 ], [ -53.409246499999938, -30.933165699999961 ], [ -53.409177199999931, -30.933264299999962 ], [ -53.40914749999996, -30.93338 ], [ -53.409151299999962, -30.93347179999995 ], [ -53.409215899999936, -30.933689499999957 ], [ -53.409498199999973, -30.934250599999984 ], [ -53.409705599999938, -30.934464899999966 ], [ -53.409943699999985, -30.934614499999952 ], [ -53.410368799999958, -30.934726799999964 ], [ -53.410518499999966, -30.934805 ], [ -53.410678299999972, -30.934961399999963 ], [ -53.410981, -30.935284499999966 ], [ -53.411219099999983, -30.935522599999956 ], [ -53.411504699999966, -30.93565179999996 ], [ -53.412055699999939, -30.935760599999981 ], [ -53.412222299999939, -30.935794599999952 ], [ -53.412346, -30.935854199999937 ], [ -53.412465099999963, -30.935951099999954 ], [ -53.412560299999939, -30.93611089999996 ], [ -53.412613399999941, -30.936298 ], [ -53.412701899999945, -30.936951 ], [ -53.412674699999968, -30.937508699999967 ], [ -53.412599799999953, -30.937855599999978 ], [ -53.412594299999967, -30.938085199999932 ], [ -53.412553499999945, -30.938273899999956 ], [ -53.412381799999935, -30.938546 ], [ -53.412178099999949, -30.938814699999966 ], [ -53.412089699999967, -30.939127599999949 ], [ -53.412150899999972, -30.939494899999943 ], [ -53.412355, -30.940052599999945 ], [ -53.412463799999955, -30.940630799999951 ], [ -53.412486899999976, -30.940953599999943 ], [ -53.412496, -30.941109499999982 ], [ -53.412514099999953, -30.941180199999962 ], [ -53.412545, -30.94124979999998 ], [ -53.41259569999994, -30.941298 ], [ -53.412635099999932, -30.941362699999956 ], [ -53.412662799999964, -30.941435799999965 ], [ -53.412677299999984, -30.941518299999984 ], [ -53.412675499999978, -30.941608 ], [ -53.412655499999971, -30.941675099999941 ], [ -53.412624699999981, -30.941727699999944 ], [ -53.412604299999941, -30.941779699999984 ], [ -53.412600199999986, -30.941855499999974 ], [ -53.412620199999935, -30.941929899999934 ], [ -53.412693199999978, -30.94204979999995 ], [ -53.412916099999961, -30.942256899999961 ], [ -53.41299429999998, -30.942378899999937 ], [ -53.413043, -30.942490799999973 ], [ -53.413076, -30.942616899999962 ], [ -53.413063, -30.942809799999964 ], [ -53.41302109999998, -30.94298509999993 ], [ -53.41299429999998, -30.943358299999943 ], [ -53.413031299999943, -30.943519899999956 ], [ -53.413141899999971, -30.943720499999984 ], [ -53.413351399999954, -30.943895699999928 ], [ -53.414303699999948, -30.944337799999971 ], [ -53.414895499999943, -30.94448749999998 ], [ -53.415211299999953, -30.944518099999982 ], [ -53.41551439999995, -30.944514699999957 ], [ -53.415813299999968, -30.944433 ], [ -53.41609939999995, -30.944324199999983 ], [ -53.416297899999961, -30.944291899999939 ], [ -53.416500699999972, -30.944297 ], [ -53.416649899999982, -30.944349699999975 ], [ -53.416793199999972, -30.944426199999953 ], [ -53.417080199999987, -30.944668 ], [ -53.417351, -30.944922799999972 ], [ -53.417796499999952, -30.94545329999994 ], [ -53.41804129999997, -30.945827399999928 ], [ -53.418167199999971, -30.94628309999996 ], [ -53.418170599999939, -30.946987099999944 ], [ -53.41823519999997, -30.947242199999948 ], [ -53.41839159999995, -30.947510899999941 ], [ -53.419163699999956, -30.948473399999955 ], [ -53.419582, -30.948873799999944 ], [ -53.420027499999946, -30.949242 ], [ -53.420200499999964, -30.949381399999936 ], [ -53.42029169999995, -30.949434899999972 ], [ -53.420388, -30.949473199999943 ], [ -53.420504699999981, -30.949491099999932 ], [ -53.420626099999936, -30.949493599999983 ], [ -53.420993399999986, -30.949473199999943 ], [ -53.421282399999939, -30.949507199999971 ], [ -53.421578299999965, -30.94958209999993 ], [ -53.42192179999995, -30.949718099999984 ], [ -53.42222449999997, -30.949888099999953 ], [ -53.422337199999959, -30.949963 ], [ -53.422412799999961, -30.95004119999993 ], [ -53.422457899999984, -30.950154299999951 ], [ -53.422483, -30.950360899999964 ], [ -53.422428599999932, -30.950615899999946 ], [ -53.422183699999948, -30.951024099999984 ], [ -53.421574899999939, -30.951619199999982 ], [ -53.421343699999966, -30.951751899999977 ], [ -53.421085199999936, -30.951836899999932 ], [ -53.420755299999939, -30.951833499999964 ], [ -53.420360799999969, -30.951809699999956 ], [ -53.419959, -30.951677899999936 ], [ -53.419568399999946, -30.951445799999931 ], [ -53.419323499999962, -30.951326699999981 ], [ -53.419024199999967, -30.951255299999957 ], [ -53.418565099999967, -30.951231499999949 ], [ -53.418194399999948, -30.951309699999968 ], [ -53.417847499999937, -30.951422 ], [ -53.417472099999941, -30.951636199999939 ], [ -53.417303299999958, -30.951802899999961 ], [ -53.417251, -30.951898099999937 ], [ -53.417237399999976, -30.952014599999984 ], [ -53.417262099999959, -30.952129399999933 ], [ -53.417312299999935, -30.952230499999928 ], [ -53.417391299999963, -30.952319 ], [ -53.417779499999938, -30.952568099999951 ], [ -53.418177399999934, -30.952877599999965 ], [ -53.418497099999968, -30.953027199999951 ], [ -53.418762299999969, -30.953068 ], [ -53.419374499999947, -30.953142799999966 ], [ -53.419973099999936, -30.953289099999949 ], [ -53.420462799999939, -30.953476099999932 ], [ -53.420768899999985, -30.953506699999934 ], [ -53.421163399999955, -30.953452299999981 ], [ -53.421361099999956, -30.953486299999952 ], [ -53.421442699999943, -30.95351439999996 ], [ -53.421514099999968, -30.953554399999973 ], [ -53.421583, -30.953618099999971 ], [ -53.421635699999968, -30.953687 ], [ -53.421734799999967, -30.953911499999947 ], [ -53.42175519999995, -30.954255 ], [ -53.421642899999938, -30.954578 ], [ -53.421435499999973, -30.954853499999956 ], [ -53.420272399999931, -30.955554099999972 ], [ -53.419830199999979, -30.955645899999979 ], [ -53.419367699999952, -30.955608499999983 ], [ -53.418912, -30.955475899999954 ], [ -53.418497099999968, -30.955248 ], [ -53.417772199999945, -30.95474889999997 ], [ -53.417082299999947, -30.954227699999933 ], [ -53.416755799999976, -30.954095099999961 ], [ -53.41647009999997, -30.954071299999953 ], [ -53.416233299999931, -30.954114699999934 ], [ -53.416073499999982, -30.954175899999939 ], [ -53.41596, -30.954265199999952 ], [ -53.415884699999935, -30.954359499999953 ], [ -53.415837499999952, -30.954462399999954 ], [ -53.415825199999972, -30.954589099999964 ], [ -53.415840499999945, -30.954759099999933 ], [ -53.415898699999957, -30.954976 ], [ -53.416031399999952, -30.955248 ], [ -53.416204799999946, -30.955492899999967 ], [ -53.416783, -30.956411099999968 ], [ -53.416878199999985, -30.956907699999931 ], [ -53.416789799999947, -30.957424599999968 ], [ -53.416592499999979, -30.957887199999959 ], [ -53.416303, -30.958299499999953 ], [ -53.415748699999938, -30.958724599999982 ], [ -53.41509949999994, -30.959087699999941 ], [ -53.41458259999996, -30.959339399999976 ], [ -53.41395, -30.959550199999967 ], [ -53.413606499999958, -30.959727099999952 ], [ -53.412850699999979, -30.960269499999981 ], [ -53.412437899999986, -30.960573099999976 ], [ -53.41204, -30.960887599999978 ], [ -53.411883099999955, -30.961024499999951 ], [ -53.411827, -30.961088299999972 ], [ -53.411802299999977, -30.961148699999967 ], [ -53.411803199999952, -30.961209 ], [ -53.411828699999944, -30.961279599999955 ], [ -53.411889899999949, -30.961366299999952 ], [ -53.412019099999952, -30.961505799999941 ], [ -53.412386899999944, -30.961877299999969 ], [ -53.412550799999963, -30.962080399999934 ], [ -53.412721399999953, -30.962265899999977 ], [ -53.41280809999995, -30.96234069999997 ], [ -53.412855399999955, -30.962371799999971 ], [ -53.412908499999958, -30.962395099999981 ], [ -53.412954, -30.962400599999967 ], [ -53.41299859999998, -30.962395099999981 ], [ -53.41309549999994, -30.962347499999964 ], [ -53.413456, -30.96214 ], [ -53.41359209999996, -30.96210259999998 ], [ -53.413801199999966, -30.962099199999955 ], [ -53.414018899999974, -30.962134899999967 ], [ -53.414245, -30.962208099999941 ], [ -53.414522199999965, -30.962357699999984 ], [ -53.414789199999973, -30.962558299999955 ], [ -53.415408199999945, -30.963207899999929 ], [ -53.41575249999994, -30.96363219999995 ], [ -53.415932199999986, -30.963847399999963 ], [ -53.416108799999961, -30.964034399999946 ], [ -53.416214199999956, -30.964108299999964 ], [ -53.416346799999985, -30.964147399999945 ], [ -53.416488799999968, -30.96415589999998 ], [ -53.416945399999975, -30.964143199999967 ], [ -53.417118, -30.964163599999949 ], [ -53.417191699999933, -30.964176499999951 ], [ -53.417262599999958, -30.964205399999969 ], [ -53.417314199999964, -30.964241099999981 ], [ -53.417354399999965, -30.964286899999934 ], [ -53.417428299999983, -30.964394899999945 ], [ -53.417580599999951, -30.964778299999978 ], [ -53.417705599999977, -30.964669099999981 ], [ -53.418829499999958, -30.963677299999972 ], [ -53.424438, -30.958371199999931 ], [ -53.427824699999974, -30.95576959999994 ], [ -53.432598799999937, -30.953724299999976 ], [ -53.433576699999946, -30.952413599999943 ], [ -53.43337589999993, -30.950798199999952 ], [ -53.435738599999979, -30.949796599999956 ], [ -53.438974199999961, -30.950753199999951 ], [ -53.439919, -30.952400599999976 ], [ -53.440808299999958, -30.955866199999946 ], [ -53.442996699999981, -30.959664699999962 ], [ -53.443145299999969, -30.964168699999959 ], [ -53.451072799999963, -30.968226199999947 ], [ -53.452453399999968, -30.968241099999943 ], [ -53.453737199999978, -30.967595299999971 ], [ -53.45466689999995, -30.966639599999951 ], [ -53.454773599999953, -30.961499899999978 ], [ -53.454470399999934, -30.959967099999972 ], [ -53.455951299999981, -30.957590399999958 ], [ -53.463075699999933, -30.95720259999996 ], [ -53.463821399999972, -30.956168399999967 ], [ -53.463988099999938, -30.954439199999968 ], [ -53.460682799999972, -30.94980019999997 ], [ -53.456954, -30.94814759999997 ], [ -53.456259599999953, -30.946953199999939 ], [ -53.45657929999993, -30.945929 ], [ -53.460969699999964, -30.944554799999935 ], [ -53.463519399999939, -30.944485099999952 ], [ -53.466235299999937, -30.945744699999977 ], [ -53.470020499999976, -30.948584199999971 ], [ -53.476476499999933, -30.949915699999963 ], [ -53.477507299999957, -30.95185 ], [ -53.475423599999942, -30.953962099999956 ], [ -53.470335499999976, -30.955608099999949 ], [ -53.47038109999994, -30.956439 ], [ -53.473862, -30.961812599999973 ], [ -53.475024599999983, -30.966645399999948 ], [ -53.479851199999985, -30.968529299999943 ], [ -53.48205059999998, -30.967343899999946 ], [ -53.483600699999954, -30.96171929999997 ], [ -53.482196199999976, -30.959565199999929 ], [ -53.482213099999967, -30.959343399999966 ], [ -53.482221, -30.959219899999937 ], [ -53.482332699999972, -30.957728499999973 ], [ -53.483423699999946, -30.956875099999934 ], [ -53.488383899999974, -30.957798599999933 ], [ -53.49005109999996, -30.958598 ], [ -53.493350899999939, -30.961030899999969 ], [ -53.496706299999971, -30.961465199999964 ], [ -53.500507699999957, -30.955650699999978 ], [ -53.502725899999973, -30.95313189999996 ], [ -53.503628799999944, -30.950141799999983 ], [ -53.502041099999985, -30.945117299999936 ], [ -53.501728499999956, -30.940829099999974 ], [ -53.502182299999959, -30.93988289999993 ], [ -53.503993199999968, -30.939162 ], [ -53.506813899999941, -30.939042899999947 ], [ -53.508210099999985, -30.940640099999939 ], [ -53.509301099999959, -30.942773799999941 ], [ -53.510611299999937, -30.94399459999994 ], [ -53.51224689999998, -30.944210899999973 ], [ -53.514393799999937, -30.942641499999979 ], [ -53.515457599999934, -30.93775329999994 ], [ -53.516864399999974, -30.935167199999967 ], [ -53.518628199999966, -30.934197899999958 ], [ -53.520534399999974, -30.934035399999971 ], [ -53.521839899999975, -30.935164099999952 ], [ -53.522854499999937, -30.940511 ], [ -53.523229199999946, -30.941127499999936 ], [ -53.525807099999952, -30.942294199999935 ], [ -53.528391899999974, -30.945272 ], [ -53.526182099999971, -30.950490699999932 ], [ -53.526138399999979, -30.951927399999931 ], [ -53.527293799999939, -30.953404499999976 ], [ -53.52849329999998, -30.95360009999996 ], [ -53.533243199999959, -30.952633299999945 ], [ -53.537250099999937, -30.953583899999956 ], [ -53.542228199999954, -30.953672 ], [ -53.545119199999931, -30.951617699999929 ], [ -53.54610619999994, -30.949822599999948 ], [ -53.546151099999975, -30.948509499999943 ], [ -53.543795599999953, -30.946714499999928 ], [ -53.536699399999975, -30.947759 ], [ -53.533406, -30.946699899999942 ], [ -53.531759399999942, -30.944642099999953 ], [ -53.531758599999932, -30.943082599999968 ], [ -53.536805399999935, -30.93836639999995 ], [ -53.539374799999962, -30.93762959999998 ], [ -53.544432899999947, -30.93921249999994 ], [ -53.547217799999942, -30.940687 ], [ -53.553375799999969, -30.940285399999937 ], [ -53.557250899999985, -30.942299299999945 ], [ -53.558778699999948, -30.941396199999929 ], [ -53.560905599999955, -30.937609899999984 ], [ -53.560271199999931, -30.936062599999957 ], [ -53.558800699999949, -30.934780499999931 ], [ -53.553597199999956, -30.933637899999951 ], [ -53.549791, -30.93421 ], [ -53.54642819999998, -30.93349569999998 ], [ -53.542730799999958, -30.930543199999931 ], [ -53.542520299999978, -30.928612199999975 ], [ -53.54284309999997, -30.927389399999981 ], [ -53.544214799999963, -30.926518499999929 ], [ -53.548885499999983, -30.925588699999935 ], [ -53.552356399999951, -30.925953399999969 ], [ -53.554965299999935, -30.926744399999961 ], [ -53.556634499999973, -30.928240199999948 ], [ -53.55939189999998, -30.931585899999959 ], [ -53.56079909999994, -30.932057899999961 ], [ -53.563611599999945, -30.931626399999971 ], [ -53.566266399999961, -30.929699699999958 ], [ -53.563965799999949, -30.925502399999971 ], [ -53.562673699999948, -30.921819899999946 ], [ -53.56597, -30.915637199999935 ], [ -53.569239799999934, -30.912953099999982 ], [ -53.572006399999964, -30.909277699999961 ], [ -53.573844699999938, -30.908024699999942 ], [ -53.577454, -30.909137799999939 ], [ -53.578748799999971, -30.91135909999997 ], [ -53.580350299999964, -30.919277199999954 ], [ -53.586357, -30.923562799999956 ], [ -53.590091099999938, -30.924764399999958 ], [ -53.600629099999935, -30.920218099999943 ], [ -53.601549899999952, -30.918915799999979 ], [ -53.598009199999979, -30.910006099999976 ], [ -53.597192099999972, -30.909272899999962 ], [ -53.592621, -30.909457 ], [ -53.590545599999984, -30.909188899999947 ], [ -53.58943979999998, -30.907992099999944 ], [ -53.589563399999975, -30.90671169999996 ], [ -53.594670099999973, -30.902800699999943 ], [ -53.59554449999996, -30.901317899999981 ], [ -53.59518769999994, -30.899861 ], [ -53.593894599999942, -30.899168699999962 ], [ -53.590005399999939, -30.899464099999932 ], [ -53.588787499999967, -30.898584399999947 ], [ -53.588021599999934, -30.896696799999972 ], [ -53.588832799999977, -30.895560199999977 ], [ -53.592603699999984, -30.895512599999961 ], [ -53.596376499999963, -30.896716899999944 ], [ -53.602905399999941, -30.896711799999935 ], [ -53.607869499999936, -30.899542 ], [ -53.609442299999955, -30.898857599999928 ], [ -53.609885399999939, -30.897661199999959 ], [ -53.609085099999959, -30.895899 ], [ -53.605540599999983, -30.894316099999969 ], [ -53.598663299999942, -30.886615599999971 ], [ -53.597840099999985, -30.884643199999971 ], [ -53.597915799999953, -30.883051499999965 ], [ -53.598594299999945, -30.88234639999996 ], [ -53.596804499999962, -30.881199 ], [ -53.596170599999937, -30.880998599999941 ], [ -53.595092199999954, -30.88104119999997 ], [ -53.594252499999982, -30.880279099999939 ], [ -53.593947899999932, -30.878366899999946 ], [ -53.59423739999994, -30.876911099999973 ], [ -53.594146, -30.876273099999935 ], [ -53.593220299999984, -30.874575399999969 ], [ -53.592118, -30.873381399999971 ], [ -53.591138799999953, -30.871993799999984 ], [ -53.590096499999959, -30.871204899999952 ], [ -53.589296199999978, -30.870794599999954 ], [ -53.588054699999986, -30.868676499999935 ], [ -53.58656979999995, -30.867470299999979 ], [ -53.585412499999961, -30.865961199999958 ], [ -53.583321399999932, -30.863746499999934 ], [ -53.582174599999973, -30.862727199999938 ], [ -53.581352599999946, -30.862297 ], [ -53.578987, -30.861681399999952 ], [ -53.577524799999935, -30.86084859999994 ], [ -53.576892699999974, -30.860966499999961 ], [ -53.575868699999944, -30.860816199999931 ], [ -53.575092899999959, -30.860341 ], [ -53.57466729999993, -30.859646899999973 ], [ -53.574321399999974, -30.85724289999996 ], [ -53.573071699999957, -30.853782399999943 ], [ -53.572966199999939, -30.852802499999939 ], [ -53.572752699999967, -30.852380599999947 ], [ -53.571751499999948, -30.851600699999949 ], [ -53.569996799999956, -30.850760599999944 ], [ -53.569704899999977, -30.850339299999973 ], [ -53.568527199999949, -30.849756299999967 ], [ -53.567488, -30.849050199999965 ], [ -53.563445499999943, -30.848321399999975 ], [ -53.559550899999977, -30.847938399999975 ], [ -53.557859199999939, -30.847525799999971 ], [ -53.555745299999955, -30.84754479999998 ], [ -53.553643099999931, -30.847971399999949 ], [ -53.55217719999996, -30.84801049999993 ], [ -53.549571799999967, -30.847592899999938 ], [ -53.54843569999997, -30.847103699999934 ], [ -53.547015, -30.846194 ], [ -53.545608399999935, -30.845656 ], [ -53.540931499999942, -30.845152499999983 ], [ -53.539671199999987, -30.844621299999972 ], [ -53.538636199999985, -30.84398079999994 ], [ -53.535416299999952, -30.841195699999957 ], [ -53.533686199999977, -30.840335399999958 ], [ -53.532877599999949, -30.839582899999982 ], [ -53.531729399999961, -30.839020399999981 ], [ -53.530237199999931, -30.838493699999958 ], [ -53.527040799999952, -30.836956799999939 ], [ -53.524897099999976, -30.835431 ], [ -53.523820799999953, -30.83513389999996 ], [ -53.52261939999994, -30.835007699999949 ], [ -53.521433599999966, -30.834455799999944 ], [ -53.519255399999963, -30.832961299999965 ], [ -53.51784159999994, -30.83245549999998 ], [ -53.514831099999981, -30.831651399999942 ], [ -53.51487149999997, -30.829431799999952 ], [ -53.515712599999972, -30.828455399999939 ], [ -53.515874599999961, -30.827833699999928 ], [ -53.515739599999961, -30.827039399999933 ], [ -53.515072399999951, -30.825856299999941 ], [ -53.514945399999931, -30.824920399999939 ], [ -53.515267699999981, -30.823591199999953 ], [ -53.51504639999996, -30.822913899999946 ], [ -53.514044599999977, -30.821360599999934 ], [ -53.513086199999975, -30.819091199999946 ], [ -53.513433899999939, -30.817709799999932 ], [ -53.510283299999969, -30.811870299999953 ], [ -53.509824599999945, -30.810406499999942 ], [ -53.510024699999974, -30.809284299999945 ], [ -53.511460499999941, -30.804953 ], [ -53.511548599999969, -30.80405589999998 ], [ -53.511383399999943, -30.802013199999976 ], [ -53.51167769999995, -30.801051899999948 ], [ -53.512211399999956, -30.800075299999946 ], [ -53.513657499999965, -30.798416599999939 ], [ -53.515766799999938, -30.796599799999967 ], [ -53.518952799999965, -30.794268299999942 ], [ -53.519656699999985, -30.793485299999929 ], [ -53.520371899999986, -30.792337 ], [ -53.522466599999973, -30.790663499999937 ], [ -53.523468, -30.789524399999948 ], [ -53.52378189999996, -30.788368299999945 ], [ -53.523764299999982, -30.787696299999936 ], [ -53.522983299999964, -30.786320599999954 ], [ -53.521523799999954, -30.783149299999934 ], [ -53.520655899999952, -30.782047499999976 ], [ -53.519401899999934, -30.780855799999983 ], [ -53.518194599999958, -30.779104199999949 ], [ -53.516765299999975, -30.775582099999951 ], [ -53.516697, -30.774401099999977 ], [ -53.51700169999998, -30.772169899999938 ], [ -53.516977299999951, -30.771211 ], [ -53.516808099999935, -30.770574499999952 ], [ -53.516247199999952, -30.769527899999957 ], [ -53.515988399999969, -30.768416599999966 ], [ -53.51597449999997, -30.767872599999976 ], [ -53.516273899999931, -30.766890599999954 ], [ -53.516821599999957, -30.765981599999975 ], [ -53.517798299999981, -30.76535569999993 ], [ -53.522960299999966, -30.762823099999935 ], [ -53.524032199999965, -30.76214959999993 ], [ -53.524620299999981, -30.761275099999978 ], [ -53.525365, -30.75914819999997 ], [ -53.526620499999979, -30.757429099999968 ], [ -53.528142799999955, -30.755832799999951 ], [ -53.529078299999981, -30.754390299999955 ], [ -53.530462, -30.753337299999941 ], [ -53.532614699999954, -30.752433099999962 ], [ -53.534139599999946, -30.753715799999952 ], [ -53.536756099999934, -30.752368599999954 ], [ -53.538203099999976, -30.752244799999971 ], [ -53.539131499999939, -30.752706299999943 ], [ -53.540234699999985, -30.753964 ], [ -53.541132399999981, -30.754713099999947 ], [ -53.54281629999997, -30.754873299999929 ], [ -53.544430899999952, -30.754665199999977 ], [ -53.548406099999966, -30.75330809999997 ], [ -53.54927, -30.752595799999938 ], [ -53.548645699999952, -30.750303499999973 ], [ -53.54820129999996, -30.746833799999933 ], [ -53.548296899999968, -30.745591199999978 ], [ -53.548615899999959, -30.744372 ], [ -53.549223599999948, -30.743484699999954 ], [ -53.55041929999993, -30.742596799999944 ], [ -53.551821799999971, -30.74192249999993 ], [ -53.552477399999987, -30.741289699999982 ], [ -53.553185599999949, -30.740116 ], [ -53.55372049999994, -30.739593799999966 ], [ -53.555593399999964, -30.739247499999976 ], [ -53.55744059999995, -30.73859 ], [ -53.558617099999935, -30.73797339999993 ], [ -53.55920279999998, -30.737099599999965 ], [ -53.559452299999975, -30.735503899999969 ], [ -53.559204099999931, -30.730372599999953 ], [ -53.559533099999953, -30.729449199999976 ], [ -53.561094499999967, -30.727746099999933 ], [ -53.562696499999959, -30.724441199999944 ], [ -53.563289699999984, -30.72254 ], [ -53.564023799999973, -30.718118199999935 ], [ -53.564973899999984, -30.713919099999941 ], [ -53.564826599999947, -30.71300569999994 ], [ -53.562940799999978, -30.711238699999967 ], [ -53.561223599999948, -30.71006669999997 ], [ -53.55882779999996, -30.707072099999948 ], [ -53.557168399999966, -30.704475 ], [ -53.555882799999949, -30.702098399999954 ], [ -53.552718099999936, -30.697296199999982 ], [ -53.552425699999958, -30.695953899999949 ], [ -53.552456499999948, -30.694713799999931 ], [ -53.553130399999986, -30.693433399999947 ], [ -53.553381399999978, -30.691971299999977 ], [ -53.553254699999968, -30.690234499999974 ], [ -53.551846899999987, -30.686810199999968 ], [ -53.55072789999997, -30.684595599999966 ], [ -53.550558299999977, -30.682455499999946 ], [ -53.550686699999972, -30.679972699999951 ], [ -53.550188599999956, -30.679362199999957 ], [ -53.548748599999954, -30.67842 ], [ -53.547721699999954, -30.677306099999953 ], [ -53.546884799999987, -30.675503699999979 ], [ -53.546021399999972, -30.670006599999965 ], [ -53.546218199999942, -30.668978099999947 ], [ -53.547475399999939, -30.665448499999968 ], [ -53.548037699999952, -30.66479019999997 ], [ -53.548268899999982, -30.661968699999932 ], [ -53.548599399999944, -30.661126499999966 ], [ -53.546925299999941, -30.658543599999973 ], [ -53.547163499999954, -30.657812 ], [ -53.547740499999975, -30.657144799999969 ], [ -53.549134899999956, -30.656362199999933 ], [ -53.550296799999956, -30.656000899999981 ], [ -53.551004599999942, -30.655462099999966 ], [ -53.553261199999952, -30.652324699999951 ], [ -53.553827699999943, -30.651871099999937 ], [ -53.555457899999965, -30.651513199999954 ], [ -53.55835339999993, -30.650066299999935 ], [ -53.558485, -30.648440499999936 ], [ -53.558306399999935, -30.647110299999952 ], [ -53.557705799999951, -30.646352399999955 ], [ -53.557784499999968, -30.646247099999982 ], [ -53.555750499999931, -30.643432299999972 ], [ -53.551256, -30.638080599999967 ], [ -53.550326, -30.636379899999952 ], [ -53.548976099999948, -30.63550209999994 ], [ -53.546142799999984, -30.634407099999976 ], [ -53.542581299999938, -30.634692299999983 ], [ -53.541301099999941, -30.635640299999977 ], [ -53.539809399999967, -30.638059599999963 ], [ -53.538219699999956, -30.639579199999957 ], [ -53.536678699999982, -30.64073639999998 ], [ -53.535823499999935, -30.641996099999972 ], [ -53.535049799999967, -30.642135 ], [ -53.53434139999996, -30.641932199999928 ], [ -53.533491099999935, -30.641948099999979 ], [ -53.533095599999967, -30.642421099999979 ], [ -53.532893, -30.643108599999948 ], [ -53.532423199999982, -30.643612099999984 ], [ -53.531923699999936, -30.643577799999946 ], [ -53.53105759999994, -30.642973 ], [ -53.529829599999971, -30.642781899999932 ], [ -53.529264, -30.642387499999984 ], [ -53.529318699999976, -30.640150699999936 ], [ -53.528764699999954, -30.638857099999939 ], [ -53.527284399999985, -30.636727499999949 ], [ -53.526195199999961, -30.636128199999973 ], [ -53.525378, -30.63598989999997 ], [ -53.523733199999981, -30.636796599999968 ], [ -53.523322, -30.636619199999984 ], [ -53.523227899999938, -30.635814299999936 ], [ -53.522892399999932, -30.635726499999976 ], [ -53.522248099999956, -30.635876499999938 ], [ -53.521379599999932, -30.63664179999995 ], [ -53.520172, -30.637193 ], [ -53.518878299999983, -30.638707199999942 ], [ -53.51817989999995, -30.63881559999993 ], [ -53.517161199999975, -30.638089299999933 ], [ -53.515053099999932, -30.63597169999997 ], [ -53.51533429999995, -30.635436 ], [ -53.516171299999939, -30.634924099999978 ], [ -53.516531599999951, -30.634421199999963 ], [ -53.516119199999935, -30.632815 ], [ -53.515476, -30.632331 ], [ -53.514701699999932, -30.63237769999995 ], [ -53.514011499999981, -30.632948799999951 ], [ -53.513478799999973, -30.634557799999982 ], [ -53.512897199999941, -30.634880299999963 ], [ -53.511868199999981, -30.635180399999967 ], [ -53.510286899999983, -30.637011899999948 ], [ -53.507303299999933, -30.638294899999948 ], [ -53.506667299999947, -30.63803 ], [ -53.506428399999947, -30.637410399999965 ], [ -53.506331899999964, -30.636481899999978 ], [ -53.505869099999984, -30.635805399999981 ], [ -53.504445499999974, -30.635120799999982 ], [ -53.503481299999976, -30.634984499999973 ], [ -53.502450099999976, -30.63449079999998 ], [ -53.501896199999976, -30.634501299999954 ], [ -53.501494299999933, -30.634758599999941 ], [ -53.500564699999984, -30.63459 ], [ -53.49898909999996, -30.636913799999945 ], [ -53.498067699999979, -30.638785499999983 ], [ -53.497038, -30.639808899999935 ], [ -53.495858, -30.63963739999997 ], [ -53.495303399999955, -30.639367399999969 ], [ -53.494947899999943, -30.638114 ], [ -53.494114099999933, -30.637769799999944 ], [ -53.492422199999965, -30.638762699999972 ], [ -53.491411199999959, -30.638989599999945 ], [ -53.489602399999967, -30.63977449999993 ], [ -53.487519, -30.639205299999958 ], [ -53.486507199999949, -30.639774899999964 ], [ -53.485739299999977, -30.638615499999958 ], [ -53.483771799999943, -30.639217499999972 ], [ -53.482038599999953, -30.640102699999943 ], [ -53.480975199999932, -30.638228599999934 ], [ -53.478858599999967, -30.637439 ], [ -53.478753599999948, -30.63504469999998 ], [ -53.478125299999931, -30.633937199999934 ], [ -53.476733499999966, -30.635354099999972 ], [ -53.475441, -30.63613179999993 ], [ -53.473865899999964, -30.63573759999997 ], [ -53.469356599999969, -30.635900599999957 ], [ -53.467709799999966, -30.636395299999947 ], [ -53.465871199999981, -30.637454 ], [ -53.465118899999936, -30.638627099999951 ], [ -53.463227899999936, -30.638586799999928 ], [ -53.46142489999994, -30.638272699999959 ], [ -53.460452299999986, -30.639093899999978 ], [ -53.460207, -30.639300399999968 ], [ -53.46090739999994, -30.640543499999978 ], [ -53.460052599999983, -30.641370699999982 ], [ -53.458143399999983, -30.642334199999937 ], [ -53.457571899999948, -30.643427799999984 ], [ -53.456389199999933, -30.642249299999946 ], [ -53.454807199999948, -30.64253309999998 ], [ -53.453724, -30.643326 ], [ -53.453497599999935, -30.645377899999971 ], [ -53.45303679999995, -30.647165499999971 ], [ -53.451873199999966, -30.64668439999997 ], [ -53.451193399999966, -30.644397699999956 ], [ -53.447478699999976, -30.641415299999949 ], [ -53.446090699999957, -30.639315899999929 ], [ -53.444419499999981, -30.637859299999946 ], [ -53.443062899999973, -30.638851099999954 ], [ -53.442876399999932, -30.640631699999972 ], [ -53.444027, -30.642464 ], [ -53.442238399999951, -30.642730599999936 ], [ -53.436646199999984, -30.646604 ], [ -53.434364, -30.647420299999965 ], [ -53.432424, -30.64627889999997 ], [ -53.434019899999953, -30.643812599999933 ], [ -53.435017, -30.643135099999938 ], [ -53.43518679999994, -30.642631599999959 ], [ -53.434241499999985, -30.640697199999977 ], [ -53.434802399999967, -30.639140099999963 ], [ -53.435785599999974, -30.637963699999943 ], [ -53.436313199999972, -30.635132799999951 ], [ -53.434506399999975, -30.635688699999946 ], [ -53.432837599999971, -30.637072299999943 ], [ -53.431958899999984, -30.638748899999939 ], [ -53.430921499999954, -30.637763899999982 ], [ -53.429967, -30.635446099999967 ], [ -53.428649, -30.63624219999997 ], [ -53.427221599999939, -30.638083199999983 ], [ -53.42575249999993, -30.638303099999973 ], [ -53.424238, -30.639512299999978 ], [ -53.423167599999942, -30.63899159999994 ], [ -53.421652299999948, -30.639096699999982 ], [ -53.420162399999981, -30.640361 ], [ -53.418756799999983, -30.639383299999963 ], [ -53.417542399999945, -30.637841799999933 ], [ -53.419844499999954, -30.635942499999942 ], [ -53.42019339999996, -30.635164799999984 ], [ -53.420173199999965, -30.634352 ], [ -53.41832439999996, -30.633207199999958 ], [ -53.417790199999956, -30.633914699999934 ], [ -53.416879199999983, -30.634317399999929 ], [ -53.416162, -30.633210199999951 ], [ -53.41570489999998, -30.633412 ], [ -53.415246199999956, -30.635276099999942 ], [ -53.416170799999975, -30.637305199999957 ], [ -53.414200499999936, -30.63863669999995 ], [ -53.41275909999996, -30.63997779999994 ], [ -53.409729199999958, -30.64022749999998 ], [ -53.407508, -30.641813899999931 ], [ -53.404898299999957, -30.641572899999971 ], [ -53.402350599999977, -30.64092439999996 ], [ -53.401672499999961, -30.641438099999959 ], [ -53.401249399999983, -30.643069599999933 ], [ -53.402867699999945, -30.643193399999973 ], [ -53.404023, -30.644312699999944 ], [ -53.403957099999957, -30.645356899999967 ], [ -53.402887799999974, -30.64756 ], [ -53.401329399999952, -30.64903929999997 ], [ -53.399496899999974, -30.649459299999933 ], [ -53.399051799999938, -30.649061299999971 ], [ -53.398461699999984, -30.645788899999957 ], [ -53.395663899999931, -30.644255199999975 ], [ -53.394697099999973, -30.642534199999943 ], [ -53.39426009999994, -30.640667699999938 ], [ -53.394355599999983, -30.639917699999955 ], [ -53.39548869999993, -30.638209199999949 ], [ -53.396408299999962, -30.636261599999955 ], [ -53.395657599999936, -30.635695299999952 ], [ -53.394521899999972, -30.635312099999965 ], [ -53.392253699999969, -30.634888399999966 ], [ -53.390291799999943, -30.633842799999968 ], [ -53.388901399999952, -30.631511 ], [ -53.387656799999945, -30.631534 ], [ -53.386366899999985, -30.632465899999943 ], [ -53.384573599999953, -30.632499899999971 ], [ -53.38247309999997, -30.631455299999971 ], [ -53.381187199999943, -30.631594399999983 ], [ -53.380023499999936, -30.631191099999967 ], [ -53.37857779999996, -30.631355599999949 ], [ -53.376720699999964, -30.630768499999931 ], [ -53.374598699999979, -30.630651899999975 ], [ -53.373891, -30.629930499999944 ], [ -53.375548899999956, -30.628876 ], [ -53.375744299999951, -30.627523 ], [ -53.376491, -30.626076199999943 ], [ -53.375995299999943, -30.624656799999968 ], [ -53.374511299999938, -30.624142799999959 ], [ -53.37299059999998, -30.62413179999993 ], [ -53.372227099999975, -30.623970299999939 ], [ -53.371725699999956, -30.622319 ], [ -53.36954609999998, -30.621626599999956 ], [ -53.369122799999957, -30.621284499999945 ], [ -53.369552, -30.620079699999962 ], [ -53.371187299999974, -30.619120699999939 ], [ -53.371687799999961, -30.618011 ], [ -53.372368799999947, -30.617535299999929 ], [ -53.371603099999959, -30.614495499999975 ], [ -53.369749699999943, -30.61209539999993 ], [ -53.368423599999971, -30.612505699999929 ], [ -53.367689899999959, -30.613544799999943 ], [ -53.366258099999982, -30.613376399999936 ], [ -53.365811899999983, -30.612069899999938 ], [ -53.370478299999945, -30.608932899999957 ], [ -53.371345799999972, -30.607659 ], [ -53.371365299999979, -30.606578499999955 ], [ -53.370600499999966, -30.605355299999928 ], [ -53.369658699999945, -30.604562399999963 ], [ -53.369118399999934, -30.60442269999993 ], [ -53.368880499999932, -30.604450399999962 ], [ -53.367556099999945, -30.609107299999948 ], [ -53.362481199999934, -30.611547599999938 ], [ -53.358448399999986, -30.613753 ], [ -53.353457499999934, -30.617458 ], [ -53.348058499999979, -30.620197499999961 ], [ -53.342120899999941, -30.621415899999931 ], [ -53.33412919999995, -30.622069799999963 ], [ -53.326275, -30.626052199999947 ], [ -53.325224099999957, -30.626429199999961 ], [ -53.322136199999932, -30.627536099999929 ], [ -53.31955709999994, -30.629877699999952 ], [ -53.316801199999986, -30.633592 ], [ -53.314083499999981, -30.635566599999947 ], [ -53.307114899999931, -30.641771299999959 ], [ -53.303022399999975, -30.643945799999983 ], [ -53.298471399999983, -30.646022899999934 ], [ -53.293842199999972, -30.648651499999971 ], [ -53.29106319999994, -30.651598399999955 ], [ -53.285753, -30.659937 ], [ -53.284114, -30.663162399999976 ], [ -53.279078099999936, -30.667266499999982 ], [ -53.274972, -30.670070499999952 ], [ -53.27146, -30.672922699999958 ], [ -53.26813, -30.675969799999962 ], [ -53.263297899999941, -30.679994099999931 ], [ -53.259938199999965, -30.681950399999948 ], [ -53.256737399999963, -30.683574599999929 ], [ -53.253584799999942, -30.686117199999956 ], [ -53.250518599999964, -30.689739 ], [ -53.243075, -30.696920599999942 ], [ -53.241047499999979, -30.699107699999956 ], [ -53.235887199999979, -30.707671399999981 ], [ -53.23464, -30.708956499999942 ], [ -53.231828299999961, -30.710708699999941 ], [ -53.226306299999976, -30.714827599999978 ], [ -53.217843699999946, -30.72232 ], [ -53.21606079999998, -30.72317419999996 ], [ -53.215031199999942, -30.723960799999929 ], [ -53.210985899999969, -30.727379499999984 ], [ -53.210914399999979, -30.727422299999944 ], [ -53.210932599999978, -30.727424099999951 ], [ -53.210939, -30.72743319999995 ], [ -53.211090599999977, -30.727438899999981 ], [ -53.211456299999952, -30.727471299999934 ], [ -53.212007299999982, -30.727601 ], [ -53.21243579999998, -30.727845399999978 ], [ -53.212741899999969, -30.728213099999948 ], [ -53.212918699999932, -30.728682 ], [ -53.212948599999947, -30.72889379999998 ], [ -53.212932299999977, -30.729111 ], [ -53.212781799999959, -30.729492099999959 ], [ -53.212571799999978, -30.729811199999972 ], [ -53.21202089999997, -30.730362499999956 ], [ -53.211191, -30.730770199999938 ], [ -53.210334, -30.731035899999938 ], [ -53.209742199999937, -30.731355199999939 ], [ -53.209259299999985, -30.731797699999959 ], [ -53.208572299999958, -30.732756399999971 ], [ -53.208205, -30.733593 ], [ -53.208043099999941, -30.734002399999952 ], [ -53.208001, -30.734484499999951 ], [ -53.208082899999965, -30.73488709999998 ], [ -53.208273, -30.735211799999945 ], [ -53.209036499999968, -30.736112599999956 ], [ -53.209844299999986, -30.736810699999978 ], [ -53.210334, -30.737062 ], [ -53.210919, -30.737178 ], [ -53.211463099999946, -30.737415699999929 ], [ -53.211980099999948, -30.737790199999949 ], [ -53.212340599999948, -30.738177499999949 ], [ -53.212634099999946, -30.738712299999975 ], [ -53.213000299999976, -30.740347299999939 ], [ -53.213598899999965, -30.742048199999942 ], [ -53.215340199999957, -30.745095399999968 ], [ -53.215656099999933, -30.745881399999973 ], [ -53.215884299999971, -30.746809499999983 ], [ -53.215764899999954, -30.748085899999978 ], [ -53.215571399999931, -30.749285399999962 ], [ -53.215551, -30.750529699999959 ], [ -53.215699599999937, -30.751145899999983 ], [ -53.215891099999965, -30.751631599999939 ], [ -53.216094799999951, -30.75187829999993 ], [ -53.216349499999978, -30.752080099999944 ], [ -53.216748199999984, -30.752624699999956 ], [ -53.216860699999984, -30.752975699999979 ], [ -53.216870599999936, -30.753400099999965 ], [ -53.216708399999959, -30.75403069999993 ], [ -53.215884299999971, -30.75577439999995 ], [ -53.215170099999966, -30.758569899999941 ], [ -53.214925299999948, -30.760406399999965 ], [ -53.21483, -30.762379 ], [ -53.215054499999951, -30.76312 ], [ -53.215024299999982, -30.763656899999944 ], [ -53.215047699999957, -30.763909 ], [ -53.215085899999963, -30.763983199999984 ], [ -53.215211899999986, -30.764095599999962 ], [ -53.215255199999945, -30.764167899999961 ], [ -53.215266299999939, -30.764237 ], [ -53.215231899999935, -30.764425 ], [ -53.215217699999982, -30.764613399999973 ], [ -53.21533, -30.765365 ], [ -53.215377599999954, -30.766154 ], [ -53.215598699999987, -30.766759 ], [ -53.215966, -30.767350699999952 ], [ -53.216075799999942, -30.76752369999997 ], [ -53.216166599999951, -30.767725299999938 ], [ -53.216197199999954, -30.767831899999976 ], [ -53.21619, -30.767881199999977 ], [ -53.21617, -30.767925499999933 ], [ -53.216079399999956, -30.768062099999952 ], [ -53.216038599999933, -30.768141299999968 ], [ -53.216017, -30.768228599999929 ], [ -53.216037699999958, -30.768430199999955 ], [ -53.216098599999953, -30.768581899999958 ], [ -53.21619359999994, -30.768727499999954 ], [ -53.216309399999943, -30.768840799999964 ], [ -53.216599699999961, -30.768986699999971 ], [ -53.216935199999966, -30.769085599999983 ], [ -53.21735469999993, -30.769170699999961 ], [ -53.217761699999983, -30.769296099999963 ], [ -53.217818799999975, -30.769335099999978 ], [ -53.217870499999947, -30.769396399999948 ], [ -53.217920299999946, -30.769429399999979 ], [ -53.217982699999936, -30.769435499999929 ], [ -53.218122499999936, -30.769410899999968 ], [ -53.218288799999982, -30.76940529999996 ], [ -53.218544899999983, -30.769449 ], [ -53.218710499999986, -30.769527799999935 ], [ -53.218768699999941, -30.76958529999996 ], [ -53.218800499999986, -30.769656899999973 ], [ -53.218833099999983, -30.769711799999982 ], [ -53.21886939999996, -30.769733899999949 ], [ -53.218918, -30.769745 ], [ -53.21896449999997, -30.769741199999942 ], [ -53.218998099999965, -30.76971 ], [ -53.219038899999987, -30.769641499999977 ], [ -53.219083299999966, -30.769572199999971 ], [ -53.219131299999958, -30.769542699999931 ], [ -53.219182099999955, -30.769539 ], [ -53.219225599999959, -30.769550799999934 ], [ -53.219280899999944, -30.769577699999957 ], [ -53.21934159999995, -30.769646899999941 ], [ -53.219395099999986, -30.769735399999945 ], [ -53.219462199999953, -30.76976929999995 ], [ -53.219533499999955, -30.769772199999977 ], [ -53.21958, -30.769752099999948 ], [ -53.219607199999984, -30.76971 ], [ -53.219641599999932, -30.769594299999937 ], [ -53.219665199999952, -30.769537399999933 ], [ -53.219697799999949, -30.769487 ], [ -53.219759499999952, -30.769440199999963 ], [ -53.219832799999949, -30.76940529999996 ], [ -53.219930799999986, -30.769394 ], [ -53.220025899999939, -30.769414499999982 ], [ -53.220183099999986, -30.769493299999965 ], [ -53.22057609999996, -30.76974569999993 ], [ -53.220995899999934, -30.769952499999931 ], [ -53.221295199999986, -30.770024299999932 ], [ -53.221506099999942, -30.770023899999956 ], [ -53.222001899999952, -30.769891299999983 ], [ -53.222509399999979, -30.769826599999931 ], [ -53.222631899999953, -30.769836399999974 ], [ -53.222750699999949, -30.769860499999936 ], [ -53.222815, -30.769888 ], [ -53.222873299999947, -30.769929099999956 ], [ -53.222910199999944, -30.769975 ], [ -53.222928299999978, -30.770025499999974 ], [ -53.222923799999933, -30.770152699999983 ], [ -53.222896599999956, -30.770244199999979 ], [ -53.222849499999938, -30.770324899999935 ], [ -53.22277239999994, -30.77038559999994 ], [ -53.222726699999953, -30.770424 ], [ -53.222692599999959, -30.770467799999949 ], [ -53.222662299999968, -30.770555399999978 ], [ -53.222642, -30.770649599999956 ], [ -53.222635499999967, -30.770711 ], [ -53.222640099999978, -30.770777799999962 ], [ -53.222664499999951, -30.770827099999963 ], [ -53.222692599999959, -30.770866599999977 ], [ -53.222738899999968, -30.77089959999995 ], [ -53.222790499999974, -30.770922799999937 ], [ -53.222842199999945, -30.770934899999929 ], [ -53.222897099999955, -30.770938699999931 ], [ -53.223154, -30.770909599999982 ], [ -53.223406899999986, -30.770897399999967 ], [ -53.223674299999971, -30.770924099999945 ], [ -53.223967099999982, -30.770965799999942 ], [ -53.224059499999953, -30.770984399999975 ], [ -53.224099399999943, -30.771006499999942 ], [ -53.22412479999997, -30.771037799999931 ], [ -53.224192799999969, -30.771195099999943 ], [ -53.224248099999954, -30.771372399999962 ], [ -53.224393499999962, -30.77161209999997 ], [ -53.22452, -30.771727699999929 ], [ -53.224590599999942, -30.771779299999935 ], [ -53.224669, -30.771799599999952 ], [ -53.224722099999951, -30.771802399999956 ], [ -53.22477379999998, -30.771789399999932 ], [ -53.224822699999947, -30.771758899999952 ], [ -53.224869599999977, -30.771717499999966 ], [ -53.224905199999966, -30.77164879999998 ], [ -53.224933299999975, -30.771566399999983 ], [ -53.225029499999948, -30.771439099999952 ], [ -53.225129099999947, -30.771363299999962 ], [ -53.225274299999967, -30.771306 ], [ -53.225435499999946, -30.771279899999968 ], [ -53.225517, -30.771287499999971 ], [ -53.225594, -30.771316699999943 ], [ -53.225705599999969, -30.771405 ], [ -53.225791299999969, -30.771540699999946 ], [ -53.225937499999986, -30.77196239999995 ], [ -53.226006499999983, -30.772064899999975 ], [ -53.226090599999964, -30.772169899999938 ], [ -53.226128, -30.772315099999958 ], [ -53.226159699999982, -30.772508499999958 ], [ -53.226197899999931, -30.772574399999939 ], [ -53.226254, -30.772626299999956 ], [ -53.226392699999963, -30.772733799999969 ], [ -53.226621099999932, -30.772867099999928 ], [ -53.226728, -30.772906099999943 ], [ -53.226852399999984, -30.772915099999977 ], [ -53.226983599999983, -30.772906399999954 ], [ -53.22709969999994, -30.772862599999939 ], [ -53.22732259999998, -30.772721199999978 ], [ -53.22745679999997, -30.77268429999998 ], [ -53.227621, -30.77268 ], [ -53.227940799999942, -30.772689799999966 ], [ -53.228263799999979, -30.772710599999982 ], [ -53.228418499999975, -30.772683099999938 ], [ -53.228546, -30.772629399999971 ], [ -53.228616099999954, -30.772591499999976 ], [ -53.228643299999931, -30.772564699999975 ], [ -53.228661699999975, -30.772527 ], [ -53.228688599999941, -30.772406599999954 ], [ -53.228733099999943, -30.772305899999935 ], [ -53.228760199999954, -30.772266499999944 ], [ -53.228800099999944, -30.772238 ], [ -53.228823, -30.772230899999954 ], [ -53.228845399999955, -30.772226599999954 ], [ -53.228869499999973, -30.772225499999934 ], [ -53.228892899999948, -30.77222809999995 ], [ -53.228924699999936, -30.772242399999982 ], [ -53.228957799999932, -30.772265199999936 ], [ -53.229022199999974, -30.772343299999932 ], [ -53.229051199999958, -30.772407899999962 ], [ -53.229065699999978, -30.772486399999934 ], [ -53.229068, -30.772561499999938 ], [ -53.229078799999968, -30.772625 ], [ -53.229099699999949, -30.772677499999929 ], [ -53.229128699999933, -30.772721899999965 ], [ -53.229176299999949, -30.772754099999929 ], [ -53.229220199999986, -30.772769099999948 ], [ -53.229258799999968, -30.772773699999959 ], [ -53.229296399999953, -30.772772299999929 ], [ -53.229331699999932, -30.772761599999967 ], [ -53.229408299999932, -30.772717499999942 ], [ -53.229459099999985, -30.772692899999981 ], [ -53.229511899999977, -30.772676599999954 ], [ -53.229541599999948, -30.772676199999978 ], [ -53.229571499999963, -30.772682199999963 ], [ -53.22959869999994, -30.772692499999948 ], [ -53.229620699999941, -30.772711 ], [ -53.229656699999964, -30.77276269999993 ], [ -53.229688399999986, -30.772819 ], [ -53.229769099999942, -30.773055599999964 ], [ -53.229838399999949, -30.773431599999981 ], [ -53.22979719999995, -30.773809799999981 ], [ -53.229783599999962, -30.773940299999936 ], [ -53.229789899999957, -30.773974599999974 ], [ -53.229804399999978, -30.77400339999997 ], [ -53.229816899999946, -30.774015199999951 ], [ -53.229831199999978, -30.774023099999965 ], [ -53.229872399999977, -30.774031799999932 ], [ -53.229993, -30.77402909999995 ], [ -53.230128899999954, -30.774007399999959 ], [ -53.230181499999958, -30.774005399999965 ], [ -53.230226099999982, -30.774013199999956 ], [ -53.230271899999934, -30.774035099999935 ], [ -53.230313799999976, -30.774066299999959 ], [ -53.230467, -30.774209399999961 ], [ -53.230729399999973, -30.774326099999939 ], [ -53.230975499999943, -30.774364499999933 ], [ -53.231219199999941, -30.774343099999953 ], [ -53.231361699999979, -30.77436629999994 ], [ -53.231420599999979, -30.774388899999963 ], [ -53.231470799999954, -30.774431899999968 ], [ -53.231497399999967, -30.774485599999934 ], [ -53.231513899999982, -30.774544 ], [ -53.23154569999997, -30.774717199999941 ], [ -53.231584599999962, -30.774794099999951 ], [ -53.231605499999944, -30.774822099999938 ], [ -53.231621299999972, -30.774834099999964 ], [ -53.231640899999945, -30.77484 ], [ -53.231725099999949, -30.774844799999983 ], [ -53.231813099999954, -30.774837599999955 ], [ -53.231967399999974, -30.774870199999953 ], [ -53.232043299999987, -30.774908299999936 ], [ -53.232123799999954, -30.774962499999958 ], [ -53.23236049999997, -30.775194799999952 ], [ -53.232579499999986, -30.775486199999932 ], [ -53.233048899999972, -30.776166 ], [ -53.233783499999959, -30.776914599999941 ], [ -53.233968499999946, -30.777256 ], [ -53.234020899999962, -30.77731 ], [ -53.234076, -30.777349899999933 ], [ -53.234099699999945, -30.777356 ], [ -53.234128099999964, -30.777354699999933 ], [ -53.234169299999962, -30.777342899999951 ], [ -53.23420509999994, -30.777324299999975 ], [ -53.234246, -30.777295099999947 ], [ -53.23436369999996, -30.777159899999958 ], [ -53.234480699999949, -30.777094499999976 ], [ -53.234535, -30.777084599999966 ], [ -53.234592099999986, -30.777086399999973 ], [ -53.234699099999943, -30.777125299999966 ], [ -53.234747099999936, -30.777158899999961 ], [ -53.234787899999958, -30.777205199999969 ], [ -53.234810099999947, -30.777266499999939 ], [ -53.234824199999935, -30.777332499999943 ], [ -53.234885399999939, -30.777686199999948 ], [ -53.235087099999987, -30.778305599999953 ], [ -53.23538869999993, -30.778894 ], [ -53.235511199999962, -30.779080599999929 ], [ -53.23570159999997, -30.779213599999935 ], [ -53.235738499999968, -30.779233 ], [ -53.235777699999971, -30.779248299999949 ], [ -53.235800899999958, -30.779251099999954 ], [ -53.235823499999981, -30.77924859999996 ], [ -53.235868299999936, -30.779240399999935 ], [ -53.236009799999977, -30.779193899999939 ], [ -53.236157299999945, -30.779186399999958 ], [ -53.236261799999966, -30.779201199999932 ], [ -53.236361399999964, -30.779233599999941 ], [ -53.236462499999959, -30.779290799999956 ], [ -53.236551799999972, -30.779356499999949 ], [ -53.236635199999967, -30.779480299999932 ], [ -53.236684499999967, -30.779651899999976 ], [ -53.236728699999958, -30.780267899999956 ], [ -53.236919799999953, -30.78068769999993 ], [ -53.237150399999962, -30.781097799999941 ], [ -53.237224399999945, -30.781195299999979 ], [ -53.237310299999933, -30.781274199999984 ], [ -53.237353599999949, -30.781302099999948 ], [ -53.237407499999961, -30.781322199999977 ], [ -53.237510899999961, -30.781329 ], [ -53.237655899999936, -30.78130589999995 ], [ -53.237786399999948, -30.781240199999957 ], [ -53.238040199999944, -30.78100859999995 ], [ -53.238340699999981, -30.780791299999976 ], [ -53.238599199999953, -30.780689699999982 ], [ -53.238881499999934, -30.780662 ], [ -53.239721299999985, -30.780691899999965 ], [ -53.240835599999969, -30.780473799999982 ], [ -53.241117499999973, -30.780430799999976 ], [ -53.241401599999961, -30.78041369999994 ], [ -53.241664, -30.780450199999962 ], [ -53.241782, -30.780490599999951 ], [ -53.241891299999963, -30.78054 ], [ -53.24192759999994, -30.780554099999961 ], [ -53.24195949999995, -30.780571699999939 ], [ -53.241971299999932, -30.780582 ], [ -53.241978599999982, -30.780597399999976 ], [ -53.24198309999997, -30.78061729999996 ], [ -53.241983199999936, -30.780634799999973 ], [ -53.24195, -30.780790499999966 ], [ -53.24192869999996, -30.780957799999953 ], [ -53.241945699999974, -30.781295 ], [ -53.241979899999933, -30.781372799999929 ], [ -53.242030199999931, -30.781425499999955 ], [ -53.242177, -30.78150549999998 ], [ -53.242674299999976, -30.781693699999948 ], [ -53.243163299999935, -30.781907199999978 ], [ -53.244251599999984, -30.782621399999982 ], [ -53.244965799999932, -30.782838599999934 ], [ -53.24570719999997, -30.782866299999966 ], [ -53.247074399999974, -30.782879399999956 ], [ -53.247666099999947, -30.782723399999952 ], [ -53.247938199999965, -30.782587 ], [ -53.248085099999969, -30.782484199999942 ], [ -53.248201599999959, -30.782359 ], [ -53.248319399999957, -30.782270199999971 ], [ -53.248444499999948, -30.782214 ], [ -53.24858439999997, -30.782186099999933 ], [ -53.248716499999944, -30.782183199999963 ], [ -53.248850199999936, -30.782208699999956 ], [ -53.248957599999983, -30.782266599999957 ], [ -53.249060499999985, -30.782342099999937 ], [ -53.249328799999944, -30.78255669999993 ], [ -53.249557, -30.782825399999979 ], [ -53.250083299999972, -30.783231 ], [ -53.250590899999963, -30.783682099999965 ], [ -53.250818899999956, -30.783858399999929 ], [ -53.250937199999953, -30.783899899999938 ], [ -53.251067099999943, -30.783913699999971 ], [ -53.251521799999978, -30.783875899999941 ], [ -53.251979099999971, -30.783865599999956 ], [ -53.252862799999946, -30.783968199999947 ], [ -53.253668699999935, -30.784293399999967 ], [ -53.254495199999951, -30.78451229999996 ], [ -53.25477449999994, -30.784500099999946 ], [ -53.25505979999997, -30.784423499999946 ], [ -53.255726699999968, -30.784151899999983 ], [ -53.25639289999998, -30.783852099999933 ], [ -53.256659899999931, -30.783775 ], [ -53.256943899999953, -30.783791299999962 ], [ -53.257064599999978, -30.783823799999936 ], [ -53.257163899999966, -30.783891 ], [ -53.257297599999958, -30.784056199999952 ], [ -53.257561299999963, -30.784394799999973 ], [ -53.257780199999956, -30.784768399999962 ], [ -53.258202199999971, -30.785579799999937 ], [ -53.258461899999986, -30.785867 ], [ -53.258601899999974, -30.785950299999968 ], [ -53.258780399999978, -30.786008699999968 ], [ -53.259295799999961, -30.786048299999948 ], [ -53.25981429999996, -30.785933499999942 ], [ -53.260795399999949, -30.785536899999954 ], [ -53.261814, -30.785206099999982 ], [ -53.263304399999981, -30.78486259999994 ], [ -53.264766099999974, -30.78463469999997 ], [ -53.265241899999978, -30.784427599999958 ], [ -53.265670699999987, -30.784097 ], [ -53.266025, -30.783615399999974 ], [ -53.266480099999967, -30.783247199999948 ], [ -53.266721199999949, -30.783151299999929 ], [ -53.266956299999947, -30.783110699999952 ], [ -53.267355699999939, -30.783104199999968 ], [ -53.267718099999968, -30.783043099999929 ], [ -53.268059099999959, -30.782890299999963 ], [ -53.268377899999962, -30.782661799999971 ], [ -53.268996799999968, -30.782458099999928 ], [ -53.26951379999997, -30.782362499999977 ], [ -53.270887699999946, -30.782335699999976 ], [ -53.271989599999984, -30.782499 ], [ -53.272792299999935, -30.782450899999958 ], [ -53.273526899999979, -30.782186099999933 ], [ -53.273901, -30.782002 ], [ -53.274052299999937, -30.781840699999975 ], [ -53.274166299999933, -30.781655499999943 ], [ -53.274344599999949, -30.781139 ], [ -53.274492799999962, -30.780597099999966 ], [ -53.274717199999941, -30.779430899999966 ], [ -53.274880799999949, -30.77904529999995 ], [ -53.275138899999945, -30.778683099999967 ], [ -53.275791899999945, -30.778206499999953 ], [ -53.278349399999968, -30.776860199999931 ], [ -53.279682599999944, -30.776342799999952 ], [ -53.280988499999978, -30.775921099999948 ], [ -53.281832, -30.775561 ], [ -53.288327799999934, -30.766603 ], [ -53.288562399999932, -30.767116499999929 ], [ -53.288729099999955, -30.767439199999956 ], [ -53.288827, -30.767557299999964 ], [ -53.288939899999946, -30.767636799999934 ], [ -53.289106199999935, -30.767684199999962 ], [ -53.289193599999976, -30.767682199999967 ], [ -53.289276599999937, -30.767663599999935 ], [ -53.28948319999995, -30.767577199999948 ], [ -53.289701699999966, -30.767534799999964 ], [ -53.28986569999995, -30.767544599999951 ], [ -53.290024799999969, -30.767595599999936 ], [ -53.290320699999938, -30.767745699999978 ], [ -53.290562199999954, -30.767932299999984 ], [ -53.290756, -30.768181 ], [ -53.291116599999953, -30.768909599999972 ], [ -53.291273, -30.769636199999979 ], [ -53.291332299999965, -30.769848699999955 ], [ -53.291409, -30.769990299999961 ], [ -53.291451499999937, -30.770024399999954 ], [ -53.291497299999946, -30.770042699999976 ], [ -53.291609699999981, -30.770054499999958 ], [ -53.291749299999935, -30.77005719999994 ], [ -53.291888899999947, -30.77003179999997 ], [ -53.291958699999952, -30.770003599999939 ], [ -53.292026699999951, -30.769966499999953 ], [ -53.292073799999969, -30.769917499999963 ], [ -53.292112299999985, -30.769862199999977 ], [ -53.29218069999996, -30.769663799999933 ], [ -53.292269499999975, -30.769496699999934 ], [ -53.292296299999975, -30.769461499999977 ], [ -53.292327599999965, -30.769433599999957 ], [ -53.292373399999974, -30.769411699999978 ], [ -53.292422499999986, -30.769398499999966 ], [ -53.29247259999994, -30.769400799999971 ], [ -53.292521599999986, -30.76941 ], [ -53.292616399999986, -30.769452499999943 ], [ -53.292824799999948, -30.769621099999938 ], [ -53.293043699999942, -30.769768899999974 ], [ -53.293497199999933, -30.770037899999977 ], [ -53.293586199999936, -30.770145 ], [ -53.293651, -30.770267499999932 ], [ -53.293693099999984, -30.770407899999952 ], [ -53.293755699999963, -30.77052759999998 ], [ -53.293983499999968, -30.770741499999929 ], [ -53.29423289999994, -30.77096 ], [ -53.29449029999995, -30.771126199999969 ], [ -53.294602699999984, -30.771168499999931 ], [ -53.294745299999931, -30.771176799999978 ], [ -53.295014199999969, -30.771152099999938 ], [ -53.295211299999949, -30.771173799999929 ], [ -53.295375, -30.771241 ], [ -53.295514, -30.771353599999941 ], [ -53.295668699999965, -30.771534599999939 ], [ -53.295782599999939, -30.771738399999947 ], [ -53.295940599999938, -30.771924399999932 ], [ -53.29607169999997, -30.772183499999983 ], [ -53.296106, -30.772345799999982 ], [ -53.296110099999964, -30.772442299999966 ], [ -53.296096499999976, -30.772529899999938 ], [ -53.295969599999978, -30.772758299999964 ], [ -53.295952199999931, -30.772814599999947 ], [ -53.295946499999957, -30.772866099999931 ], [ -53.295951499999944, -30.772916399999929 ], [ -53.295960299999933, -30.772941099999969 ], [ -53.295973099999969, -30.772962699999937 ], [ -53.296032399999945, -30.773019099999942 ], [ -53.296100099999933, -30.773070099999984 ], [ -53.296550199999956, -30.773321099999976 ], [ -53.297027399999934, -30.773547299999962 ], [ -53.297955799999954, -30.773815899999931 ], [ -53.298693799999967, -30.774071 ], [ -53.299033899999984, -30.774289099999976 ], [ -53.299515199999973, -30.774559 ], [ -53.300020199999949, -30.774778799999979 ], [ -53.300215799999933, -30.774945 ], [ -53.300367499999936, -30.775160699999958 ], [ -53.300501399999973, -30.775387199999955 ], [ -53.300529299999937, -30.775450299999932 ], [ -53.300551599999949, -30.775477499999965 ], [ -53.300579699999957, -30.775493899999958 ], [ -53.300673199999949, -30.775499799999977 ], [ -53.300717899999938, -30.775496099999941 ], [ -53.300760499999967, -30.775487399999975 ], [ -53.300799499999982, -30.775472 ], [ -53.300837099999967, -30.775445 ], [ -53.300915499999974, -30.775353299999949 ], [ -53.300964, -30.775308 ], [ -53.301015, -30.775268099999948 ], [ -53.301044599999955, -30.775255399999935 ], [ -53.301075899999944, -30.775248099999942 ], [ -53.301141599999937, -30.775249199999962 ], [ -53.30117649999994, -30.775254 ], [ -53.30120729999993, -30.775264499999935 ], [ -53.301235899999938, -30.775280299999963 ], [ -53.301258099999984, -30.775302599999975 ], [ -53.30127989999994, -30.775350599999967 ], [ -53.301348799999971, -30.77557539999998 ], [ -53.30146979999995, -30.775827499999934 ], [ -53.301809099999957, -30.776288799999975 ], [ -53.302062499999977, -30.77690739999997 ], [ -53.302069299999971, -30.777798399999938 ], [ -53.302407699999947, -30.778778299999942 ], [ -53.303266399999984, -30.780009 ], [ -53.303563099999963, -30.780313199999966 ], [ -53.304012899999975, -30.780574 ], [ -53.304313699999966, -30.780654 ], [ -53.304633199999955, -30.780682299999967 ], [ -53.305361499999947, -30.78061329999997 ], [ -53.306094299999984, -30.780602499999929 ], [ -53.306333199999983, -30.780634099999929 ], [ -53.306551199999944, -30.780627899999956 ], [ -53.306766399999958, -30.780550699999935 ], [ -53.306932599999982, -30.780417199999931 ], [ -53.307165299999951, -30.780141 ], [ -53.307359699999949, -30.779852 ], [ -53.30770119999994, -30.77919959999997 ], [ -53.307858199999941, -30.778891199999975 ], [ -53.307896699999958, -30.778834899999936 ], [ -53.307941599999936, -30.778789599999982 ], [ -53.307987399999945, -30.778766899999937 ], [ -53.308039599999972, -30.778751099999965 ], [ -53.308102499999961, -30.778750599999967 ], [ -53.308179099999961, -30.778764299999978 ], [ -53.308247499999936, -30.778802199999973 ], [ -53.308309599999973, -30.778853099999935 ], [ -53.308497, -30.779097599999943 ], [ -53.308695799999953, -30.779674299999954 ], [ -53.308818599999938, -30.779901699999982 ], [ -53.308951099999945, -30.780111499999975 ], [ -53.308990799999947, -30.780141 ], [ -53.309042499999975, -30.780159099999935 ], [ -53.309096799999963, -30.780161899999939 ], [ -53.309147199999984, -30.780147499999941 ], [ -53.30935409999995, -30.780049799999972 ], [ -53.309558699999968, -30.779913599999929 ], [ -53.309721399999944, -30.77973019999996 ], [ -53.309845499999938, -30.779660599999943 ], [ -53.30999369999995, -30.779609099999959 ], [ -53.310379499999954, -30.779553699999951 ], [ -53.311510299999952, -30.779566899999963 ], [ -53.312569699999983, -30.779349699999955 ], [ -53.31395729999997, -30.778587899999934 ], [ -53.314897599999938, -30.778335799999979 ], [ -53.315871, -30.778271199999949 ], [ -53.316800399999977, -30.778098099999966 ], [ -53.317680199999984, -30.777593199999956 ], [ -53.318523, -30.777036599999974 ], [ -53.31926459999994, -30.776799099999948 ], [ -53.320065299999953, -30.776696899999934 ], [ -53.320411799999931, -30.776674799999967 ], [ -53.32060249999995, -30.776694 ], [ -53.320788, -30.776737299999979 ], [ -53.321014, -30.776884299999949 ], [ -53.321194, -30.777055699999949 ], [ -53.321358499999974, -30.77732119999996 ], [ -53.321493699999962, -30.777622 ], [ -53.32159189999993, -30.777814199999966 ], [ -53.321617899999978, -30.778050099999973 ], [ -53.321540699999957, -30.778435099999967 ], [ -53.321438899999976, -30.77880719999996 ], [ -53.321441899999968, -30.778940099999943 ], [ -53.321476299999972, -30.779052099999944 ], [ -53.321499899999935, -30.779109 ], [ -53.321528899999976, -30.779161299999942 ], [ -53.321577799999943, -30.779202899999973 ], [ -53.321632799999975, -30.779235699999958 ], [ -53.321700599999986, -30.779249099999959 ], [ -53.321771799999965, -30.779255499999977 ], [ -53.321925199999953, -30.779249399999969 ], [ -53.322349199999962, -30.779163899999958 ], [ -53.322758499999964, -30.77910989999998 ], [ -53.323105399999974, -30.778970499999957 ], [ -53.323493099999951, -30.778654199999949 ], [ -53.324318199999936, -30.777533199999937 ], [ -53.324431699999934, -30.777185 ], [ -53.32452909999995, -30.777043399999968 ], [ -53.324652799999967, -30.776950299999953 ], [ -53.324978, -30.77671689999994 ], [ -53.325318599999946, -30.776331399999947 ], [ -53.325469, -30.776202099999978 ], [ -53.325517099999956, -30.776174599999933 ], [ -53.325601699999936, -30.776147699999967 ], [ -53.325671199999931, -30.776135599999975 ], [ -53.325715599999967, -30.776141 ], [ -53.325759099999971, -30.776154599999984 ], [ -53.32579949999996, -30.776179 ], [ -53.325833499999931, -30.776211699999976 ], [ -53.325875899999971, -30.776295199999936 ], [ -53.325889699999948, -30.776368599999955 ], [ -53.325883899999951, -30.776450399999931 ], [ -53.325850699999933, -30.776626799999974 ], [ -53.325805699999933, -30.776804099999936 ], [ -53.325820799999974, -30.776957799999934 ], [ -53.325860499999976, -30.777037 ], [ -53.325904199999968, -30.77708 ], [ -53.325956699999949, -30.77711 ], [ -53.326168299999949, -30.777152199999932 ], [ -53.326649599999939, -30.777213899999936 ], [ -53.326984599999946, -30.777172699999937 ], [ -53.327149099999986, -30.77710339999993 ], [ -53.327261699999951, -30.776996199999928 ], [ -53.327421199999947, -30.776749699999982 ], [ -53.327456, -30.776558899999941 ], [ -53.327559299999962, -30.776392 ], [ -53.327720399999976, -30.776253099999963 ], [ -53.327834799999948, -30.776181899999983 ], [ -53.327969099999962, -30.776152799999977 ], [ -53.32805419999994, -30.776161899999977 ], [ -53.328125099999966, -30.776185099999964 ], [ -53.328213699999935, -30.776229 ], [ -53.328276899999935, -30.776288399999942 ], [ -53.328418599999964, -30.776500799999951 ], [ -53.328574499999945, -30.776696699999945 ], [ -53.328730399999984, -30.776877899999931 ], [ -53.328909499999952, -30.777057 ], [ -53.328987799999936, -30.777117299999929 ], [ -53.329080799999986, -30.777157799999941 ], [ -53.32918449999994, -30.777169 ], [ -53.32928869999995, -30.777159499999982 ], [ -53.329384799999957, -30.777120899999943 ], [ -53.329468499999962, -30.777065899999968 ], [ -53.329544399999975, -30.776986799999975 ], [ -53.329610099999968, -30.776893799999982 ], [ -53.329718399999933, -30.776700199999937 ], [ -53.329805199999953, -30.776474199999939 ], [ -53.329863399999965, -30.776230799999951 ], [ -53.329950199999985, -30.776016299999981 ], [ -53.330028399999946, -30.775899099999947 ], [ -53.330148699999938, -30.775811 ], [ -53.330296699999963, -30.775735899999972 ], [ -53.330450799999937, -30.775676099999941 ], [ -53.330619399999932, -30.775645299999951 ], [ -53.330781299999956, -30.775627399999962 ], [ -53.330922099999952, -30.775652499999978 ], [ -53.331098, -30.775734 ], [ -53.331244799999979, -30.775877199999968 ], [ -53.331380799999977, -30.776051199999984 ], [ -53.331737899999951, -30.776319599999965 ], [ -53.332192899999939, -30.776509899999951 ], [ -53.332685799999979, -30.77662719999995 ], [ -53.332838899999956, -30.776695199999949 ], [ -53.332907199999966, -30.776758399999949 ], [ -53.332944299999951, -30.776831299999969 ], [ -53.332965199999933, -30.776916099999937 ], [ -53.33296809999996, -30.777011499999958 ], [ -53.332948899999963, -30.777093699999966 ], [ -53.332913699999949, -30.777157799999941 ], [ -53.332715, -30.777316699999972 ], [ -53.332556599999975, -30.777514899999971 ], [ -53.332499299999938, -30.777721 ], [ -53.332495699999981, -30.777893099999972 ], [ -53.332504299999982, -30.778017699999964 ], [ -53.332515799999953, -30.778096399999981 ], [ -53.332533299999966, -30.778131899999948 ], [ -53.332555499999955, -30.77815419999996 ], [ -53.332568399999957, -30.778164599999968 ], [ -53.332584, -30.778172299999937 ], [ -53.332621599999982, -30.778179799999975 ], [ -53.332817899999952, -30.778183099999978 ], [ -53.333016399999963, -30.778178599999933 ], [ -53.333432699999946, -30.778199699999959 ], [ -53.334022799999957, -30.778275 ], [ -53.334726399999965, -30.778538599999933 ], [ -53.33521989999997, -30.778764699999954 ], [ -53.33543039999995, -30.778797 ], [ -53.335650199999975, -30.778771099999972 ], [ -53.336389899999972, -30.77853349999998 ], [ -53.336527899999965, -30.778475499999956 ], [ -53.33665979999995, -30.778395399999965 ], [ -53.33673639999995, -30.778305099999955 ], [ -53.336800899999957, -30.778198499999974 ], [ -53.336886399999969, -30.777951199999961 ], [ -53.337003699999968, -30.777771199999961 ], [ -53.337168299999973, -30.777637299999981 ], [ -53.337253, -30.777598 ], [ -53.337331899999981, -30.777577199999939 ], [ -53.337396499999954, -30.777581199999929 ], [ -53.337473299999942, -30.777602599999966 ], [ -53.337548099999935, -30.777641199999948 ], [ -53.337725699999964, -30.777827899999977 ], [ -53.338055699999984, -30.778118 ], [ -53.338493299999982, -30.778356199999962 ], [ -53.339171399999941, -30.778545399999928 ], [ -53.339918799999964, -30.778643099999954 ], [ -53.340847, -30.778958599999953 ], [ -53.341817799999944, -30.779404099999965 ], [ -53.343034899999964, -30.780089399999952 ], [ -53.343650099999934, -30.78045659999998 ], [ -53.344200099999966, -30.780927299999973 ], [ -53.344504099999938, -30.781085899999937 ], [ -53.344825899999933, -30.781138099999964 ], [ -53.345099199999936, -30.781102899999951 ], [ -53.345424499999979, -30.780988499999978 ], [ -53.345597099999964, -30.780904299999975 ], [ -53.345735599999955, -30.780791699999952 ], [ -53.345829099999946, -30.780650499999979 ], [ -53.34589509999995, -30.780480499999953 ], [ -53.346020799999962, -30.780053499999951 ], [ -53.346170499999971, -30.779647299999965 ], [ -53.346351199999958, -30.779183899999964 ], [ -53.346470199999942, -30.778642299999944 ], [ -53.346558199999947, -30.778426299999978 ], [ -53.34671, -30.778254199999935 ], [ -53.346794, -30.778198299999929 ], [ -53.346894899999938, -30.778157699999952 ], [ -53.347003399999949, -30.77813939999993 ], [ -53.347139799999979, -30.778137899999933 ], [ -53.347337099999947, -30.77817129999994 ], [ -53.347432599999934, -30.778206799999964 ], [ -53.347519399999953, -30.778274599999975 ], [ -53.347734399999979, -30.778579399999956 ], [ -53.34792589999995, -30.778941599999939 ], [ -53.348362899999984, -30.779811799999948 ], [ -53.348558, -30.780245799999932 ], [ -53.348648599999933, -30.780825299999947 ], [ -53.348632799999962, -30.781347699999969 ], [ -53.348599599999943, -30.781593799999939 ], [ -53.348498099999972, -30.781825799999979 ], [ -53.348344, -30.78202159999995 ], [ -53.348217899999952, -30.782235399999934 ], [ -53.348178599999983, -30.782333799999947 ], [ -53.348156699999947, -30.782442799999956 ], [ -53.348162299999956, -30.782531399999982 ], [ -53.348176299999977, -30.782575899999983 ], [ -53.348197899999946, -30.782614599999931 ], [ -53.348231599999963, -30.782651099999953 ], [ -53.348273799999959, -30.782684499999959 ], [ -53.348367499999938, -30.782731899999931 ], [ -53.348621399999956, -30.782812499999977 ], [ -53.348879799999963, -30.782879399999956 ], [ -53.349629299999947, -30.783075399999973 ], [ -53.349874199999931, -30.783055 ], [ -53.35005579999995, -30.78298639999997 ], [ -53.350227899999936, -30.782864599999982 ], [ -53.350351299999943, -30.782767 ], [ -53.350452799999971, -30.782636499999967 ], [ -53.35052369999994, -30.782500699999957 ], [ -53.350569299999961, -30.78228329999996 ], [ -53.350565599999982, -30.782047699999964 ], [ -53.350524199999938, -30.781839199999979 ], [ -53.35039519999998, -30.781492899999932 ], [ -53.350221099999942, -30.781177699999944 ], [ -53.349942199999987, -30.780660699999942 ], [ -53.349840499999971, -30.780465099999958 ], [ -53.34978069999994, -30.78031459999994 ], [ -53.349762399999975, -30.780179499999974 ], [ -53.349766599999953, -30.780128499999933 ], [ -53.349785699999984, -30.780084 ], [ -53.349818299999981, -30.780050599999981 ], [ -53.349857199999974, -30.780024799999978 ], [ -53.349941099999967, -30.779979199999957 ], [ -53.350036099999954, -30.779941 ], [ -53.350248299999976, -30.779902299999947 ], [ -53.35035849999997, -30.779908199999966 ], [ -53.350459099999966, -30.779936299999974 ], [ -53.350775399999975, -30.78011319999996 ], [ -53.351253699999972, -30.780424 ], [ -53.352170199999932, -30.780682799999965 ], [ -53.352879299999984, -30.780662 ], [ -53.353230099999962, -30.780595199999937 ], [ -53.353503, -30.780446499999982 ], [ -53.35365429999996, -30.780268899999953 ], [ -53.353751199999977, -30.780024799999978 ], [ -53.353977, -30.779304499999967 ], [ -53.354096899999945, -30.778587399999935 ], [ -53.354207, -30.778290299999981 ], [ -53.354332299999953, -30.778115299999968 ], [ -53.354471899999965, -30.777986599999963 ], [ -53.354591299999981, -30.77793319999995 ], [ -53.354740199999981, -30.777886899999942 ], [ -53.354892699999937, -30.777873199999931 ], [ -53.355340199999944, -30.777833899999962 ], [ -53.355784399999948, -30.777812499999982 ], [ -53.356715599999973, -30.777818799999977 ], [ -53.357070599999986, -30.77774949999997 ], [ -53.357162099999982, -30.777720599999952 ], [ -53.357252799999969, -30.777674699999977 ], [ -53.357338, -30.777603699999929 ], [ -53.357414, -30.77751829999994 ], [ -53.357586799999979, -30.777300699999955 ], [ -53.357747299999971, -30.77705229999998 ], [ -53.357846, -30.77683849999994 ], [ -53.35797789999998, -30.776648299999977 ], [ -53.358206799999948, -30.77646859999993 ], [ -53.358311899999933, -30.776368899999966 ], [ -53.358387599999958, -30.776260699999966 ], [ -53.358413399999961, -30.776165899999967 ], [ -53.358423899999934, -30.776064599999984 ], [ -53.358410699999979, -30.775744199999963 ], [ -53.35841709999994, -30.775433499999963 ], [ -53.358450199999936, -30.775243399999965 ], [ -53.358522799999946, -30.77510019999994 ], [ -53.358556699999951, -30.775057299999958 ], [ -53.35860329999997, -30.77502439999995 ], [ -53.358653199999935, -30.775003199999958 ], [ -53.358713899999941, -30.774999 ], [ -53.358865299999934, -30.775006799999971 ], [ -53.358939599999985, -30.77502469999996 ], [ -53.359012499999949, -30.775052599999981 ], [ -53.359184399999947, -30.775144599999976 ], [ -53.359350199999938, -30.775256399999932 ], [ -53.359569599999986, -30.775437699999941 ], [ -53.359692699999982, -30.775617099999977 ], [ -53.359799399999986, -30.775876699999969 ], [ -53.359870499999943, -30.776133799999968 ], [ -53.359989699999971, -30.77632269999998 ], [ -53.360128, -30.776494599999978 ], [ -53.360187799999949, -30.776543199999935 ], [ -53.360262099999943, -30.776579799999979 ], [ -53.360413699999981, -30.776603399999942 ], [ -53.360595699999976, -30.776587 ], [ -53.360755899999958, -30.776519699999938 ], [ -53.361202699999978, -30.77622249999996 ], [ -53.361733199999946, -30.775617099999977 ], [ -53.361919, -30.775437699999941 ], [ -53.361972099999946, -30.775403099999949 ], [ -53.362031399999978, -30.775374799999952 ], [ -53.362094399999933, -30.775361399999952 ], [ -53.362155399999949, -30.77536379999998 ], [ -53.362248099999931, -30.775387499999965 ], [ -53.362339599999984, -30.775430399999948 ], [ -53.362529099999961, -30.775562699999966 ], [ -53.362684, -30.775765799999931 ], [ -53.362810099999933, -30.776016299999981 ], [ -53.36321339999995, -30.776930199999981 ], [ -53.36344269999995, -30.777387799999929 ], [ -53.363688399999944, -30.777800399999933 ], [ -53.364225, -30.778445799999929 ], [ -53.364485099999968, -30.77876729999997 ], [ -53.364755399999979, -30.779070399999966 ], [ -53.364854899999955, -30.779167299999983 ], [ -53.364964099999952, -30.779252799999938 ], [ -53.365028099999961, -30.779286 ], [ -53.365098799999942, -30.779300899999953 ], [ -53.365172199999961, -30.779305099999931 ], [ -53.36524339999994, -30.779295299999944 ], [ -53.365294499999948, -30.779286 ], [ -53.365343499999938, -30.779266399999983 ], [ -53.36538429999996, -30.779242499999953 ], [ -53.365416499999981, -30.779208499999982 ], [ -53.365468599999986, -30.779137699999978 ], [ -53.36549679999996, -30.779043199999933 ], [ -53.365522099999964, -30.77868959999995 ], [ -53.365572899999961, -30.77833789999994 ], [ -53.365684299999941, -30.778075399999977 ], [ -53.365801199999964, -30.777853299999947 ], [ -53.365988899999934, -30.777680199999963 ], [ -53.366232699999955, -30.77752849999996 ], [ -53.366768799999932, -30.777363099999945 ], [ -53.367980799999941, -30.777106799999956 ], [ -53.368489599999975, -30.777077399999939 ], [ -53.368892199999948, -30.777174799999955 ], [ -53.369072499999959, -30.777266899999972 ], [ -53.369202099999939, -30.777377099999967 ], [ -53.369281, -30.777517 ], [ -53.369348, -30.777698499999929 ], [ -53.369462299999952, -30.778111299999978 ], [ -53.369654, -30.779256199999963 ], [ -53.369750499999952, -30.779939 ], [ -53.369761599999947, -30.780634799999973 ], [ -53.369718699999964, -30.780973599999982 ], [ -53.369717899999955, -30.781108299999971 ], [ -53.369748, -30.781240199999957 ], [ -53.36977909999996, -30.781292399999984 ], [ -53.369815799999969, -30.78133669999994 ], [ -53.369838699999946, -30.781355799999972 ], [ -53.369862499999954, -30.781371199999967 ], [ -53.369889, -30.781379899999934 ], [ -53.369918, -30.781384399999979 ], [ -53.369988399999954, -30.78138169999994 ], [ -53.370060499999965, -30.781365699999981 ], [ -53.370195199999955, -30.781308599999932 ], [ -53.370463499999971, -30.78117089999995 ], [ -53.370966899999985, -30.780783799999938 ], [ -53.371550499999955, -30.780410299999971 ], [ -53.372153699999956, -30.780198199999973 ], [ -53.372863199999983, -30.780049799999972 ], [ -53.373340699999972, -30.779766299999949 ], [ -53.373720299999945, -30.779417299999977 ], [ -53.373922199999981, -30.779069099999958 ], [ -53.374060399999962, -30.778641899999968 ], [ -53.37417389999996, -30.778109799999982 ], [ -53.374202899999943, -30.777838499999973 ], [ -53.37421, -30.77756039999997 ], [ -53.374235499999941, -30.777442699999938 ], [ -53.374286099999949, -30.777334599999961 ], [ -53.374356899999952, -30.777245099999959 ], [ -53.374453199999948, -30.777186699999959 ], [ -53.374496499999964, -30.777165899999943 ], [ -53.374545499999954, -30.777156299999945 ], [ -53.374594399999978, -30.777158699999973 ], [ -53.37464319999998, -30.777171399999929 ], [ -53.374744899999939, -30.777210699999955 ], [ -53.374829, -30.77726789999997 ], [ -53.375115899999969, -30.777470699999981 ], [ -53.375357199999939, -30.777691199999936 ], [ -53.375584, -30.777927699999964 ], [ -53.375732899999946, -30.777999199999954 ], [ -53.375915199999952, -30.778025 ], [ -53.376311799999939, -30.778002499999957 ], [ -53.377189199999975, -30.77783919999996 ], [ -53.377551, -30.777827799999955 ], [ -53.37790339999998, -30.777893699999936 ], [ -53.378221, -30.778055599999959 ], [ -53.378502, -30.778274599999975 ], [ -53.379329599999949, -30.779016299999967 ], [ -53.380100399999947, -30.779791399999965 ], [ -53.380339799999945, -30.779994199999976 ], [ -53.380474399999969, -30.780068599999936 ], [ -53.380615699999964, -30.780111499999975 ], [ -53.38075809999998, -30.78012659999996 ], [ -53.380904299999941, -30.780116599999928 ], [ -53.381195599999955, -30.780036199999984 ], [ -53.381482499999947, -30.779926099999955 ], [ -53.382039, -30.779580499999952 ], [ -53.382254499999931, -30.779531599999984 ], [ -53.382487899999944, -30.77953969999993 ], [ -53.3827, -30.779586 ], [ -53.382889199999966, -30.779696199999933 ], [ -53.383423899999968, -30.780188299999963 ], [ -53.383982199999934, -30.780619899999976 ], [ -53.384465599999942, -30.780886899999928 ], [ -53.384714599999938, -30.780935099999965 ], [ -53.384977399999968, -30.780927299999973 ], [ -53.385567499999979, -30.78080529999994 ], [ -53.386317399999939, -30.780505599999969 ], [ -53.386723299999971, -30.780206699999951 ], [ -53.387145499999974, -30.779961799999967 ], [ -53.387630099999967, -30.779825399999936 ], [ -53.388437399999987, -30.779681299999936 ], [ -53.388868299999956, -30.779630899999972 ], [ -53.389225, -30.779653799999949 ], [ -53.389443399999948, -30.77968919999995 ], [ -53.389600599999937, -30.779735699999947 ], [ -53.389678599999968, -30.779759599999977 ], [ -53.389750699999979, -30.77980759999997 ], [ -53.389811, -30.779857499999935 ], [ -53.389855899999986, -30.779934499999968 ], [ -53.38988889999996, -30.78001519999998 ], [ -53.389895699999954, -30.780115699999953 ], [ -53.389869, -30.780216499999938 ], [ -53.389818199999979, -30.780300199999942 ], [ -53.389634699999931, -30.780464099999961 ], [ -53.389475199999936, -30.780634199999952 ], [ -53.389226899999983, -30.78098209999996 ], [ -53.38865549999997, -30.782220099999961 ], [ -53.388636799999972, -30.783804499999974 ], [ -53.388505899999984, -30.784723199999974 ], [ -53.388559199999975, -30.785132 ], [ -53.388718399999959, -30.785484599999961 ], [ -53.388955799999962, -30.785864599999968 ], [ -53.389233199999978, -30.786183899999969 ], [ -53.389327899999955, -30.786343 ], [ -53.389376499999969, -30.786559699999941 ], [ -53.389344599999959, -30.787359899999956 ], [ -53.389326499999981, -30.787824 ], [ -53.389373599999942, -30.788001599999973 ], [ -53.389409399999977, -30.788068799999962 ], [ -53.389458099999956, -30.788124099999948 ], [ -53.389530899999954, -30.788176699999951 ], [ -53.389600599999937, -30.788210799999945 ], [ -53.389690399999949, -30.788241 ], [ -53.389794199999983, -30.788255399999969 ], [ -53.389905299999953, -30.788250099999971 ], [ -53.390017599999965, -30.788225699999941 ], [ -53.390246499999932, -30.788145199999974 ], [ -53.390556499999946, -30.78806 ], [ -53.390933699999948, -30.787972799999977 ], [ -53.39148, -30.787865199999942 ], [ -53.391630599999985, -30.787862 ], [ -53.391763499999968, -30.787891099999968 ], [ -53.391909799999951, -30.787958099999969 ], [ -53.392029199999968, -30.788056099999949 ], [ -53.39216719999996, -30.788300699999979 ], [ -53.392246499999942, -30.788578099999938 ], [ -53.39225289999996, -30.789339599999948 ], [ -53.392349, -30.790086499999973 ], [ -53.392490399999986, -30.790779 ], [ -53.392599099999984, -30.791061799999966 ], [ -53.392695199999935, -30.791228599999954 ], [ -53.392761, -30.791298899999958 ], [ -53.39294, -30.791395399999942 ], [ -53.393140699999947, -30.791464099999928 ], [ -53.393545599999982, -30.791591399999959 ], [ -53.393697299999985, -30.791609199999982 ], [ -53.393860699999948, -30.79158579999995 ], [ -53.394237899999951, -30.791422599999976 ], [ -53.394640699999968, -30.791305699999953 ], [ -53.39541829999996, -30.791177699999935 ], [ -53.395824299999958, -30.79123089999996 ], [ -53.39622769999994, -30.791313799999955 ], [ -53.396413399999972, -30.791388099999949 ], [ -53.396545299999957, -30.791482499999972 ], [ -53.396612799999957, -30.791547599999944 ], [ -53.396683499999938, -30.791661899999951 ], [ -53.39674279999997, -30.791812199999981 ], [ -53.396780899999953, -30.792011599999967 ], [ -53.396735699999965, -30.792217099999959 ], [ -53.396309299999984, -30.792959799999949 ], [ -53.395974199999955, -30.793411099999958 ], [ -53.39539579999996, -30.793822399999954 ], [ -53.394778899999949, -30.79399369999993 ], [ -53.393919699999969, -30.794043399999964 ], [ -53.393523199999947, -30.7941 ], [ -53.39311749999996, -30.794245799999942 ], [ -53.392749799999933, -30.794546799999978 ], [ -53.392493499999944, -30.79490519999996 ], [ -53.392372299999977, -30.795247399999937 ], [ -53.392342099999951, -30.79561979999994 ], [ -53.39238389999997, -30.795875099999932 ], [ -53.392490799999962, -30.796139799999935 ], [ -53.392581899999982, -30.796374399999934 ], [ -53.39261769999996, -30.796441399999935 ], [ -53.392663899999945, -30.796493 ], [ -53.392718799999955, -30.796523 ], [ -53.392787199999987, -30.796543099999951 ], [ -53.392959399999938, -30.796574899999939 ], [ -53.393135299999983, -30.79661619999996 ], [ -53.393310699999972, -30.796667099999979 ], [ -53.393392699999936, -30.79669819999998 ], [ -53.393466099999955, -30.796741699999984 ], [ -53.393515499999978, -30.796795799999984 ], [ -53.393559499999981, -30.79687 ], [ -53.393587099999934, -30.796959 ], [ -53.393596699999932, -30.797063499999979 ], [ -53.393575799999951, -30.79730909999995 ], [ -53.393534099999954, -30.797548 ], [ -53.393403199999966, -30.798027599999955 ], [ -53.39343, -30.798580299999969 ], [ -53.393456199999946, -30.798871399999939 ], [ -53.393525699999941, -30.799129599999958 ], [ -53.393603, -30.799255699999947 ], [ -53.393702099999985, -30.799355699999978 ], [ -53.393942299999935, -30.799516799999935 ], [ -53.394229199999984, -30.799624399999971 ], [ -53.394393399999956, -30.799665399999981 ], [ -53.394545899999969, -30.799660099999983 ], [ -53.394757799999979, -30.799576599999966 ], [ -53.394943399999931, -30.799450899999954 ], [ -53.395105799999953, -30.799340899999947 ], [ -53.395234599999981, -30.799197099999958 ], [ -53.395325199999945, -30.798967499999947 ], [ -53.395382199999972, -30.798723099999961 ], [ -53.395443799999953, -30.798177299999963 ], [ -53.395533899999975, -30.797639499999946 ], [ -53.395589599999937, -30.797461399999975 ], [ -53.395688699999937, -30.797293 ], [ -53.395861699999955, -30.797124699999983 ], [ -53.396078099999954, -30.797020499999974 ], [ -53.396494299999972, -30.796903599999951 ], [ -53.39694019999996, -30.796830499999942 ], [ -53.397838099999944, -30.796735299999966 ], [ -53.400370099999975, -30.796762099999967 ], [ -53.40146029999994, -30.796718799999951 ], [ -53.402545, -30.796572 ], [ -53.402892899999983, -30.796530099999984 ], [ -53.403169, -30.796462799999972 ], [ -53.403303499999936, -30.796390499999973 ], [ -53.403411799999958, -30.796291499999938 ], [ -53.403502, -30.796157599999958 ], [ -53.403607799999975, -30.796041099999968 ], [ -53.403700499999957, -30.795984499999975 ], [ -53.403813099999979, -30.795941199999959 ], [ -53.40392079999998, -30.795910099999958 ], [ -53.404027599999949, -30.795900099999983 ], [ -53.404027799999938, -30.795905499999947 ], [ -53.40401959999997, -30.795913 ], [ -53.404119299999934, -30.795913799999937 ], [ -53.404200799999956, -30.795937799999933 ], [ -53.404282499999965, -30.795974499999943 ], [ -53.40434579999993, -30.796025799999938 ], [ -53.404430199999979, -30.796173 ], [ -53.40446959999997, -30.79633629999995 ], [ -53.404471499999943, -30.796439599999928 ], [ -53.404431599999953, -30.796533899999929 ], [ -53.404418899999939, -30.796642599999984 ], [ -53.404440599999987, -30.796751399999948 ], [ -53.404486, -30.796849299999963 ], [ -53.404565699999978, -30.79692179999995 ], [ -53.404602, -30.796971199999973 ], [ -53.404627399999981, -30.797032399999978 ], [ -53.40463189999997, -30.797074599999974 ], [ -53.404628699999932, -30.797120599999971 ], [ -53.404607, -30.797191299999952 ], [ -53.404545299999938, -30.797334499999977 ], [ -53.404514499999948, -30.797461399999975 ], [ -53.404498199999978, -30.797619099999963 ], [ -53.404505399999948, -30.797916399999963 ], [ -53.404510899999934, -30.798023399999977 ], [ -53.404525399999955, -30.798064799999963 ], [ -53.404545299999938, -30.798101299999928 ], [ -53.404578899999933, -30.798132799999962 ], [ -53.404621499999962, -30.798157499999945 ], [ -53.40472479999994, -30.798191899999949 ], [ -53.404820899999947, -30.79825 ], [ -53.404886099999942, -30.79832609999994 ], [ -53.404991299999949, -30.798496499999942 ], [ -53.405034799999953, -30.798728499999982 ], [ -53.405009399999983, -30.79898959999997 ], [ -53.405034399999977, -30.799238399999979 ], [ -53.405114599999933, -30.799468199999978 ], [ -53.405270499999972, -30.79970389999994 ], [ -53.405549599999972, -30.800109899999939 ], [ -53.40597379999997, -30.800512399999946 ], [ -53.406447499999956, -30.800821199999973 ], [ -53.406851299999971, -30.801223 ], [ -53.407224699999972, -30.801646199999936 ], [ -53.407517499999983, -30.801884399999949 ], [ -53.407828299999949, -30.802079399999968 ], [ -53.407994699999961, -30.802141 ], [ -53.408166499999936, -30.802170799999942 ], [ -53.408350899999959, -30.802161799999965 ], [ -53.408528899999965, -30.80212709999995 ], [ -53.408837199999937, -30.802022099999931 ], [ -53.408995899999979, -30.80199349999998 ], [ -53.409154699999931, -30.801984199999936 ], [ -53.409344799999985, -30.802006199999937 ], [ -53.409533399999987, -30.802051099999971 ], [ -53.409708799999976, -30.802114699999947 ], [ -53.409789399999966, -30.80215979999997 ], [ -53.409831599999961, -30.802186499999948 ], [ -53.409863799999982, -30.802217599999949 ], [ -53.409880099999953, -30.802241399999957 ], [ -53.409889099999987, -30.802278799999954 ], [ -53.409881399999961, -30.802346599999964 ], [ -53.409866499999964, -30.802403899999945 ], [ -53.409834899999964, -30.802453499999956 ], [ -53.409696499999939, -30.802584099999933 ], [ -53.409603599999969, -30.802705199999934 ], [ -53.409558299999958, -30.802783699999964 ], [ -53.40954789999995, -30.802868699999976 ], [ -53.409571, -30.802959499999929 ], [ -53.409618899999941, -30.803020199999935 ], [ -53.409746799999937, -30.803115399999967 ], [ -53.40989049999996, -30.803173299999969 ], [ -53.41022259999994, -30.803269799999953 ], [ -53.411066, -30.803331 ], [ -53.411465899999939, -30.803438 ], [ -53.411849899999936, -30.803591599999947 ], [ -53.412212699999941, -30.803920199999936 ], [ -53.412576, -30.804330899999968 ], [ -53.413148199999966, -30.804674299999931 ], [ -53.413370699999973, -30.804848499999935 ], [ -53.413550399999963, -30.805060799999978 ], [ -53.413593699999979, -30.805176599999982 ], [ -53.413601399999948, -30.805298 ], [ -53.413562299999967, -30.805568799999946 ], [ -53.413485399999956, -30.805816399999969 ], [ -53.413416, -30.805925299999956 ], [ -53.413332699999955, -30.805999499999928 ], [ -53.413174899999945, -30.806090299999937 ], [ -53.412999499999955, -30.806142699999953 ], [ -53.412657699999954, -30.806201399999964 ], [ -53.411815299999944, -30.806217199999935 ], [ -53.410965699999963, -30.806298699999957 ], [ -53.409991299999945, -30.806636699999956 ], [ -53.409074799999985, -30.807291799999973 ], [ -53.40805279999995, -30.808235099999933 ], [ -53.407564699999966, -30.809359599999937 ], [ -53.407583399999965, -30.810132899999928 ], [ -53.407698799999935, -30.810402899999929 ], [ -53.407904799999983, -30.810597499999972 ], [ -53.40850869999997, -30.810872599999982 ], [ -53.409154699999931, -30.811051099999929 ], [ -53.409959, -30.811114499999974 ], [ -53.412421299999949, -30.810964799999965 ], [ -53.413473899999985, -30.811051099999929 ], [ -53.414623399999982, -30.811438799999962 ], [ -53.414964199999986, -30.81160019999993 ], [ -53.415296799999965, -30.811785699999973 ], [ -53.415374799999938, -30.811865099999977 ], [ -53.415432399999986, -30.811940199999981 ], [ -53.415474499999959, -30.812041799999975 ], [ -53.415494, -30.812153 ], [ -53.415508, -30.812403299999971 ], [ -53.415487199999973, -30.812683599999957 ], [ -53.415396099999953, -30.813082299999962 ], [ -53.415328599999953, -30.813263699999936 ], [ -53.415223699999956, -30.813427099999956 ], [ -53.41500039999994, -30.81360159999997 ], [ -53.414753899999937, -30.813745899999958 ], [ -53.414250399999958, -30.813988699999982 ], [ -53.413414399999965, -30.814692299999933 ], [ -53.412997699999949, -30.815295499999934 ], [ -53.412883799999975, -30.815957399999945 ], [ -53.413004499999943, -30.816424599999948 ], [ -53.413115499999947, -30.816613699999948 ], [ -53.413256899999965, -30.816791399999943 ], [ -53.41347449999995, -30.816943699999968 ], [ -53.413732399999958, -30.817057199999965 ], [ -53.414065499999936, -30.817124899999953 ], [ -53.414434599999936, -30.81714089999997 ], [ -53.415627699999959, -30.817001799999957 ], [ -53.416828899999985, -30.816936899999973 ], [ -53.418316799999957, -30.817077599999948 ], [ -53.419, -30.817208299999947 ], [ -53.41959049999997, -30.817426599999976 ], [ -53.419819399999938, -30.817578199999957 ], [ -53.420017299999984, -30.817785 ], [ -53.420124, -30.818064 ], [ -53.420107399999949, -30.818351699999937 ], [ -53.419993499999975, -30.818665899999928 ], [ -53.419758799999954, -30.818927699999961 ], [ -53.419478599999934, -30.819180699999947 ], [ -53.419182399999954, -30.819331099999943 ], [ -53.418100399999958, -30.819789899999932 ], [ -53.416991399999972, -30.820174099999974 ], [ -53.414768399999957, -30.820953799999984 ], [ -53.411360199999933, -30.822596 ], [ -53.409848499999953, -30.823512199999982 ], [ -53.408761899999945, -30.824514199999953 ], [ -53.408529, -30.825003599999945 ], [ -53.408522099999971, -30.825532299999963 ], [ -53.408616099999961, -30.826076799999953 ], [ -53.408761899999945, -30.826500299999964 ], [ -53.409014899999931, -30.827019399999983 ], [ -53.409163099999944, -30.827229799999941 ], [ -53.409345099999939, -30.827396 ], [ -53.409522, -30.82751079999997 ], [ -53.409725499999979, -30.827570499999979 ], [ -53.410154599999942, -30.827620499999966 ], [ -53.411025199999983, -30.827552499999967 ], [ -53.412466499999937, -30.827273199999979 ], [ -53.413752799999941, -30.827294 ], [ -53.414308399999982, -30.827418299999977 ], [ -53.414801899999986, -30.827643 ], [ -53.415026299999965, -30.827824299999975 ], [ -53.415174299999933, -30.82804219999997 ], [ -53.415294599999982, -30.828288399999963 ], [ -53.41532129999996, -30.828433599999983 ], [ -53.415305299999943, -30.828595299999961 ], [ -53.415178099999935, -30.828904899999941 ], [ -53.414997299999982, -30.829202099999975 ], [ -53.414801, -30.82945419999993 ], [ -53.414590699999962, -30.829735199999959 ], [ -53.414434799999981, -30.830008899999939 ], [ -53.414366599999937, -30.830377399999975 ], [ -53.414356899999973, -30.830583599999954 ], [ -53.414402699999982, -30.830753899999934 ], [ -53.414476499999978, -30.830909899999938 ], [ -53.414596199999949, -30.831035 ], [ -53.415040799999986, -30.831348499999933 ], [ -53.415454899999986, -30.831765 ], [ -53.415562899999941, -30.831950399999982 ], [ -53.415596099999959, -30.832245799999953 ], [ -53.415599099999952, -30.832494199999928 ], [ -53.415571499999942, -30.832624899999928 ], [ -53.415522899999985, -30.832730799999979 ], [ -53.415332199999966, -30.832933099999934 ], [ -53.415106, -30.833103299999948 ], [ -53.414597899999933, -30.833370199999933 ], [ -53.413590499999941, -30.833734199999981 ], [ -53.413122299999941, -30.833983399999966 ], [ -53.412679799999978, -30.834254499999929 ], [ -53.412495099999944, -30.834392399999956 ], [ -53.412365, -30.834546399999965 ], [ -53.412290199999973, -30.834706 ], [ -53.412249499999973, -30.834871299999975 ], [ -53.412162, -30.835467299999948 ], [ -53.412188299999968, -30.836122899999964 ], [ -53.412147499999946, -30.836446199999955 ], [ -53.412072699999953, -30.836624 ], [ -53.411945199999934, -30.83677119999993 ], [ -53.411744599999963, -30.836906799999952 ], [ -53.41150209999995, -30.83697559999996 ], [ -53.411249699999985, -30.836995599999966 ], [ -53.410998, -30.836966299999972 ], [ -53.41020409999993, -30.83667829999996 ], [ -53.409338299999945, -30.836537799999974 ], [ -53.409065199999986, -30.836544199999935 ], [ -53.408804599999939, -30.836605799999973 ], [ -53.408597499999985, -30.836703799999952 ], [ -53.408449, -30.836852799999974 ], [ -53.408346399999971, -30.836991799999964 ], [ -53.40831559999998, -30.837067 ], [ -53.408297, -30.837149599999975 ], [ -53.408300199999985, -30.837325599999929 ], [ -53.408345299999951, -30.83749679999994 ], [ -53.408463799999936, -30.838085 ], [ -53.408575699999972, -30.838382499999966 ], [ -53.408748299999957, -30.838634899999931 ], [ -53.409424099999967, -30.839245399999982 ], [ -53.410175099999947, -30.839767399999971 ], [ -53.410845399999971, -30.840354799999943 ], [ -53.411162699999977, -30.84066009999998 ], [ -53.411314899999979, -30.840816 ], [ -53.411441799999977, -30.841015499999969 ], [ -53.411476299999947, -30.841235899999958 ], [ -53.411444099999983, -30.841427899999928 ], [ -53.411338099999966, -30.841761599999984 ], [ -53.410698699999955, -30.842829499999937 ], [ -53.410588399999938, -30.843146499999932 ], [ -53.410557599999947, -30.843518599999982 ], [ -53.410697199999959, -30.84392239999994 ], [ -53.411011599999938, -30.844271499999934 ], [ -53.411320799999942, -30.84461129999994 ], [ -53.41175469999996, -30.844851799999958 ], [ -53.413394699999969, -30.845126099999959 ], [ -53.415060399999959, -30.845246299999928 ], [ -53.416453099999956, -30.845251 ], [ -53.417125599999963, -30.845173299999942 ], [ -53.417754, -30.845001399999944 ], [ -53.417926799999975, -30.84490859999994 ], [ -53.418078799999932, -30.844761199999937 ], [ -53.418177, -30.844582299999956 ], [ -53.418216499999971, -30.844362099999955 ], [ -53.418177, -30.844081899999935 ], [ -53.418058299999984, -30.843836199999942 ], [ -53.417687499999943, -30.843465599999945 ], [ -53.417357799999934, -30.843047199999944 ], [ -53.417176299999937, -30.842707799999971 ], [ -53.417136, -30.842501199999958 ], [ -53.417135099999939, -30.842312499999935 ], [ -53.417148699999984, -30.842219099999966 ], [ -53.417175899999961, -30.842151399999977 ], [ -53.417223, -30.842092199999968 ], [ -53.417285099999958, -30.842040699999984 ], [ -53.41741879999995, -30.841959199999962 ], [ -53.417568599999981, -30.841911299999936 ], [ -53.417916, -30.841859399999976 ], [ -53.418257299999937, -30.841886199999976 ], [ -53.419102899999984, -30.842011799999966 ], [ -53.419942499999934, -30.842183299999931 ], [ -53.421012299999973, -30.84228 ], [ -53.421321799999987, -30.842261899999983 ], [ -53.421603799999957, -30.842171899999983 ], [ -53.421698899999967, -30.842124899999931 ], [ -53.421789499999932, -30.842066199999977 ], [ -53.421869299999969, -30.841973499999938 ], [ -53.421933199999955, -30.841873899999939 ], [ -53.422108599999945, -30.841380899999933 ], [ -53.422406399999943, -30.840920299999937 ], [ -53.422576299999946, -30.84077179999997 ], [ -53.42279979999995, -30.840641199999936 ], [ -53.423248199999932, -30.840496499999972 ], [ -53.42416129999998, -30.840417 ], [ -53.424478399999941, -30.840409099999931 ], [ -53.424833, -30.840448899999956 ], [ -53.425141899999971, -30.840557799999942 ], [ -53.425412899999969, -30.84071629999994 ], [ -53.425609699999939, -30.840934799999957 ], [ -53.425744499999951, -30.841197099999931 ], [ -53.425816299999951, -30.841507699999966 ], [ -53.425766599999974, -30.841886199999976 ], [ -53.425508099999945, -30.842403199999978 ], [ -53.425263, -30.842682499999967 ], [ -53.425071099999968, -30.842992799999934 ], [ -53.424900399999956, -30.843570799999952 ], [ -53.424841499999957, -30.844171599999981 ], [ -53.425032, -30.846470599999975 ], [ -53.42580739999994, -30.850157299999978 ], [ -53.42592129999997, -30.851617499999975 ], [ -53.425885199999982, -30.852054799999962 ], [ -53.425766599999974, -30.852429099999938 ], [ -53.425624199999959, -30.852653099999941 ], [ -53.425438399999962, -30.852821499999948 ], [ -53.425203599999975, -30.852935899999977 ], [ -53.424950399999943, -30.852973199999951 ], [ -53.424630699999966, -30.853015599999935 ], [ -53.424302499999953, -30.852977899999928 ], [ -53.424149899999975, -30.852916 ], [ -53.42403969999998, -30.852819799999963 ], [ -53.423889299999985, -30.852605899999958 ], [ -53.423597399999949, -30.852069299999982 ], [ -53.423295799999948, -30.851189 ], [ -53.42301729999997, -30.850633499999958 ], [ -53.422821099999965, -30.850428799999975 ], [ -53.422708699999987, -30.850354299999935 ], [ -53.422583299999985, -30.850306899999964 ], [ -53.422461199999987, -30.850287199999968 ], [ -53.422344299999963, -30.85028559999995 ], [ -53.422229199999947, -30.850299899999982 ], [ -53.422118099999977, -30.850336199999958 ], [ -53.421907399999952, -30.850465699999972 ], [ -53.421717799999954, -30.85061769999993 ], [ -53.421393, -30.850941699999964 ], [ -53.421100499999966, -30.851354399999934 ], [ -53.419994799999984, -30.852582499999983 ], [ -53.418758899999943, -30.85372609999996 ], [ -53.418167199999971, -30.85448109999993 ], [ -53.417813499999966, -30.855487799999935 ], [ -53.417794799999967, -30.856374199999948 ], [ -53.41823009999996, -30.858142699999974 ], [ -53.418808299999966, -30.859679899999946 ], [ -53.419210299999975, -30.860306899999955 ], [ -53.419445899999971, -30.86074229999997 ], [ -53.419534799999951, -30.860877899999934 ], [ -53.419651699999974, -30.860965499999963 ], [ -53.419720199999972, -30.860999499999934 ], [ -53.419803099999967, -30.861019299999953 ], [ -53.419896, -30.861024899999961 ], [ -53.41999009999995, -30.861014299999965 ], [ -53.420156599999984, -30.860964899999942 ], [ -53.420304699999974, -30.860863399999971 ], [ -53.420619399999964, -30.860581599999932 ], [ -53.420894699999963, -30.860269499999958 ], [ -53.421394699999951, -30.859596099999976 ], [ -53.421619599999985, -30.859259099999974 ], [ -53.421710699999949, -30.859062499999936 ], [ -53.42176539999997, -30.858851299999969 ], [ -53.42174689999996, -30.858634599999959 ], [ -53.421690599999977, -30.858409199999983 ], [ -53.421681199999966, -30.858252899999968 ], [ -53.421698899999967, -30.858174199999951 ], [ -53.421717899999976, -30.858137699999929 ], [ -53.421746699999971, -30.858108699999946 ], [ -53.421837099999948, -30.858055699999966 ], [ -53.421934599999986, -30.858011 ], [ -53.422135799999978, -30.857933099999968 ], [ -53.422460899999976, -30.857659699999942 ], [ -53.422634799999969, -30.857580399999961 ], [ -53.422725899999932, -30.857550599999968 ], [ -53.422828199999969, -30.857544099999984 ], [ -53.422936199999981, -30.85755329999995 ], [ -53.423044499999946, -30.857579499999929 ], [ -53.423244799999964, -30.857647399999962 ], [ -53.423421599999983, -30.857767099999933 ], [ -53.42363249999994, -30.857956899999976 ], [ -53.423749699999973, -30.858052599999951 ], [ -53.423807699999941, -30.858080399999949 ], [ -53.423868899999945, -30.858095099999957 ], [ -53.423921, -30.858093099999962 ], [ -53.423971799999947, -30.85808069999996 ], [ -53.424095, -30.858018099999981 ], [ -53.424277199999949, -30.857919299999935 ], [ -53.424445299999945, -30.857810699999959 ], [ -53.424499299999979, -30.857782199999974 ], [ -53.424558199999979, -30.857765299999983 ], [ -53.424617099999978, -30.857754099999966 ], [ -53.424647899999968, -30.85775469999993 ], [ -53.424678299999982, -30.857761799999935 ], [ -53.424725, -30.857786499999975 ], [ -53.424766699999964, -30.857822 ], [ -53.424825599999963, -30.857904899999937 ], [ -53.424870899999974, -30.85800329999995 ], [ -53.424931599999979, -30.858082699999954 ], [ -53.425024099999973, -30.858143799999937 ], [ -53.425126499999976, -30.858187699999974 ], [ -53.425218499999971, -30.858248299999957 ], [ -53.425305799999933, -30.858314 ], [ -53.425338199999942, -30.858341 ], [ -53.42536309999997, -30.858372599999939 ], [ -53.425378099999932, -30.858408 ], [ -53.425385799999958, -30.858454199999983 ], [ -53.425387599999965, -30.858486 ], [ -53.425382099999979, -30.858516699999939 ], [ -53.425369, -30.858549 ], [ -53.42535, -30.85857249999998 ], [ -53.42532319999998, -30.858587299999954 ], [ -53.425293299999964, -30.858596099999943 ], [ -53.425233499999933, -30.858610099999964 ], [ -53.425180499999954, -30.858634599999959 ], [ -53.425135699999942, -30.858667699999955 ], [ -53.425111099999981, -30.858698499999946 ], [ -53.425095699999986, -30.858731499999976 ], [ -53.425086399999941, -30.858802499999967 ], [ -53.425097499999936, -30.858882 ], [ -53.425128899999947, -30.858943199999942 ], [ -53.425300599999957, -30.85912849999994 ], [ -53.425428199999942, -30.859334299999944 ], [ -53.425440199999969, -30.859438499999953 ], [ -53.425419699999964, -30.859537099999955 ], [ -53.42522809999997, -30.859808299999941 ], [ -53.425003299999958, -30.86005849999998 ], [ -53.424788799999931, -30.860392 ], [ -53.424706, -30.860500899999977 ], [ -53.424678299999982, -30.860522 ], [ -53.424648899999966, -30.860535899999945 ], [ -53.424584799999934, -30.860545 ], [ -53.424533699999984, -30.860540399999934 ], [ -53.424481199999946, -30.860520799999961 ], [ -53.424454899999944, -30.860508899999957 ], [ -53.424432199999956, -30.860492399999941 ], [ -53.424401099999955, -30.860443 ], [ -53.424350599999968, -30.860317799999962 ], [ -53.424282099999971, -30.860225299999968 ], [ -53.42425, -30.860204299999964 ], [ -53.424231899999938, -30.860197299999982 ], [ -53.424212, -30.860196 ], [ -53.424172099999964, -30.860202299999969 ], [ -53.424131299999942, -30.860214399999961 ], [ -53.42409, -30.860230599999966 ], [ -53.424072399999943, -30.860244 ], [ -53.424057, -30.860259399999961 ], [ -53.424040199999979, -30.860298199999932 ], [ -53.424033799999961, -30.860344399999974 ], [ -53.42404339999996, -30.860551299999941 ], [ -53.424015299999951, -30.860745599999973 ], [ -53.423957299999984, -30.861155899999972 ], [ -53.423556599999984, -30.862145099999964 ], [ -53.423341299999947, -30.862649 ], [ -53.423086599999976, -30.863121599999943 ], [ -53.42303359999994, -30.863241499999958 ], [ -53.42303, -30.863379299999963 ], [ -53.423103599999934, -30.863622899999939 ], [ -53.423099799999932, -30.863725899999963 ], [ -53.423079799999982, -30.863815399999964 ], [ -53.422952899999984, -30.863994199999979 ], [ -53.422795899999983, -30.86414659999997 ], [ -53.42261579999996, -30.864287899999965 ], [ -53.422519699999953, -30.864341 ], [ -53.422426899999948, -30.86440719999996 ], [ -53.422406399999943, -30.864431699999955 ], [ -53.422394599999961, -30.864461899999981 ], [ -53.422386, -30.864530899999977 ], [ -53.422403599999939, -30.864599699999928 ], [ -53.422437099999968, -30.864651599999945 ], [ -53.422545, -30.864775499999951 ], [ -53.42262919999996, -30.864922 ], [ -53.422659299999964, -30.865014799999983 ], [ -53.422663299999954, -30.865057099999945 ], [ -53.422658099999978, -30.865101 ], [ -53.422624799999937, -30.865175799999975 ], [ -53.42257589999997, -30.865239599999938 ], [ -53.422455799999966, -30.865345599999955 ], [ -53.42229709999998, -30.86546519999996 ], [ -53.422142899999983, -30.865576699999963 ], [ -53.422105399999964, -30.865615499999933 ], [ -53.422079099999962, -30.865660199999979 ], [ -53.422066499999971, -30.865749599999958 ], [ -53.422077299999955, -30.865825199999961 ], [ -53.422091399999942, -30.865859099999966 ], [ -53.422114, -30.865889599999946 ], [ -53.422169799999949, -30.865924499999949 ], [ -53.422233199999937, -30.865946599999972 ], [ -53.422340099999985, -30.866022199999975 ], [ -53.422387299999968, -30.866080799999963 ], [ -53.422420099999954, -30.866168899999934 ], [ -53.422427199999959, -30.866276599999935 ], [ -53.422411599999975, -30.866377599999964 ], [ -53.422350199999983, -30.866753 ], [ -53.422234699999933, -30.867090099999928 ], [ -53.422206, -30.867195699999968 ], [ -53.422161599999981, -30.867277599999966 ], [ -53.422130399999958, -30.867324099999962 ], [ -53.422091799999976, -30.867362499999956 ], [ -53.422049199999947, -30.867386599999975 ], [ -53.422, -30.867401299999983 ], [ -53.421838, -30.86741319999993 ], [ -53.421754199999953, -30.867402 ], [ -53.421733099999983, -30.867394299999944 ], [ -53.421715899999981, -30.867381799999976 ], [ -53.421684199999959, -30.867372799999941 ], [ -53.421655199999975, -30.867373 ], [ -53.421632699999975, -30.867380299999979 ], [ -53.421590799999933, -30.867409 ], [ -53.42156, -30.867443899999955 ], [ -53.421540099999959, -30.867479299999957 ], [ -53.421535799999958, -30.867508899999962 ], [ -53.421540299999947, -30.86756239999994 ], [ -53.421555199999943, -30.867612599999973 ], [ -53.421593599999937, -30.867683599999964 ], [ -53.42165719999997, -30.867740099999935 ], [ -53.421734699999945, -30.867783 ], [ -53.42192179999995, -30.867868899999962 ], [ -53.42197989999994, -30.867906 ], [ -53.422027, -30.86796309999994 ], [ -53.422045899999944, -30.868025799999941 ], [ -53.422061, -30.868105699999944 ], [ -53.422044199999959, -30.868178399999977 ], [ -53.422000699999955, -30.868276699999967 ], [ -53.421964499999945, -30.868390899999952 ], [ -53.42195, -30.868496099999959 ], [ -53.421964899999978, -30.868587899999966 ], [ -53.422013399999969, -30.868684599999938 ], [ -53.422085099999947, -30.868770199999972 ], [ -53.422287399999959, -30.868902799999944 ], [ -53.422389599999974, -30.868967399999974 ], [ -53.422484699999984, -30.869050799999968 ], [ -53.422518299999979, -30.869098799999961 ], [ -53.422534199999973, -30.869157199999961 ], [ -53.422535799999935, -30.869187899999929 ], [ -53.422529199999985, -30.869217599999956 ], [ -53.422501699999941, -30.869256899999982 ], [ -53.422472299999981, -30.869282599999963 ], [ -53.422439499999939, -30.869299099999978 ], [ -53.422401599999944, -30.869303899999977 ], [ -53.422362, -30.869300399999929 ], [ -53.422285399999964, -30.869272899999942 ], [ -53.422210899999982, -30.869259899999975 ], [ -53.422144, -30.869262 ], [ -53.422112499999969, -30.869268099999942 ], [ -53.422084599999948, -30.869278599999973 ], [ -53.422058099999958, -30.869298899999933 ], [ -53.422041299999933, -30.869321599999978 ], [ -53.422033099999965, -30.869346499999949 ], [ -53.422032299999955, -30.869372599999963 ], [ -53.422042399999953, -30.869436899999982 ], [ -53.422070099999985, -30.869488899999965 ], [ -53.42210769999997, -30.86953479999994 ], [ -53.422153099999946, -30.869571099999973 ], [ -53.422271099999932, -30.869654699999955 ], [ -53.422386, -30.869748699999946 ], [ -53.422602, -30.869943499999977 ], [ -53.423091699999986, -30.870382199999938 ], [ -53.423367199999973, -30.870810799999958 ], [ -53.423462299999983, -30.870930099999953 ], [ -53.423540699999933, -30.871064099999955 ], [ -53.423556599999984, -30.871145899999931 ], [ -53.423537299999964, -30.871222299999943 ], [ -53.423515799999961, -30.871259699999939 ], [ -53.423485899999946, -30.871289099999956 ], [ -53.423411399999964, -30.871329399999979 ], [ -53.423306399999944, -30.871376099999964 ], [ -53.423193799999979, -30.871394 ], [ -53.423123299999986, -30.871419599999967 ], [ -53.423066199999937, -30.871454 ], [ -53.423014599999931, -30.871503 ], [ -53.422986299999934, -30.871564099999944 ], [ -53.422963799999934, -30.871677 ], [ -53.422939799999938, -30.871723399999951 ], [ -53.422909799999957, -30.87176 ], [ -53.422868599999958, -30.871786799999938 ], [ -53.42282419999998, -30.871803899999975 ], [ -53.422724399999936, -30.871817399999941 ], [ -53.422408099999984, -30.871842899999933 ], [ -53.422307599999954, -30.871860099999935 ], [ -53.422222799999986, -30.871902899999952 ], [ -53.422169799999949, -30.871949 ], [ -53.422134399999948, -30.871997699999952 ], [ -53.422086799999931, -30.872127299999931 ], [ -53.422006599999975, -30.872431199999937 ], [ -53.421947299999943, -30.872734 ], [ -53.42193229999998, -30.872851799999978 ], [ -53.421950699999968, -30.872964 ], [ -53.422053799999958, -30.873130899999978 ], [ -53.422188799999958, -30.873276899999951 ], [ -53.422305799999947, -30.873495299999945 ], [ -53.422336299999984, -30.873609399999964 ], [ -53.422345199999938, -30.873725799999931 ], [ -53.422361, -30.873764599999959 ], [ -53.422389099999975, -30.873801699999945 ], [ -53.422479599999974, -30.873861399999953 ], [ -53.422651299999984, -30.873950199999967 ], [ -53.422906399999931, -30.874157299999979 ], [ -53.423036299999978, -30.874264 ], [ -53.42306149999996, -30.874288799999931 ], [ -53.423079399999949, -30.874316199999953 ], [ -53.423091799999952, -30.874352199999976 ], [ -53.423093399999971, -30.874385599999982 ], [ -53.423088199999938, -30.874407499999961 ], [ -53.423076699999967, -30.874426799999981 ], [ -53.423045399999978, -30.874448899999948 ], [ -53.423009099999945, -30.874470699999961 ], [ -53.422965899999951, -30.874482099999966 ], [ -53.42287319999997, -30.874497799999972 ], [ -53.422782299999938, -30.874529699999982 ], [ -53.422642899999971, -30.87461019999995 ], [ -53.422511899999961, -30.874722299999974 ], [ -53.42233159999995, -30.874852799999928 ], [ -53.422248599999932, -30.874900299999979 ], [ -53.422161599999981, -30.87492629999997 ], [ -53.421972199999971, -30.874922 ], [ -53.421775599999933, -30.874895299999935 ], [ -53.421393, -30.874902499999962 ], [ -53.421025699999973, -30.874995599999977 ], [ -53.42086, -30.875105099999928 ], [ -53.420777499999986, -30.875143299999934 ], [ -53.420689, -30.875167799999929 ], [ -53.420611699999938, -30.875171399999942 ], [ -53.420526399999972, -30.875163099999952 ], [ -53.420393099999956, -30.875112899999976 ], [ -53.420263599999942, -30.875019899999984 ], [ -53.420202899999936, -30.874952 ], [ -53.420134599999983, -30.874895699999968 ], [ -53.420047, -30.874861399999929 ], [ -53.419945899999959, -30.87483409999993 ], [ -53.419856599999946, -30.874825 ], [ -53.419774099999984, -30.874827699999969 ], [ -53.419704299999978, -30.874845 ], [ -53.41964489999998, -30.874874899999952 ], [ -53.419601899999975, -30.874919299999931 ], [ -53.41957009999993, -30.874967099999935 ], [ -53.419519399999956, -30.875100699999962 ], [ -53.419499499999972, -30.875187599999947 ], [ -53.419481599999983, -30.87526639999993 ], [ -53.419470499999932, -30.875286299999971 ], [ -53.419455099999936, -30.875302699999963 ], [ -53.419435099999987, -30.875314799999956 ], [ -53.41941, -30.875328699999955 ], [ -53.419373499999949, -30.875342299999943 ], [ -53.41934329999998, -30.87535 ], [ -53.419320699999957, -30.875351599999931 ], [ -53.419298699999956, -30.875346799999932 ], [ -53.419281299999966, -30.875339299999951 ], [ -53.419255899999939, -30.875326499999971 ], [ -53.419239299999958, -30.875309099999981 ], [ -53.41923, -30.875290199999938 ], [ -53.419221199999981, -30.875242899999932 ], [ -53.419218099999966, -30.875192 ], [ -53.419200399999966, -30.875149499999964 ], [ -53.419180199999971, -30.875122099999942 ], [ -53.419151399999976, -30.875098799999932 ], [ -53.419123299999967, -30.875086099999976 ], [ -53.419069299999933, -30.875074699999971 ], [ -53.419034699999941, -30.875074099999949 ], [ -53.418993, -30.875082 ], [ -53.418961299999978, -30.875096399999961 ], [ -53.418894, -30.875145 ], [ -53.418847399999947, -30.875208199999975 ], [ -53.418814199999986, -30.875280099999941 ], [ -53.418802399999947, -30.875356199999942 ], [ -53.418827799999974, -30.875574599999936 ], [ -53.418845699999963, -30.875810599999966 ], [ -53.418830399999933, -30.875880699999982 ], [ -53.418821699999967, -30.875908 ], [ -53.418808299999966, -30.875933 ], [ -53.418789099999969, -30.87595129999994 ], [ -53.418764899999985, -30.87596659999997 ], [ -53.418713, -30.875990799999954 ], [ -53.418607599999973, -30.87600649999996 ], [ -53.418555399999946, -30.876003399999945 ], [ -53.418527099999949, -30.875996099999952 ], [ -53.418506899999954, -30.875983399999939 ], [ -53.418485, -30.875963 ], [ -53.418465699999956, -30.875940399999934 ], [ -53.418426499999953, -30.875879899999973 ], [ -53.418378699999948, -30.875835199999983 ], [ -53.418353299999978, -30.875815299999942 ], [ -53.418325299999935, -30.875800399999946 ], [ -53.418309599999986, -30.875797599999942 ], [ -53.418294399999979, -30.87579809999994 ], [ -53.418265, -30.875802499999963 ], [ -53.418236799999931, -30.875813499999936 ], [ -53.418213099999946, -30.875831 ], [ -53.418190599999946, -30.875855599999966 ], [ -53.418171399999949, -30.875884099999951 ], [ -53.418163899999968, -30.875916399999937 ], [ -53.418162099999961, -30.87595 ], [ -53.418175699999949, -30.876074599999981 ], [ -53.418213099999946, -30.876198299999942 ], [ -53.418391399999962, -30.876425299999937 ], [ -53.418600799999979, -30.876640399999928 ], [ -53.418907799999943, -30.876809199999968 ], [ -53.419468, -30.876990699999965 ], [ -53.419759699999986, -30.87707869999997 ], [ -53.420008799999948, -30.877228799999955 ], [ -53.420227299999965, -30.877467299999978 ], [ -53.42039989999995, -30.877725299999952 ], [ -53.420454399999983, -30.877794899999969 ], [ -53.420522299999959, -30.87786129999995 ], [ -53.420611599999972, -30.87790259999997 ], [ -53.420717, -30.877920399999937 ], [ -53.420845399999962, -30.877908899999966 ], [ -53.420920199999955, -30.877876199999946 ], [ -53.420988299999976, -30.877823899999953 ], [ -53.421093699999972, -30.87769469999995 ], [ -53.421173599999975, -30.877644499999974 ], [ -53.421260299999972, -30.877602899999943 ], [ -53.421293699999978, -30.877594599999952 ], [ -53.421330899999987, -30.87759559999995 ], [ -53.421367199999963, -30.877604599999984 ], [ -53.421399799999961, -30.877619899999956 ], [ -53.421449199999984, -30.877669399999945 ], [ -53.421484799999973, -30.877725299999952 ], [ -53.421542599999952, -30.877953199999979 ], [ -53.42150179999993, -30.878245599999957 ], [ -53.421535799999958, -30.87856869999996 ], [ -53.421597, -30.878715 ], [ -53.421642099999985, -30.878768099999945 ], [ -53.421672699999931, -30.878787199999977 ], [ -53.421709299999975, -30.87879659999993 ], [ -53.421856799999944, -30.878790199999969 ], [ -53.422008499999947, -30.878776199999947 ], [ -53.422304399999973, -30.878823799999964 ], [ -53.422491499999978, -30.878810199999975 ], [ -53.422760099999948, -30.878708199999949 ], [ -53.422913199999982, -30.878660499999967 ], [ -53.422986299999934, -30.878658399999949 ], [ -53.423023299999954, -30.878665199999944 ], [ -53.423059399999943, -30.878681 ], [ -53.423105299999975, -30.87872219999997 ], [ -53.423144499999978, -30.878769399999953 ], [ -53.423229499999934, -30.878925799999934 ], [ -53.423297499999933, -30.879123099999958 ], [ -53.423328099999935, -30.879578799999933 ], [ -53.423314499999947, -30.87991 ], [ -53.423345099999949, -30.88007319999997 ], [ -53.423411399999964, -30.880183699999975 ], [ -53.423552599999937, -30.880289599999969 ], [ -53.423802499999965, -30.880408199999977 ], [ -53.424055899999985, -30.880491499999948 ], [ -53.424271899999951, -30.8805 ], [ -53.424481, -30.880442599999981 ], [ -53.424858499999971, -30.880272599999955 ], [ -53.425076199999978, -30.880166699999961 ], [ -53.425334699999951, -30.879928699999937 ], [ -53.425484299999937, -30.879667199999972 ], [ -53.425582099999986, -30.879436399999975 ], [ -53.425733399999956, -30.879262899999958 ], [ -53.425866099999951, -30.879166 ], [ -53.425995299999954, -30.87912179999995 ], [ -53.426141499999972, -30.879096299999958 ], [ -53.426327699999945, -30.879089099999931 ], [ -53.426756299999965, -30.879139699999939 ], [ -53.427178, -30.879286299999933 ], [ -53.42798739999995, -30.879687599999954 ], [ -53.429912299999955, -30.881503699999939 ], [ -53.431245499999932, -30.882979699999964 ], [ -53.431929099999934, -30.883802299999957 ], [ -53.432344, -30.884530099999949 ], [ -53.432426499999963, -30.884774199999981 ], [ -53.432469799999978, -30.885054299999979 ], [ -53.432429899999931, -30.885280899999941 ], [ -53.432347399999969, -30.885476 ], [ -53.431939299999954, -30.886020199999962 ], [ -53.431014199999936, -30.88668679999995 ], [ -53.429925899999944, -30.887081299999977 ], [ -53.429245699999967, -30.887503 ], [ -53.428728799999931, -30.888074299999971 ], [ -53.428267099999971, -30.888780499999939 ], [ -53.427776499999936, -30.889421099999936 ], [ -53.427439799999945, -30.889645199999961 ], [ -53.427082699999971, -30.889734 ], [ -53.426375299999961, -30.889761199999953 ], [ -53.424851699999977, -30.889591199999984 ], [ -53.423831399999983, -30.88979519999998 ], [ -53.423470899999984, -30.889988699999947 ], [ -53.423246499999948, -30.890209699999957 ], [ -53.423141099999953, -30.890437599999984 ], [ -53.423130799999967, -30.890730099999928 ], [ -53.423195499999963, -30.890974899999947 ], [ -53.423317899999972, -30.891196 ], [ -53.423573, -30.891414099999963 ], [ -53.42399469999998, -30.891604499999971 ], [ -53.424674899999957, -30.891781399999957 ], [ -53.425436699999977, -30.891835799999967 ], [ -53.426933099999985, -30.891645299999936 ], [ -53.428375099999982, -30.891713399999958 ], [ -53.42910969999997, -30.891808599999933 ], [ -53.429822799999954, -30.892082799999969 ], [ -53.430415699999969, -30.892488799999967 ], [ -53.430837399999973, -30.893087299999934 ], [ -53.431175799999949, -30.894529299999931 ], [ -53.431413799999973, -30.895031 ], [ -53.431691, -30.895345599999928 ], [ -53.431912099999977, -30.895469699999978 ], [ -53.431969899999956, -30.895516899999961 ], [ -53.432018099999937, -30.895582199999978 ], [ -53.432019199999957, -30.895583599999952 ], [ -53.432021899999938, -30.895586399999956 ], [ -53.432022399999937, -30.895596299999966 ], [ -53.432032, -30.895641 ], [ -53.432032799999945, -30.895701 ], [ -53.432005599999968, -30.895823399999983 ], [ -53.43192229999994, -30.895962399999974 ], [ -53.431837299999984, -30.896045299999969 ], [ -53.431624099999965, -30.89601689999995 ], [ -53.431797899999935, -30.89608469999996 ], [ -53.43152269999996, -30.896258699999976 ], [ -53.431206399999951, -30.896391299999948 ], [ -53.43051939999998, -30.896547799999951 ], [ -53.429723599999932, -30.896491699999956 ], [ -53.429233799999963, -30.896423699999957 ], [ -53.428788299999951, -30.896291 ], [ -53.428397199999949, -30.896104 ], [ -53.427975499999945, -30.896005299999956 ], [ -53.427547, -30.895923699999969 ], [ -53.427094599999975, -30.895932199999947 ], [ -53.426373599999977, -30.895836599999939 ], [ -53.425686699999972, -30.895732799999962 ], [ -53.425384, -30.895718 ], [ -53.425101699999971, -30.895772399999942 ], [ -53.424904399999946, -30.895871 ], [ -53.424778599999968, -30.896007 ], [ -53.424693599999955, -30.896207699999934 ], [ -53.424700399999949, -30.896415199999979 ], [ -53.424761599999954, -30.896758699999964 ], [ -53.424928199999954, -30.897057899999936 ], [ -53.42520369999994, -30.897326599999928 ], [ -53.425384, -30.89755109999993 ], [ -53.425452, -30.897789099999954 ], [ -53.425503, -30.898129199999971 ], [ -53.425513199999955, -30.898431899999935 ], [ -53.425477499999943, -30.898727799999961 ], [ -53.425423099999932, -30.899163099999953 ], [ -53.425232599999958, -30.899584799999957 ], [ -53.424817699999949, -30.900278599999979 ], [ -53.423885899999959, -30.901625399999944 ], [ -53.422688699999981, -30.903257799999949 ], [ -53.422403, -30.903689799999938 ], [ -53.422151399999962, -30.904189699999961 ], [ -53.421835099999953, -30.904626699999938 ] ] ] } },
{ "type": "Feature", "properties": { "id": 170, "CD_REGIAO": "4", "NM_REGIAO": "Sul", "CD_UF": "43", "NM_UF": "Rio Grande do Sul", "CD_MUN": "4302808", "NM_MUN": "Caçapava do Sul", "CD_DIST": "430280825", "NM_DIST": "Forninho", "CD_SUBDIST": "43028082500", "NM_SUBDIST": null, "CD_RGINT": "4303", "NM_RGINT": "Santa Maria", "CD_RGI": "430012", "NM_RGI": "São Gabriel - Caçapava do Sul", "CD_CONCURB": null, "NM_CONCURB": null, "SIGLA": "RS" }, "geometry": { "type": "Polygon", "coordinates": [ [ [ -53.367781899999954, -30.484050099999934 ], [ -53.368511399999932, -30.483826299999976 ], [ -53.37085529999996, -30.484066699999971 ], [ -53.371595699999943, -30.483768099999963 ], [ -53.372412899999972, -30.482037499999933 ], [ -53.372844499999985, -30.481814099999951 ], [ -53.373869199999945, -30.481666599999983 ], [ -53.374270899999942, -30.481400599999972 ], [ -53.374441, -30.480856599999981 ], [ -53.374873399999956, -30.480653899999936 ], [ -53.37667689999995, -30.480880799999966 ], [ -53.377549299999941, -30.480778599999951 ], [ -53.377926599999967, -30.480403299999978 ], [ -53.381059099999959, -30.479795799999977 ], [ -53.381639899999982, -30.479353 ], [ -53.381804499999987, -30.478680899999972 ], [ -53.381554899999969, -30.477972499999964 ], [ -53.382073799999944, -30.477552 ], [ -53.382183699999985, -30.477322 ], [ -53.382259099999942, -30.47716429999997 ], [ -53.382407899999976, -30.476303799999982 ], [ -53.382475799999952, -30.47558 ], [ -53.38294419999994, -30.475104199999976 ], [ -53.383646899999974, -30.474755799999969 ], [ -53.383992299999932, -30.474526699999956 ], [ -53.384479, -30.474157 ], [ -53.384638199999983, -30.47385369999995 ], [ -53.384789399999931, -30.473006699999928 ], [ -53.384976299999948, -30.472389 ], [ -53.385400499999946, -30.471888699999965 ], [ -53.385821499999963, -30.471391199999971 ], [ -53.386757, -30.470893399999966 ], [ -53.387533599999983, -30.470370399999979 ], [ -53.387598199999957, -30.470158099999935 ], [ -53.387700399999972, -30.469567299999937 ], [ -53.387726399999963, -30.469011099999932 ], [ -53.387594799999931, -30.468443499999978 ], [ -53.38702539999997, -30.467852299999947 ], [ -53.387125, -30.466770699999984 ], [ -53.387413199999969, -30.465736299999946 ], [ -53.388225399999953, -30.465609499999971 ], [ -53.388828, -30.465852 ], [ -53.389754099999948, -30.466083099999935 ], [ -53.391059599999949, -30.466325199999972 ], [ -53.391657699999939, -30.46651449999996 ], [ -53.391939899999954, -30.466725799999949 ], [ -53.393309899999963, -30.467349199999944 ], [ -53.393965, -30.467187399999943 ], [ -53.396257099999957, -30.465960099999961 ], [ -53.39809809999997, -30.465450899999951 ], [ -53.39868569999993, -30.464827599999978 ], [ -53.398818299999959, -30.464375099999984 ], [ -53.399068599999964, -30.464053 ], [ -53.398978199999931, -30.463123799999948 ], [ -53.399472, -30.462667299999964 ], [ -53.399726499999986, -30.462177299999951 ], [ -53.399609, -30.461718499999961 ], [ -53.399048799999946, -30.461333799999977 ], [ -53.398687399999972, -30.460439299999962 ], [ -53.398718599999938, -30.459376199999951 ], [ -53.398918399999957, -30.458861099999979 ], [ -53.399778099999935, -30.458762299999933 ], [ -53.40026169999993, -30.45882279999995 ], [ -53.40056119999997, -30.458384299999977 ], [ -53.400404899999955, -30.457571799999982 ], [ -53.401016799999979, -30.457375699999943 ], [ -53.400786599999947, -30.456955799999946 ], [ -53.399174, -30.455128299999956 ], [ -53.398647399999959, -30.45419789999994 ], [ -53.398770599999978, -30.453297499999962 ], [ -53.399793199999976, -30.452541699999983 ], [ -53.400754699999936, -30.451715799999931 ], [ -53.401361, -30.450369699999953 ], [ -53.40138289999993, -30.450204199999973 ], [ -53.401487499999973, -30.448822199999938 ], [ -53.401216, -30.447941499999956 ], [ -53.400790799999982, -30.447030199999972 ], [ -53.40074119999997, -30.446068599999933 ], [ -53.400536599999953, -30.445241599999974 ], [ -53.400318099999936, -30.444738799999982 ], [ -53.404136, -30.435296599999958 ], [ -53.405513399999961, -30.434859 ], [ -53.405922499999974, -30.434243599999945 ], [ -53.40643369999998, -30.433271799999943 ], [ -53.407123799999965, -30.432389699999931 ], [ -53.407743499999981, -30.431943699999977 ], [ -53.408314899999937, -30.43191539999998 ], [ -53.409813299999939, -30.432186399999978 ], [ -53.410655, -30.431877 ], [ -53.411565, -30.431204599999944 ], [ -53.411644799999976, -30.430988699999943 ], [ -53.411943, -30.430552599999942 ], [ -53.412004299999978, -30.429882699999951 ], [ -53.412302299999965, -30.429489 ], [ -53.412672599999951, -30.429351699999984 ], [ -53.410757799999942, -30.423382499999946 ], [ -53.410437599999966, -30.421754799999974 ], [ -53.410634399999935, -30.420540599999981 ], [ -53.41109, -30.419363799999928 ], [ -53.413114, -30.418394199999966 ], [ -53.413484599999947, -30.417861799999969 ], [ -53.413451, -30.415118699999937 ], [ -53.413725599999964, -30.414281899999935 ], [ -53.41397569999998, -30.411798 ], [ -53.415224099999932, -30.408915299999933 ], [ -53.415429, -30.408049399999982 ], [ -53.415030199999933, -30.407385499999975 ], [ -53.41249369999997, -30.405885799999965 ], [ -53.412480499999958, -30.405303 ], [ -53.412179399999957, -30.404316699999981 ], [ -53.411753, -30.403915199999972 ], [ -53.411265399999934, -30.403838099999973 ], [ -53.411026199999981, -30.403302099999962 ], [ -53.411174699999947, -30.399535 ], [ -53.411437, -30.398829 ], [ -53.412105, -30.397794699999963 ], [ -53.412256799999966, -30.396947499999953 ], [ -53.412777299999959, -30.396221899999944 ], [ -53.412899799999934, -30.395577499999945 ], [ -53.41221349999995, -30.394452299999955 ], [ -53.410761799999932, -30.393252399999938 ], [ -53.410895399999958, -30.393017599999951 ], [ -53.411248499999942, -30.393302399999982 ], [ -53.411595899999952, -30.393324699999937 ], [ -53.411904, -30.393143899999984 ], [ -53.411962599999981, -30.392734599999983 ], [ -53.412344499999961, -30.392728199999965 ], [ -53.413045, -30.393038099999956 ], [ -53.413932799999941, -30.393180099999938 ], [ -53.414800899999932, -30.393133499999976 ], [ -53.41574479999997, -30.393467799999939 ], [ -53.418168599999944, -30.396049399999981 ], [ -53.422011899999973, -30.397916499999951 ], [ -53.424230499999965, -30.39916119999998 ], [ -53.425079399999959, -30.399901899999975 ], [ -53.425318899999979, -30.40112339999996 ], [ -53.425815, -30.401525099999958 ], [ -53.427597899999967, -30.40201639999998 ], [ -53.42778119999997, -30.400749 ], [ -53.428199799999959, -30.399631399999976 ], [ -53.428343899999959, -30.398287099999948 ], [ -53.42813069999994, -30.397373399999935 ], [ -53.426446399999975, -30.396585699999946 ], [ -53.42608649999994, -30.396041099999934 ], [ -53.425935699999968, -30.395659799999976 ], [ -53.425558899999942, -30.392298099999948 ], [ -53.427983599999948, -30.391908299999955 ], [ -53.428974599999947, -30.391306399999962 ], [ -53.429464, -30.390698799999939 ], [ -53.42960839999995, -30.390930399999945 ], [ -53.431260699999939, -30.391832399999942 ], [ -53.432548899999972, -30.392013 ], [ -53.434521099999984, -30.39177159999997 ], [ -53.43556609999996, -30.391897899999947 ], [ -53.436012199999936, -30.392488899999933 ], [ -53.436450899999954, -30.394726899999966 ], [ -53.43739869999996, -30.392762799999957 ], [ -53.438139299999932, -30.391543699999943 ], [ -53.438958899999932, -30.391061 ], [ -53.440476, -30.390681499999971 ], [ -53.441072599999984, -30.390248399999962 ], [ -53.442167599999948, -30.388185599999929 ], [ -53.443218799999954, -30.387202399999978 ], [ -53.443919899999969, -30.386138299999971 ], [ -53.444174799999985, -30.385230099999944 ], [ -53.444628699999953, -30.384623199999965 ], [ -53.445838499999979, -30.38393009999993 ], [ -53.447028799999941, -30.383748499999967 ], [ -53.449722299999962, -30.384348799999941 ], [ -53.450619899999936, -30.384410399999979 ], [ -53.45133629999998, -30.383930799999973 ], [ -53.452381399999979, -30.382715599999983 ], [ -53.453122499999949, -30.382482399999958 ], [ -53.454131599999982, -30.382699499999944 ], [ -53.454961699999956, -30.38253519999995 ], [ -53.455976499999963, -30.381523699999946 ], [ -53.456866, -30.38098169999995 ], [ -53.458428199999958, -30.381069399999944 ], [ -53.459778399999948, -30.380927 ], [ -53.461897099999931, -30.377633399999979 ], [ -53.462851899999976, -30.376915799999949 ], [ -53.46381249999996, -30.376488499999937 ], [ -53.464176, -30.375837899999965 ], [ -53.464055799999983, -30.375171699999953 ], [ -53.464518099999964, -30.374140699999941 ], [ -53.464563099999964, -30.37257859999994 ], [ -53.464829899999984, -30.372107 ], [ -53.464643099999932, -30.371643499999948 ], [ -53.463834099999985, -30.371191 ], [ -53.462687799999969, -30.370980599999939 ], [ -53.462156799999946, -30.37066909999993 ], [ -53.461755399999959, -30.369887099999971 ], [ -53.461708, -30.36942149999993 ], [ -53.462413899999945, -30.369132199999967 ], [ -53.462815399999954, -30.36857 ], [ -53.463630499999965, -30.36788329999996 ], [ -53.465616399999931, -30.368284699999947 ], [ -53.466772499999934, -30.368785599999967 ], [ -53.468332099999941, -30.370099899999957 ], [ -53.468871299999932, -30.370048 ], [ -53.469242699999938, -30.369659799999965 ], [ -53.469630299999949, -30.368572599999936 ], [ -53.469868399999939, -30.367050899999981 ], [ -53.470403399999952, -30.366223199999979 ], [ -53.471881499999938, -30.36567 ], [ -53.472322599999984, -30.365283 ], [ -53.473383899999931, -30.365421699999956 ], [ -53.474064, -30.364884099999983 ], [ -53.474255, -30.364181299999984 ], [ -53.47403769999994, -30.363776299999984 ], [ -53.472248399999955, -30.363022199999932 ], [ -53.471648699999946, -30.362537199999963 ], [ -53.471211499999981, -30.361816499999975 ], [ -53.471214699999962, -30.36121849999995 ], [ -53.477592, -30.359697099999948 ], [ -53.479148099999975, -30.359521099999938 ], [ -53.481773199999964, -30.359777799999961 ], [ -53.482758099999955, -30.360400499999969 ], [ -53.485240599999941, -30.362484099999961 ], [ -53.488806899999986, -30.365012899999954 ], [ -53.490159, -30.365644199999963 ], [ -53.493977399999949, -30.365518299999962 ], [ -53.493962299999964, -30.362391799999955 ], [ -53.492340199999944, -30.360061899999948 ], [ -53.492030799999952, -30.357727199999943 ], [ -53.490436399999965, -30.355488399999956 ], [ -53.48576989999998, -30.351969399999973 ], [ -53.483030699999972, -30.34753859999995 ], [ -53.48271909999994, -30.343308599999943 ], [ -53.479305799999963, -30.340924499999971 ], [ -53.476510499999961, -30.338744899999938 ], [ -53.474044699999979, -30.337969199999975 ], [ -53.472691899999973, -30.336369799999943 ], [ -53.472650499999986, -30.335567699999956 ], [ -53.472180499999979, -30.334967799999959 ], [ -53.471541199999933, -30.334728899999959 ], [ -53.466979, -30.330304799999965 ], [ -53.466060399999947, -30.328472699999963 ], [ -53.468466299999932, -30.321407799999974 ], [ -53.467487899999981, -30.32062 ], [ -53.466556299999979, -30.32022829999994 ], [ -53.461969299999964, -30.319756699999971 ], [ -53.460681299999976, -30.318942299999946 ], [ -53.46075849999994, -30.315671799999961 ], [ -53.461783299999979, -30.314976 ], [ -53.462596599999983, -30.313993399999958 ], [ -53.464956699999959, -30.313802899999928 ], [ -53.465902899999946, -30.313986199999931 ], [ -53.467888, -30.313355699999931 ], [ -53.468294799999967, -30.313687499999958 ], [ -53.469101299999977, -30.313372299999969 ], [ -53.46961779999998, -30.31225319999993 ], [ -53.469223099999965, -30.310047899999972 ], [ -53.467846, -30.309203399999944 ], [ -53.465772499999957, -30.30793209999996 ], [ -53.464490699999942, -30.306382599999949 ], [ -53.46379589999998, -30.304914799999949 ], [ -53.463095899999985, -30.304212 ], [ -53.462242199999935, -30.30252889999997 ], [ -53.462499799999932, -30.301043399999969 ], [ -53.464542899999969, -30.300416699999971 ], [ -53.470623, -30.29912 ], [ -53.471557899999937, -30.299263599999961 ], [ -53.473259599999949, -30.298499199999981 ], [ -53.472881399999949, -30.297087799999929 ], [ -53.470723099999987, -30.294045499999982 ], [ -53.471349799999984, -30.293676399999981 ], [ -53.473433799999952, -30.293709199999967 ], [ -53.474516, -30.294473 ], [ -53.47870869999997, -30.295590299999958 ], [ -53.481576099999984, -30.296107699999936 ], [ -53.484135399999957, -30.295308699999964 ], [ -53.484101599999974, -30.293039 ], [ -53.485070599999972, -30.292003699999952 ], [ -53.485391, -30.290354199999967 ], [ -53.483969899999977, -30.287619 ], [ -53.484933599999977, -30.284789499999931 ], [ -53.484279, -30.283960699999966 ], [ -53.483707399999957, -30.283741 ], [ -53.482754599999964, -30.283685899999966 ], [ -53.481635399999959, -30.283847399999956 ], [ -53.480235099999959, -30.284270299999946 ], [ -53.479594299999974, -30.285764299999983 ], [ -53.47824, -30.285933899999975 ], [ -53.47654689999996, -30.287090699999965 ], [ -53.474457899999948, -30.286842399999955 ], [ -53.473073099999965, -30.285727399999928 ], [ -53.472358099999951, -30.28338279999997 ], [ -53.472614299999975, -30.281928799999946 ], [ -53.472041, -30.281263499999966 ], [ -53.471370799999931, -30.279290699999933 ], [ -53.471721899999977, -30.278750899999977 ], [ -53.473184699999933, -30.278471799999977 ], [ -53.472963799999945, -30.276816499999939 ], [ -53.471986199999947, -30.274805599999979 ], [ -53.472985599999959, -30.272348799999975 ], [ -53.471973499999933, -30.270776099999978 ], [ -53.472816799999976, -30.27009929999997 ], [ -53.47142649999995, -30.26889129999995 ], [ -53.469524299999932, -30.268766399999947 ], [ -53.466509199999962, -30.262282899999946 ], [ -53.46563569999995, -30.261623499999928 ], [ -53.46474, -30.262192599999935 ], [ -53.462708899999939, -30.262300699999969 ], [ -53.462186499999973, -30.262240799999972 ], [ -53.458211799999958, -30.26090019999998 ], [ -53.457000799999946, -30.257566699999984 ], [ -53.453964799999937, -30.25469279999993 ], [ -53.452340199999981, -30.252723099999969 ], [ -53.451128, -30.250780499999962 ], [ -53.446574299999952, -30.247914499999979 ], [ -53.442146799999932, -30.243533399999933 ], [ -53.436009599999977, -30.238803 ], [ -53.425143399999968, -30.232934 ], [ -53.423002199999985, -30.232240799999943 ], [ -53.42084, -30.231220099999973 ], [ -53.419806499999936, -30.230318899999929 ], [ -53.419119699999953, -30.221679599999959 ], [ -53.418497799999955, -30.220920099999944 ], [ -53.417953899999986, -30.220256099999972 ], [ -53.416553799999974, -30.218547199999932 ], [ -53.416731199999958, -30.21752859999998 ], [ -53.41419639999998, -30.211453799999958 ], [ -53.410952699999939, -30.210056399999928 ], [ -53.408835199999942, -30.21001259999997 ], [ -53.406809799999962, -30.20968229999994 ], [ -53.405556399999966, -30.209815599999956 ], [ -53.399764599999969, -30.212286 ], [ -53.394880799999953, -30.211290299999973 ], [ -53.391507099999956, -30.211822199999972 ], [ -53.391236699999979, -30.212395599999979 ], [ -53.390142899999944, -30.21307059999998 ], [ -53.387484099999938, -30.211200899999938 ], [ -53.386652199999958, -30.211031099999957 ], [ -53.385308399999985, -30.209831399999928 ], [ -53.383891199999937, -30.210081799999955 ], [ -53.383046199999967, -30.20934079999995 ], [ -53.383116299999983, -30.206934499999932 ], [ -53.384596699999975, -30.204024299999958 ], [ -53.382912699999963, -30.202769699999976 ], [ -53.382517599999971, -30.200346799999977 ], [ -53.378926599999943, -30.199327599999947 ], [ -53.378914399999985, -30.19779589999996 ], [ -53.376974099999984, -30.197690199999954 ], [ -53.373663, -30.195449099999962 ], [ -53.372911499999987, -30.194252099999972 ], [ -53.369073799999967, -30.192382699999939 ], [ -53.366296799999986, -30.187878 ], [ -53.364751699999943, -30.18819069999995 ], [ -53.362722899999937, -30.187513399999943 ], [ -53.362655299999972, -30.185762199999942 ], [ -53.361737799999958, -30.185367099999951 ], [ -53.359438899999986, -30.18632649999995 ], [ -53.358280299999933, -30.185488299999975 ], [ -53.356551599999932, -30.183379899999977 ], [ -53.354461799999967, -30.181734199999937 ], [ -53.35258349999998, -30.180450299999961 ], [ -53.351626099999976, -30.178400699999941 ], [ -53.352532799999949, -30.17630429999997 ], [ -53.351600899999937, -30.175117099999966 ], [ -53.352090499999974, -30.172962699999971 ], [ -53.350981299999944, -30.170960099999945 ], [ -53.348915799999986, -30.171037399999932 ], [ -53.346418899999946, -30.170244699999955 ], [ -53.342000799999937, -30.170324499999936 ], [ -53.340805299999943, -30.169937899999979 ], [ -53.339759, -30.168339599999968 ], [ -53.340284599999961, -30.164248699999973 ], [ -53.34279429999998, -30.162305699999933 ], [ -53.341799699999967, -30.160591299999965 ], [ -53.340688599999964, -30.159709 ], [ -53.339501, -30.15846449999998 ], [ -53.338490599999943, -30.158508099999949 ], [ -53.3344, -30.156882699999983 ], [ -53.332612199999971, -30.15785139999997 ], [ -53.330483499999957, -30.153029099999969 ], [ -53.330762799999945, -30.148411099999976 ], [ -53.329998799999942, -30.147790199999974 ], [ -53.328498499999966, -30.148776599999962 ], [ -53.326419099999953, -30.148220199999969 ], [ -53.324945299999968, -30.147124799999972 ], [ -53.323822399999983, -30.147714299999961 ], [ -53.322959599999933, -30.147282299999972 ], [ -53.322418399999947, -30.14629089999994 ], [ -53.320742799999948, -30.145279099999982 ], [ -53.318551899999932, -30.14327609999998 ], [ -53.318344599999932, -30.142178099999967 ], [ -53.312316599999974, -30.143792899999937 ], [ -53.311158799999987, -30.140874099999962 ], [ -53.303309199999944, -30.138804899999968 ], [ -53.303085899999985, -30.141484599999956 ], [ -53.30484649999994, -30.143803199999979 ], [ -53.306585499999983, -30.149675699999932 ], [ -53.30829719999997, -30.151155899999935 ], [ -53.307558099999937, -30.157105499999943 ], [ -53.304085399999963, -30.1644 ], [ -53.306915299999957, -30.172722799999974 ], [ -53.314654399999938, -30.182163699999933 ], [ -53.31515509999997, -30.185890799999981 ], [ -53.319703199999935, -30.190262299999972 ], [ -53.320178299999952, -30.193968599999948 ], [ -53.323162799999977, -30.201105599999948 ], [ -53.328497499999969, -30.20589039999993 ], [ -53.327821899999947, -30.212378 ], [ -53.329897399999936, -30.214789 ], [ -53.329888499999981, -30.218870699999968 ], [ -53.331874499999969, -30.223021199999948 ], [ -53.335044299999936, -30.225867899999969 ], [ -53.339475299999947, -30.227340799999979 ], [ -53.342088499999932, -30.232868099999962 ], [ -53.342612799999984, -30.233236 ], [ -53.347241299999951, -30.23648929999996 ], [ -53.34643, -30.238202799999954 ], [ -53.346737899999937, -30.240181599999971 ], [ -53.348338599999977, -30.242435599999965 ], [ -53.34758039999997, -30.243183299999941 ], [ -53.348600099999942, -30.244696499999975 ], [ -53.350456099999974, -30.24558339999993 ], [ -53.351846899999941, -30.248497599999951 ], [ -53.35081409999998, -30.252924199999939 ], [ -53.348432099999968, -30.254403399999944 ], [ -53.347035, -30.258425799999941 ], [ -53.344797599999936, -30.261728699999935 ], [ -53.345825, -30.266010399999971 ], [ -53.344185699999969, -30.273423299999934 ], [ -53.342866, -30.275589599999932 ], [ -53.343575599999951, -30.278741299999979 ], [ -53.343124599999953, -30.283562199999949 ], [ -53.342137199999968, -30.289167 ], [ -53.342879599999947, -30.290854799999977 ], [ -53.342723599999943, -30.294913099999974 ], [ -53.340959, -30.298723399999972 ], [ -53.33845789999998, -30.301043499999935 ], [ -53.335453399999949, -30.301215899999931 ], [ -53.334911, -30.305795399999965 ], [ -53.333145899999977, -30.307450699999947 ], [ -53.333145, -30.309585799999979 ], [ -53.334096199999976, -30.312511399999948 ], [ -53.335841399999936, -30.314749099999972 ], [ -53.336545099999967, -30.318791099999942 ], [ -53.329802499999971, -30.322403599999973 ], [ -53.324332399999946, -30.327349199999958 ], [ -53.321343299999967, -30.326224299999978 ], [ -53.317265599999985, -30.326739699999962 ], [ -53.314205699999945, -30.328314 ], [ -53.300162799999953, -30.335537899999963 ], [ -53.281657099999961, -30.345054 ], [ -53.280705, -30.345543 ], [ -53.27664649999997, -30.342875 ], [ -53.270913299999961, -30.345483399999978 ], [ -53.268045099999938, -30.345299599999976 ], [ -53.261524599999973, -30.341754099999946 ], [ -53.255469599999969, -30.336665799999935 ], [ -53.240400699999952, -30.333266899999956 ], [ -53.236286099999973, -30.328933099999972 ], [ -53.23444139999998, -30.329727 ], [ -53.229663499999958, -30.32847849999996 ], [ -53.227437399999985, -30.326848899999959 ], [ -53.223095099999966, -30.326565199999948 ], [ -53.219031, -30.322665099999938 ], [ -53.219380799999954, -30.314484099999959 ], [ -53.218462899999963, -30.311843799999963 ], [ -53.219955299999981, -30.309823199999983 ], [ -53.220243099999948, -30.307874799999979 ], [ -53.21901749999995, -30.306142799999975 ], [ -53.21645209999997, -30.297727899999984 ], [ -53.214318799999944, -30.297608699999955 ], [ -53.212657499999978, -30.299179899999956 ], [ -53.210970299999985, -30.297492 ], [ -53.20906569999994, -30.296863499999972 ], [ -53.207052, -30.297384499999964 ], [ -53.206458899999973, -30.298365899999965 ], [ -53.206055499999934, -30.300039399999946 ], [ -53.204792199999986, -30.299558099999956 ], [ -53.204105299999981, -30.300297199999932 ], [ -53.204213899999957, -30.302169599999957 ], [ -53.202994499999932, -30.30370279999994 ], [ -53.20301029999996, -30.307397499999979 ], [ -53.201371199999983, -30.30785839999993 ], [ -53.200044699999978, -30.309511799999939 ], [ -53.20046659999997, -30.311708099999976 ], [ -53.19926739999994, -30.313170099999979 ], [ -53.192964199999949, -30.31055159999994 ], [ -53.184396499999934, -30.314148899999964 ], [ -53.183148099999983, -30.314360399999941 ], [ -53.180501, -30.312847399999953 ], [ -53.182186899999977, -30.317551099999946 ], [ -53.184378199999969, -30.31810779999995 ], [ -53.182114099999978, -30.322309599999983 ], [ -53.17941, -30.324366399999974 ], [ -53.178937399999938, -30.32779469999997 ], [ -53.181780899999978, -30.329116799999952 ], [ -53.184683299999961, -30.332993699999975 ], [ -53.187428799999964, -30.332740199999932 ], [ -53.188342799999987, -30.333384499999966 ], [ -53.188940399999979, -30.334431799999948 ], [ -53.187931099999957, -30.334623099999931 ], [ -53.187243699999954, -30.336264099999937 ], [ -53.18887559999996, -30.339397899999938 ], [ -53.187985199999957, -30.340921299999934 ], [ -53.184022, -30.341768799999954 ], [ -53.180061599999931, -30.344752299999982 ], [ -53.176544099999944, -30.34302 ], [ -53.174171499999943, -30.343059099999948 ], [ -53.172463199999981, -30.349424599999963 ], [ -53.169938499999944, -30.349709899999937 ], [ -53.16994619999997, -30.352000099999941 ], [ -53.17363469999998, -30.354577899999981 ], [ -53.177353399999959, -30.358546799999942 ], [ -53.177138, -30.361791699999969 ], [ -53.174539599999946, -30.363758799999971 ], [ -53.175077699999974, -30.367188 ], [ -53.174809099999948, -30.368945199999928 ], [ -53.171713599999975, -30.371235699999943 ], [ -53.170492499999966, -30.373791399999959 ], [ -53.172288599999945, -30.375478699999974 ], [ -53.174319799999978, -30.375671099999977 ], [ -53.176990799999942, -30.378992899999957 ], [ -53.179587799999979, -30.379974299999958 ], [ -53.176584699999978, -30.383496699999966 ], [ -53.178821199999959, -30.389029199999982 ], [ -53.176802099999975, -30.394305799999984 ], [ -53.182826099999943, -30.395922199999973 ], [ -53.184615399999984, -30.395233399999938 ], [ -53.187275599999964, -30.396177199999954 ], [ -53.192134599999974, -30.395749099999932 ], [ -53.198621799999955, -30.399425099999974 ], [ -53.198770199999956, -30.403047499999957 ], [ -53.199618699999974, -30.404541 ], [ -53.189267599999937, -30.409125199999949 ], [ -53.188695799999948, -30.411306299999978 ], [ -53.190671, -30.414987899999971 ], [ -53.191959599999961, -30.415484699999979 ], [ -53.195931499999972, -30.41495 ], [ -53.19726959999997, -30.415640099999962 ], [ -53.195495799999946, -30.417947399999946 ], [ -53.197085, -30.418228599999964 ], [ -53.196770699999945, -30.420891199999971 ], [ -53.198406699999964, -30.42880729999996 ], [ -53.206790299999966, -30.43179269999996 ], [ -53.208818, -30.431810399999961 ], [ -53.210673899999961, -30.434018899999955 ], [ -53.209861199999978, -30.436830899999961 ], [ -53.212951, -30.438763599999959 ], [ -53.21242559999996, -30.441311299999938 ], [ -53.213707, -30.443408 ], [ -53.215745799999979, -30.44401739999995 ], [ -53.216586099999972, -30.447128099999929 ], [ -53.215484099999969, -30.449920299999974 ], [ -53.213504399999977, -30.450909399999944 ], [ -53.213480299999958, -30.451151299999935 ], [ -53.213395599999956, -30.451368899999977 ], [ -53.213053, -30.451788099999931 ], [ -53.212903899999958, -30.452054099999941 ], [ -53.212799099999984, -30.452380499999947 ], [ -53.212769099999946, -30.452530799999977 ], [ -53.21279629999998, -30.452711 ], [ -53.212875699999984, -30.452900499999942 ], [ -53.213116, -30.453178599999944 ], [ -53.213313899999946, -30.453435 ], [ -53.213456099999974, -30.453754899999979 ], [ -53.213498799999968, -30.454830899999934 ], [ -53.213340399999936, -30.455879 ], [ -53.213332, -30.456183299999964 ], [ -53.213422099999946, -30.456444 ], [ -53.213543699999946, -30.456627499999968 ], [ -53.213767099999984, -30.456796 ], [ -53.21429269999993, -30.457042099999967 ], [ -53.214688499999966, -30.457149399999935 ], [ -53.215003099999933, -30.457221899999979 ], [ -53.215245, -30.457273799999939 ], [ -53.21529529999998, -30.457271499999933 ], [ -53.215342, -30.457258399999944 ], [ -53.215439899999978, -30.457202199999983 ], [ -53.215587199999959, -30.457049799999936 ], [ -53.215682799999968, -30.456855899999937 ], [ -53.215719099999944, -30.45681419999994 ], [ -53.215760799999941, -30.456779799999936 ], [ -53.215810199999964, -30.456758 ], [ -53.215857099999937, -30.456743299999971 ], [ -53.215960199999984, -30.456732699999975 ], [ -53.216062199999953, -30.45674889999998 ], [ -53.216272, -30.456831299999976 ], [ -53.216794099999959, -30.457146 ], [ -53.217333099999962, -30.457416199999955 ], [ -53.217624799999953, -30.457586399999968 ], [ -53.217749499999968, -30.457682599999941 ], [ -53.217851, -30.457834899999966 ], [ -53.217963399999974, -30.458083199999976 ], [ -53.218099799999948, -30.458536299999935 ], [ -53.218202699999949, -30.458937099999957 ], [ -53.21825819999998, -30.459307099999933 ], [ -53.218199099999936, -30.459593299999938 ], [ -53.218081699999971, -30.459819799999934 ], [ -53.217881799999986, -30.460017499999935 ], [ -53.217791199999965, -30.46011539999995 ], [ -53.217758499999945, -30.46018429999998 ], [ -53.217754799999966, -30.460245799999939 ], [ -53.217767599999945, -30.460318499999971 ], [ -53.217807499999935, -30.460383699999966 ], [ -53.217921699999977, -30.46049789999995 ], [ -53.218153699999959, -30.460681 ], [ -53.218266099999937, -30.460836 ], [ -53.21835, -30.461030799999946 ], [ -53.218378499999972, -30.46146779999998 ], [ -53.218270199999949, -30.461879199999942 ], [ -53.217864099999986, -30.46245209999995 ], [ -53.217628, -30.462660699999958 ], [ -53.217502899999943, -30.462724099999946 ], [ -53.217370599999981, -30.462753099999929 ], [ -53.217049699999961, -30.462735 ], [ -53.21668939999995, -30.462742099999957 ], [ -53.216195899999946, -30.462867299999971 ], [ -53.215933, -30.462914499999954 ], [ -53.215739499999984, -30.462916199999938 ], [ -53.215637499999957, -30.462896299999954 ], [ -53.215545099999986, -30.462841899999944 ], [ -53.215345599999978, -30.462706 ], [ -53.215173399999969, -30.462637099999938 ], [ -53.215124, -30.46262489999998 ], [ -53.215071899999941, -30.462624399999982 ], [ -53.215022, -30.462631699999974 ], [ -53.214972199999977, -30.462651599999958 ], [ -53.214841699999965, -30.462739299999953 ], [ -53.214716599999974, -30.462834699999974 ], [ -53.214334099999974, -30.46316829999995 ], [ -53.213986599999942, -30.463510699999972 ], [ -53.213839599999972, -30.463757299999941 ], [ -53.213775699999985, -30.464021299999956 ], [ -53.213784799999985, -30.464261399999941 ], [ -53.213841, -30.464439099999936 ], [ -53.213928, -30.464576799999975 ], [ -53.21405459999994, -30.464707799999928 ], [ -53.214499499999931, -30.464997299999936 ], [ -53.214972899999964, -30.465191199999936 ], [ -53.21632459999995, -30.465666399999975 ], [ -53.217775299999971, -30.465871399999969 ], [ -53.222222199999976, -30.46641859999994 ], [ -53.225878299999977, -30.46713479999994 ], [ -53.226617699999963, -30.467150099999969 ], [ -53.227291099999945, -30.467102099999977 ], [ -53.227749099999983, -30.467181899999957 ], [ -53.229676599999948, -30.467810799999938 ], [ -53.230528799999945, -30.468421699999965 ], [ -53.231025399999965, -30.468768 ], [ -53.231280499999968, -30.468987499999969 ], [ -53.231440199999952, -30.469265099999973 ], [ -53.231538, -30.469839499999978 ], [ -53.231504, -30.470435799999962 ], [ -53.231481, -30.471577699999955 ], [ -53.231569199999967, -30.47261119999996 ], [ -53.231542299999944, -30.473652699999946 ], [ -53.231358899999975, -30.474221 ], [ -53.231032099999936, -30.474747399999956 ], [ -53.22991589999998, -30.475620599999957 ], [ -53.22944229999996, -30.476119199999971 ], [ -53.229093599999942, -30.476727199999971 ], [ -53.229007199999955, -30.477344699999946 ], [ -53.229060299999958, -30.477941 ], [ -53.229203, -30.478562899999929 ], [ -53.22922959999994, -30.479175899999973 ], [ -53.229014499999948, -30.479853699999978 ], [ -53.228719399999932, -30.480464499999982 ], [ -53.228006499999935, -30.481673799999953 ], [ -53.227259599999968, -30.482431499999961 ], [ -53.226563299999953, -30.483154499999955 ], [ -53.226393099999939, -30.483315299999958 ], [ -53.226306099999931, -30.483410499999934 ], [ -53.226250299999947, -30.483506399999953 ], [ -53.226222699999937, -30.483612599999958 ], [ -53.226210499999979, -30.483734799999979 ], [ -53.226160199999981, -30.483832899999982 ], [ -53.226100799999983, -30.483896399999935 ], [ -53.225951699999939, -30.484011399999929 ], [ -53.225782599999945, -30.484090199999969 ], [ -53.225391099999968, -30.484169899999983 ], [ -53.224672399999974, -30.484331299999951 ], [ -53.224415699999952, -30.484431 ], [ -53.224223399999971, -30.484590199999957 ], [ -53.224140599999942, -30.484710299999961 ], [ -53.224096699999961, -30.484847899999977 ], [ -53.224067, -30.485140699999931 ], [ -53.224093099999948, -30.485417199999972 ], [ -53.224182599999949, -30.485637599999961 ], [ -53.224517299999945, -30.48613869999997 ], [ -53.225073699999939, -30.486739099999966 ], [ -53.225253299999963, -30.486969 ], [ -53.225379799999985, -30.487256499999944 ], [ -53.225442299999941, -30.487522 ], [ -53.225449099999935, -30.487799199999984 ], [ -53.225393299999951, -30.488069499999938 ], [ -53.225330799999938, -30.488206799999944 ], [ -53.225243699999965, -30.488317599999959 ], [ -53.225815099999977, -30.488466799999969 ], [ -53.2264, -30.488494399999979 ], [ -53.226794499999983, -30.488691299999971 ], [ -53.227066599999944, -30.489093 ], [ -53.227520099999936, -30.490145299999938 ], [ -53.228651199999945, -30.490818599999955 ], [ -53.230033399999968, -30.490815 ], [ -53.231613899999957, -30.489972899999941 ], [ -53.235506199999975, -30.48640219999993 ], [ -53.236498199999971, -30.486202399999968 ], [ -53.238564, -30.485350299999936 ], [ -53.23925289999994, -30.485829699999954 ], [ -53.239763899999957, -30.486962 ], [ -53.240794599999958, -30.487554299999942 ], [ -53.242522899999983, -30.487910699999929 ], [ -53.243478299999936, -30.487203699999952 ], [ -53.244232699999941, -30.486211299999979 ], [ -53.245326199999965, -30.483260899999948 ], [ -53.245537699999943, -30.481911 ], [ -53.246228599999938, -30.48130969999994 ], [ -53.247292099999981, -30.481167899999946 ], [ -53.249873799999932, -30.48173479999997 ], [ -53.250225299999954, -30.481929 ], [ -53.250636, -30.482155899999952 ], [ -53.253541499999983, -30.481663 ], [ -53.25465, -30.481752299999982 ], [ -53.255550599999935, -30.481930599999941 ], [ -53.255976699999962, -30.482463399999972 ], [ -53.256682399999931, -30.482926599999928 ], [ -53.25771089999995, -30.482995599999981 ], [ -53.259724399999982, -30.482271 ], [ -53.260539499999936, -30.482460499999945 ], [ -53.261452499999962, -30.483069099999966 ], [ -53.262013499999966, -30.483946299999957 ], [ -53.264977599999952, -30.486594199999956 ], [ -53.265952599999935, -30.487002 ], [ -53.267503899999951, -30.487361599999929 ], [ -53.268972, -30.487422099999947 ], [ -53.270816599999932, -30.487152799999933 ], [ -53.272240299999964, -30.486609699999974 ], [ -53.273275899999931, -30.485727 ], [ -53.27400149999994, -30.485487499999977 ], [ -53.274751299999934, -30.485645899999952 ], [ -53.275272199999961, -30.485919399999943 ], [ -53.276645499999972, -30.487386399999934 ], [ -53.278173399999957, -30.487965899999949 ], [ -53.282115599999941, -30.488835499999936 ], [ -53.282830399999966, -30.488648199999943 ], [ -53.284553699999947, -30.487582499999974 ], [ -53.28527, -30.487483599999962 ], [ -53.286019799999963, -30.487642899999969 ], [ -53.286928499999931, -30.488016699999946 ], [ -53.287995399999943, -30.489109499999984 ], [ -53.289500199999964, -30.491869699999938 ], [ -53.289939199999935, -30.493094299999939 ], [ -53.290243399999952, -30.494525599999974 ], [ -53.291012199999955, -30.495526499999983 ], [ -53.292700699999955, -30.497396499999979 ], [ -53.294238399999983, -30.498808299999951 ], [ -53.295567399999982, -30.499562399999945 ], [ -53.296727099999941, -30.49966969999997 ], [ -53.297593799999959, -30.499374 ], [ -53.300286399999948, -30.496928699999955 ], [ -53.301035599999977, -30.496600799999953 ], [ -53.301807799999949, -30.496547199999952 ], [ -53.304204899999945, -30.496807099999955 ], [ -53.305665399999953, -30.49649919999996 ], [ -53.306347699999947, -30.496055499999954 ], [ -53.306839699999955, -30.495139 ], [ -53.309299799999962, -30.493248799999947 ], [ -53.31017849999995, -30.492284699999971 ], [ -53.31091639999994, -30.490886899999964 ], [ -53.311669, -30.490074599999957 ], [ -53.312428099999977, -30.489650099999949 ], [ -53.317988199999945, -30.489347399999929 ], [ -53.31946929999998, -30.487851499999977 ], [ -53.319977399999971, -30.487582599999939 ], [ -53.322723899999971, -30.486832 ], [ -53.323406299999931, -30.486367399999949 ], [ -53.324018199999955, -30.486138799999935 ], [ -53.324538099999984, -30.486410299999932 ], [ -53.325149, -30.487242399999957 ], [ -53.325799899999936, -30.487554199999977 ], [ -53.326619199999982, -30.487454699999944 ], [ -53.327226099999962, -30.487053799999956 ], [ -53.327328, -30.486329099999978 ], [ -53.326369199999931, -30.483991599999968 ], [ -53.326743399999941, -30.483484799999928 ], [ -53.327870799999971, -30.48327409999996 ], [ -53.329425199999946, -30.482749 ], [ -53.330272499999978, -30.482204899999942 ], [ -53.330797, -30.481505 ], [ -53.331539299999974, -30.47926549999994 ], [ -53.331819499999938, -30.47910909999996 ], [ -53.335245799999939, -30.47990139999996 ], [ -53.337915499999951, -30.479832899999963 ], [ -53.33887059999995, -30.479989299999943 ], [ -53.339604099999974, -30.480556799999931 ], [ -53.340513599999952, -30.480972699999938 ], [ -53.341703799999948, -30.48131879999994 ], [ -53.342883499999971, -30.481211 ], [ -53.343532299999936, -30.480909399999973 ], [ -53.345252399999936, -30.477550899999983 ], [ -53.345710699999984, -30.477390799999966 ], [ -53.34918689999995, -30.47820379999996 ], [ -53.351202599999965, -30.479700299999934 ], [ -53.352319899999941, -30.480197499999974 ], [ -53.353534399999944, -30.480501199999935 ], [ -53.354943599999956, -30.48191259999993 ], [ -53.356746, -30.483089599999971 ], [ -53.357301099999972, -30.483727299999941 ], [ -53.358654199999933, -30.486554599999977 ], [ -53.359121099999982, -30.486674099999959 ], [ -53.359926899999948, -30.486563499999932 ], [ -53.360610699999938, -30.486162799999931 ], [ -53.361619599999983, -30.486380599999961 ], [ -53.362883399999987, -30.485516299999972 ], [ -53.364069, -30.485624899999948 ], [ -53.366112099999953, -30.484561499999984 ], [ -53.367781899999954, -30.484050099999934 ] ] ] } },
{ "type": "Feature", "properties": { "id": 171, "CD_REGIAO": "4", "NM_REGIAO": "Sul", "CD_UF": "43", "NM_UF": "Rio Grande do Sul", "CD_MUN": "4302808", "NM_MUN": "Caçapava do Sul", "CD_DIST": "430280830", "NM_DIST": "Santa Bárbara", "CD_SUBDIST": "43028083000", "NM_SUBDIST": null, "CD_RGINT": "4303", "NM_RGINT": "Santa Maria", "CD_RGI": "430012", "NM_RGI": "São Gabriel - Caçapava do Sul", "CD_CONCURB": null, "NM_CONCURB": null, "SIGLA": "RS" }, "geometry": { "type": "Polygon", "coordinates": [ [ [ -53.700661899999943, -30.569424599999934 ], [ -53.700833799999941, -30.568784499999936 ], [ -53.703762499999982, -30.566205199999956 ], [ -53.705492699999979, -30.564870499999984 ], [ -53.706343699999934, -30.562649799999974 ], [ -53.707861699999967, -30.561145099999976 ], [ -53.712007399999948, -30.556117499999971 ], [ -53.712236899999937, -30.554985899999963 ], [ -53.712155199999984, -30.554060299999946 ], [ -53.712367099999938, -30.550762099999929 ], [ -53.712103699999943, -30.546789 ], [ -53.71219259999998, -30.545973799999956 ], [ -53.715228699999955, -30.539079099999981 ], [ -53.71586869999993, -30.537627399999963 ], [ -53.71646439999995, -30.535223 ], [ -53.716926199999932, -30.534437399999945 ], [ -53.71967589999997, -30.53201329999996 ], [ -53.721067499999947, -30.530383599999936 ], [ -53.722509799999955, -30.528114499999958 ], [ -53.72415019999994, -30.526525899999967 ], [ -53.725558599999943, -30.525544799999977 ], [ -53.728106399999945, -30.524320699999976 ], [ -53.732262399999968, -30.521774799999946 ], [ -53.736481499999968, -30.520073099999934 ], [ -53.73734879999995, -30.519521 ], [ -53.73931749999997, -30.517738099999974 ], [ -53.740372799999932, -30.517021299999953 ], [ -53.743914699999948, -30.515587799999935 ], [ -53.745186499999932, -30.513713099999961 ], [ -53.743674799999951, -30.513309699999979 ], [ -53.742273099999977, -30.511904299999969 ], [ -53.733138799999949, -30.49883269999998 ], [ -53.726337299999955, -30.492299599999967 ], [ -53.726441299999976, -30.488261499999965 ], [ -53.725259699999981, -30.487304699999981 ], [ -53.724584799999946, -30.487297799999965 ], [ -53.723553799999934, -30.486503699999957 ], [ -53.722764099999949, -30.486600299999964 ], [ -53.722275199999956, -30.486381899999969 ], [ -53.721266299999968, -30.485512899999947 ], [ -53.72061089999994, -30.485241799999983 ], [ -53.717712399999982, -30.485587299999963 ], [ -53.715952899999934, -30.484658 ], [ -53.713383399999941, -30.484654199999966 ], [ -53.711774899999966, -30.483023399999979 ], [ -53.711411199999986, -30.480294 ], [ -53.711793899999975, -30.476951 ], [ -53.712582699999984, -30.473232799999948 ], [ -53.71276359999996, -30.471942399999932 ], [ -53.715778699999987, -30.465384899999947 ], [ -53.716296399999976, -30.463157099999933 ], [ -53.715621399999975, -30.461449899999934 ], [ -53.71529339999995, -30.460035699999935 ], [ -53.715791699999954, -30.458018 ], [ -53.716039899999942, -30.45645989999997 ], [ -53.71743, -30.456412399999977 ], [ -53.719146499999965, -30.457682499999976 ], [ -53.720386599999983, -30.45731539999997 ], [ -53.720589799999971, -30.455058899999983 ], [ -53.719559699999934, -30.452656399999967 ], [ -53.717792399999951, -30.451366299999961 ], [ -53.716304399999956, -30.45139729999994 ], [ -53.71331269999996, -30.451914899999963 ], [ -53.710692299999948, -30.451836899999932 ], [ -53.710154099999954, -30.451449699999955 ], [ -53.71138469999994, -30.449000699999942 ], [ -53.712246299999947, -30.448093299999982 ], [ -53.716188199999976, -30.448030699999947 ], [ -53.718515699999955, -30.448908 ], [ -53.719630299999949, -30.449094399999979 ], [ -53.719866199999956, -30.448142399999938 ], [ -53.719084, -30.447512899999936 ], [ -53.718323599999962, -30.446223199999963 ], [ -53.713893199999973, -30.436375899999973 ], [ -53.713140399999986, -30.431806399999971 ], [ -53.714127599999983, -30.429893499999935 ], [ -53.717655, -30.430009499999983 ], [ -53.718852799999979, -30.42975679999995 ], [ -53.720387799999969, -30.426240299999961 ], [ -53.721366599999953, -30.424308399999973 ], [ -53.721645799999976, -30.423125599999935 ], [ -53.721387499999935, -30.422431399999937 ], [ -53.719404299999951, -30.421093 ], [ -53.719206399999962, -30.420055199999979 ], [ -53.717441399999984, -30.419636499999967 ], [ -53.712901899999963, -30.422248799999977 ], [ -53.71228439999993, -30.42341829999998 ], [ -53.711837799999955, -30.423805199999947 ], [ -53.71024749999998, -30.422703 ], [ -53.708180199999958, -30.421003399999961 ], [ -53.70800939999998, -30.419965699999977 ], [ -53.710064599999953, -30.418710199999964 ], [ -53.710925299999985, -30.417687399999977 ], [ -53.711941399999944, -30.415459799999951 ], [ -53.712434199999961, -30.414932299999975 ], [ -53.715012899999977, -30.414347099999929 ], [ -53.71665779999995, -30.411280099999942 ], [ -53.716656799999953, -30.409464299999968 ], [ -53.715781099999958, -30.408199599999932 ], [ -53.716904199999931, -30.406315799999959 ], [ -53.713400799999931, -30.40292379999994 ], [ -53.713905899999986, -30.402079699999945 ], [ -53.715147, -30.401846 ], [ -53.71450939999994, -30.401367499999935 ], [ -53.714573399999949, -30.400827299999946 ], [ -53.715939, -30.399296799999945 ], [ -53.716525799999943, -30.397898099999964 ], [ -53.71589819999997, -30.396869299999935 ], [ -53.71264519999994, -30.394778499999973 ], [ -53.71209829999998, -30.394979299999932 ], [ -53.709145799999931, -30.397576099999981 ], [ -53.705611099999942, -30.400984199999982 ], [ -53.704914899999949, -30.402719899999965 ], [ -53.705084499999941, -30.404460399999948 ], [ -53.707278599999938, -30.407462799999962 ], [ -53.702570599999945, -30.409150699999941 ], [ -53.700893299999962, -30.415517899999941 ], [ -53.699962, -30.416492699999935 ], [ -53.696557, -30.416323399999953 ], [ -53.694904299999962, -30.416959899999938 ], [ -53.692437899999959, -30.419869499999947 ], [ -53.692577099999937, -30.422264799999937 ], [ -53.655950599999983, -30.432311299999981 ], [ -53.650173799999948, -30.427785799999981 ], [ -53.647886, -30.425736599999937 ], [ -53.647340099999951, -30.423843499999975 ], [ -53.646685599999955, -30.42233989999994 ], [ -53.644413499999985, -30.418274599999961 ], [ -53.643413899999985, -30.411235099999942 ], [ -53.634638, -30.403244099999938 ], [ -53.634011899999962, -30.39978119999995 ], [ -53.634351799999934, -30.394299599999954 ], [ -53.632931099999951, -30.393017399999962 ], [ -53.629929799999957, -30.391185 ], [ -53.628663099999983, -30.388791899999944 ], [ -53.625753, -30.386028799999963 ], [ -53.624330599999951, -30.385493399999973 ], [ -53.623078899999939, -30.384427199999948 ], [ -53.622243699999956, -30.384335499999963 ], [ -53.620575899999949, -30.384877299999971 ], [ -53.618985299999963, -30.384001299999966 ], [ -53.61404349999998, -30.377814199999932 ], [ -53.59712049999996, -30.374043099999938 ], [ -53.596438599999942, -30.373890899999935 ], [ -53.547703799999965, -30.36301549999996 ], [ -53.549788299999932, -30.364397399999973 ], [ -53.550170199999968, -30.365513599999929 ], [ -53.549232299999971, -30.368822699999953 ], [ -53.549249499999974, -30.37096779999996 ], [ -53.547498299999972, -30.376243099999954 ], [ -53.54741729999995, -30.379361199999948 ], [ -53.547691, -30.380694399999982 ], [ -53.550632499999949, -30.382918199999949 ], [ -53.548811899999976, -30.386059099999954 ], [ -53.547511099999952, -30.387459899999953 ], [ -53.546901799999944, -30.388490699999977 ], [ -53.547131599999943, -30.390326199999947 ], [ -53.546743399999968, -30.392817199999968 ], [ -53.546320299999934, -30.393184599999984 ], [ -53.542842099999973, -30.394230599999958 ], [ -53.539602899999977, -30.397107499999947 ], [ -53.539579299999957, -30.397923799999944 ], [ -53.539184199999966, -30.398292199999958 ], [ -53.538097, -30.398470599999939 ], [ -53.538787, -30.398669699999971 ], [ -53.540868899999964, -30.39874279999998 ], [ -53.541481099999942, -30.399110299999961 ], [ -53.542493499999978, -30.401161499999944 ], [ -53.544802499999946, -30.403881 ], [ -53.54524379999998, -30.404778299999975 ], [ -53.545125699999971, -30.405994699999951 ], [ -53.544464599999969, -30.40717049999995 ], [ -53.543788799999959, -30.407712899999979 ], [ -53.542819599999973, -30.407996399999945 ], [ -53.541300199999966, -30.409541599999955 ], [ -53.541047799999944, -30.410328199999981 ], [ -53.541190399999948, -30.411212699999965 ], [ -53.541994, -30.413189199999977 ], [ -53.542657, -30.413845499999979 ], [ -53.543931599999951, -30.414375799999959 ], [ -53.545973599999968, -30.415497799999969 ], [ -53.547425399999952, -30.415975499999945 ], [ -53.547856599999932, -30.416366699999969 ], [ -53.548228599999959, -30.417385499999966 ], [ -53.548400299999969, -30.419427399999961 ], [ -53.550298699999985, -30.420804099999941 ], [ -53.550587099999973, -30.421479799999929 ], [ -53.550416699999971, -30.421863499999972 ], [ -53.550076399999966, -30.42208329999994 ], [ -53.548003299999948, -30.422023799999977 ], [ -53.547352099999955, -30.422389599999974 ], [ -53.547181699999953, -30.422771499999953 ], [ -53.547343799999965, -30.424409199999957 ], [ -53.548126199999956, -30.426743699999975 ], [ -53.548445899999933, -30.426926099999946 ], [ -53.552172299999938, -30.426954199999955 ], [ -53.555276299999946, -30.427397799999937 ], [ -53.556173499999943, -30.427872599999944 ], [ -53.558072799999934, -30.429350299999953 ], [ -53.559596299999953, -30.431290299999944 ], [ -53.560145499999976, -30.431633099999942 ], [ -53.562490699999955, -30.432331899999951 ], [ -53.562803199999962, -30.432754199999977 ], [ -53.561698699999965, -30.434164899999928 ], [ -53.560393, -30.437019 ], [ -53.560307299999977, -30.437790899999982 ], [ -53.560531899999944, -30.438316599999951 ], [ -53.560986699999944, -30.438559899999973 ], [ -53.56303639999993, -30.438823799999966 ], [ -53.564714199999969, -30.439849599999945 ], [ -53.565750199999968, -30.440284299999973 ], [ -53.566086, -30.440607399999976 ], [ -53.56621709999996, -30.441574799999955 ], [ -53.567157099999974, -30.442996799999946 ], [ -53.568167699999947, -30.443784899999969 ], [ -53.569658, -30.44461339999998 ], [ -53.569821799999943, -30.445014399999934 ], [ -53.569713799999931, -30.445420899999931 ], [ -53.566743599999938, -30.447284599999932 ], [ -53.564839199999938, -30.448029599999984 ], [ -53.564604699999961, -30.448782 ], [ -53.564093699999944, -30.449436099999957 ], [ -53.563383099999953, -30.450964499999941 ], [ -53.562908399999969, -30.451175699999965 ], [ -53.562568499999941, -30.45083 ], [ -53.56215229999998, -30.449827399999947 ], [ -53.561510599999963, -30.449435599999958 ], [ -53.56090039999998, -30.450155099999961 ], [ -53.560365099999956, -30.45041759999998 ], [ -53.558165899999949, -30.450725899999952 ], [ -53.557650199999955, -30.450561799999946 ], [ -53.556907499999966, -30.449716799999976 ], [ -53.555227799999955, -30.449799499999983 ], [ -53.554253399999936, -30.449313599999982 ], [ -53.552927699999941, -30.449137599999972 ], [ -53.551893499999949, -30.44921979999998 ], [ -53.551328199999944, -30.449433399999975 ], [ -53.551215399999933, -30.449738799999977 ], [ -53.551648599999965, -30.450185 ], [ -53.552373599999953, -30.450321899999949 ], [ -53.552527899999973, -30.45052 ], [ -53.551821299999972, -30.451114699999948 ], [ -53.551625499999943, -30.451599299999941 ], [ -53.550949199999934, -30.45216709999994 ], [ -53.550929699999983, -30.452572 ], [ -53.551279699999952, -30.452755399999944 ], [ -53.552632099999983, -30.452779 ], [ -53.553008299999931, -30.453380099999947 ], [ -53.553070299999945, -30.454638699999975 ], [ -53.552886, -30.455551799999967 ], [ -53.551968, -30.456149399999958 ], [ -53.551332699999932, -30.457097 ], [ -53.550769099999968, -30.458523 ], [ -53.550089699999944, -30.459531799999979 ], [ -53.549269799999934, -30.46030559999997 ], [ -53.54869739999998, -30.460241399999973 ], [ -53.547650099999942, -30.459302399999956 ], [ -53.546923399999969, -30.459064399999932 ], [ -53.546149399999933, -30.459357599999976 ], [ -53.545696099999986, -30.460995 ], [ -53.545290799999975, -30.461507799999936 ], [ -53.543818199999976, -30.461561199999949 ], [ -53.543349499999977, -30.462024099999951 ], [ -53.542926099999931, -30.464178499999946 ], [ -53.542256799999961, -30.465001499999971 ], [ -53.541623399999935, -30.465506199999936 ], [ -53.541588199999978, -30.466364799999951 ], [ -53.541847599999983, -30.467218099999968 ], [ -53.542406699999958, -30.467914599999972 ], [ -53.543783099999985, -30.468870199999969 ], [ -53.544338699999969, -30.469417899999939 ], [ -53.545389799999953, -30.47112629999998 ], [ -53.54521479999994, -30.472493199999974 ], [ -53.545621399999959, -30.473064699999952 ], [ -53.545911399999966, -30.473843199999976 ], [ -53.545868699999971, -30.475635399999931 ], [ -53.545601399999953, -30.476475199999982 ], [ -53.545436499999937, -30.476995099999954 ], [ -53.545689699999969, -30.477419899999973 ], [ -53.546022, -30.477613199999951 ], [ -53.547289599999942, -30.477817799999968 ], [ -53.547392699999932, -30.478269199999943 ], [ -53.547220299999935, -30.479738 ], [ -53.54727859999997, -30.481984199999943 ], [ -53.54690979999998, -30.482230099999981 ], [ -53.546312399999977, -30.482371399999977 ], [ -53.546174, -30.482801199999983 ], [ -53.546313, -30.483581 ], [ -53.546568299999933, -30.484005899999943 ], [ -53.54654759999994, -30.48443519999995 ], [ -53.545852199999956, -30.485484499999984 ], [ -53.54613379999995, -30.485856199999944 ], [ -53.546865899999943, -30.486323299999981 ], [ -53.547309599999949, -30.48722319999996 ], [ -53.546873399999981, -30.488303299999984 ], [ -53.546144499999969, -30.489152199999978 ], [ -53.545927699999936, -30.490090499999951 ], [ -53.546348099999932, -30.492405599999984 ], [ -53.546229199999971, -30.493568799999935 ], [ -53.546508299999971, -30.494483499999944 ], [ -53.547277, -30.495152799999971 ], [ -53.548617599999943, -30.495833 ], [ -53.549889699999937, -30.496237899999983 ], [ -53.551090699999975, -30.496239399999979 ], [ -53.552347899999972, -30.49601279999996 ], [ -53.552667099999951, -30.496145599999977 ], [ -53.552945699999952, -30.496721099999945 ], [ -53.552660799999956, -30.499354 ], [ -53.552600199999972, -30.50051469999994 ], [ -53.552729, -30.500840799999935 ], [ -53.55479379999997, -30.50148379999996 ], [ -53.556087399999967, -30.50243439999997 ], [ -53.556445599999961, -30.502926299999956 ], [ -53.556526399999939, -30.503945 ], [ -53.556830199999979, -30.50495989999996 ], [ -53.558145699999955, -30.507766 ], [ -53.558654299999944, -30.508172699999932 ], [ -53.560300899999959, -30.508291 ], [ -53.560748599999954, -30.508560399999965 ], [ -53.56065719999998, -30.509213199999976 ], [ -53.559804, -30.510364899999956 ], [ -53.558852399999978, -30.512079099999937 ], [ -53.559081399999968, -30.512352299999975 ], [ -53.56048009999995, -30.512452599999961 ], [ -53.561370699999941, -30.512712699999952 ], [ -53.562046, -30.513140699999951 ], [ -53.562115099999971, -30.513765199999966 ], [ -53.560762599999975, -30.513792199999955 ], [ -53.558177, -30.514215499999978 ], [ -53.55759919999997, -30.514817 ], [ -53.557527499999935, -30.515236199999947 ], [ -53.559075499999949, -30.515275699999961 ], [ -53.561994499999969, -30.514870599999938 ], [ -53.562932899999964, -30.514920699999948 ], [ -53.563298399999951, -30.515192499999955 ], [ -53.563190499999962, -30.515811799999938 ], [ -53.562461399999961, -30.51645069999995 ], [ -53.561174299999948, -30.517939199999944 ], [ -53.561266599999954, -30.518260699999928 ], [ -53.562941099999932, -30.518923799999982 ], [ -53.563234099999931, -30.519568 ], [ -53.563160499999981, -30.519939399999942 ], [ -53.562436899999966, -30.520767699999965 ], [ -53.562465799999984, -30.521288199999958 ], [ -53.563505499999962, -30.522937899999931 ], [ -53.563318399999957, -30.523312499999975 ], [ -53.562630399999932, -30.523395899999969 ], [ -53.561121399999934, -30.522753099999932 ], [ -53.560297699999978, -30.522885599999938 ], [ -53.559673499999974, -30.52336159999993 ], [ -53.559493199999963, -30.523829099999944 ], [ -53.560515599999974, -30.526558499999965 ], [ -53.560399599999982, -30.527325699999949 ], [ -53.560806799999966, -30.528061299999933 ], [ -53.561116299999981, -30.528286899999955 ], [ -53.563378799999953, -30.528218799999934 ], [ -53.564670599999943, -30.528508099999954 ], [ -53.565234299999986, -30.528982699999972 ], [ -53.565961499999958, -30.530407599999933 ], [ -53.56600949999995, -30.53110229999993 ], [ -53.565867599999933, -30.532077799999968 ], [ -53.565517099999965, -30.532389599999931 ], [ -53.564609299999972, -30.532451499999979 ], [ -53.565246899999977, -30.532946199999969 ], [ -53.565699699999982, -30.533509599999945 ], [ -53.566091799999981, -30.533688599999948 ], [ -53.567823199999964, -30.533329099999946 ], [ -53.570116499999983, -30.533375399999954 ], [ -53.570455199999969, -30.533601199999964 ], [ -53.570579799999962, -30.534179799999947 ], [ -53.569594099999961, -30.538177799999971 ], [ -53.569697799999972, -30.539011599999981 ], [ -53.569931199999985, -30.539471499999934 ], [ -53.569838699999934, -30.540122499999939 ], [ -53.569488099999944, -30.540477599999974 ], [ -53.567582699999946, -30.541036 ], [ -53.565978, -30.54192809999995 ], [ -53.565795699999967, -30.542394799999954 ], [ -53.56583859999995, -30.543044399999928 ], [ -53.566098599999975, -30.543409599999961 ], [ -53.566462699999931, -30.545652299999972 ], [ -53.567077099999949, -30.546466199999941 ], [ -53.56769079999998, -30.546754199999953 ], [ -53.570583599999964, -30.547531399999968 ], [ -53.571096299999965, -30.548008399999958 ], [ -53.57124639999995, -30.548470699999939 ], [ -53.571218099999953, -30.549468299999944 ], [ -53.57181479999997, -30.551718899999969 ], [ -53.572371399999952, -30.552891599999953 ], [ -53.57220209999997, -30.553706399999953 ], [ -53.572241399999939, -30.554262199999982 ], [ -53.572568, -30.555114799999956 ], [ -53.571384799999976, -30.558956199999955 ], [ -53.571670799999936, -30.560294799999951 ], [ -53.572510499999964, -30.561807499999929 ], [ -53.57384129999997, -30.563559099999964 ], [ -53.574023299999965, -30.564111699999955 ], [ -53.574053499999934, -30.565316 ], [ -53.573729699999944, -30.566669699999977 ], [ -53.573650699999973, -30.567808699999944 ], [ -53.574302899999964, -30.570034299999975 ], [ -53.574177599999985, -30.570548 ], [ -53.573780699999986, -30.571205199999952 ], [ -53.573737199999982, -30.571622699999978 ], [ -53.573967899999957, -30.572036599999933 ], [ -53.57601539999996, -30.573202299999934 ], [ -53.576551199999983, -30.575128899999982 ], [ -53.57653259999995, -30.576522499999953 ], [ -53.57625969999998, -30.577664399999946 ], [ -53.575676, -30.578604199999972 ], [ -53.57281949999998, -30.579785499999957 ], [ -53.568792599999938, -30.582041699999934 ], [ -53.564750699999934, -30.584597199999962 ], [ -53.564490399999954, -30.585205199999962 ], [ -53.564362, -30.586645199999964 ], [ -53.564073, -30.587162 ], [ -53.562950899999976, -30.587671499999942 ], [ -53.560682499999984, -30.588075199999935 ], [ -53.560099899999955, -30.588018199999965 ], [ -53.559257699999932, -30.587499399999956 ], [ -53.558847199999946, -30.587672099999963 ], [ -53.559108299999934, -30.589173899999935 ], [ -53.560349899999949, -30.590146899999979 ], [ -53.560194899999942, -30.590521599999931 ], [ -53.558319199999971, -30.591218799999979 ], [ -53.557208099999968, -30.592055699999946 ], [ -53.556763199999978, -30.591969399999982 ], [ -53.556312099999957, -30.591653899999983 ], [ -53.555981699999961, -30.591637499999933 ], [ -53.555576499999972, -30.592016699999931 ], [ -53.555299899999966, -30.594133699999929 ], [ -53.555398899999943, -30.595279599999969 ], [ -53.554061199999978, -30.597997199999952 ], [ -53.553980799999977, -30.599158799999941 ], [ -53.553641399999947, -30.600406899999939 ], [ -53.552303399999971, -30.603148899999951 ], [ -53.551853499999936, -30.605059599999947 ], [ -53.551471899999967, -30.60890349999994 ], [ -53.550696799999969, -30.612572899999975 ], [ -53.549672599999951, -30.619353299999943 ], [ -53.549203599999942, -30.620406099999968 ], [ -53.548318799999947, -30.621604499999933 ], [ -53.547350899999969, -30.622506699999974 ], [ -53.54719369999998, -30.622881399999983 ], [ -53.547077199999933, -30.623719 ], [ -53.54708009999996, -30.627584 ], [ -53.546655899999962, -30.62928549999998 ], [ -53.547199099999943, -30.630469 ], [ -53.546889599999986, -30.631288799999936 ], [ -53.547095699999943, -30.631839699999944 ], [ -53.547579199999973, -30.632386199999928 ], [ -53.546142799999984, -30.634407099999976 ], [ -53.548976099999948, -30.63550209999994 ], [ -53.550326, -30.636379899999952 ], [ -53.551256, -30.638080599999967 ], [ -53.555750499999931, -30.643432299999972 ], [ -53.557784499999968, -30.646247099999982 ], [ -53.564400099999943, -30.645234899999934 ], [ -53.57324049999994, -30.645939799999951 ], [ -53.576243699999964, -30.646010099999955 ], [ -53.580698899999959, -30.647103299999969 ], [ -53.581752299999948, -30.647176099999967 ], [ -53.582716699999935, -30.64706469999993 ], [ -53.587470199999984, -30.645241599999963 ], [ -53.587913, -30.645372 ], [ -53.589685899999949, -30.646519499999954 ], [ -53.591816699999981, -30.648138099999983 ], [ -53.592715899999973, -30.648652299999981 ], [ -53.594589499999984, -30.648428199999955 ], [ -53.595360699999958, -30.648134699999957 ], [ -53.595279, -30.646210499999938 ], [ -53.59490569999997, -30.644164499999931 ], [ -53.595007899999985, -30.639662099999953 ], [ -53.594870199999946, -30.638167899999928 ], [ -53.59467559999996, -30.637059699999952 ], [ -53.594116299999939, -30.635838399999955 ], [ -53.593720599999983, -30.634432799999956 ], [ -53.593779599999948, -30.633549899999934 ], [ -53.595192699999984, -30.63211739999997 ], [ -53.595804499999986, -30.631222699999967 ], [ -53.595864199999937, -30.630410199999972 ], [ -53.595129799999938, -30.627687499999979 ], [ -53.595048299999974, -30.626714899999968 ], [ -53.595260399999972, -30.626362799999981 ], [ -53.595985499999983, -30.626081899999974 ], [ -53.604751, -30.624049499999956 ], [ -53.606100399999946, -30.623860599999944 ], [ -53.606655, -30.623940699999935 ], [ -53.60713979999997, -30.624237199999982 ], [ -53.60780479999994, -30.624862499999949 ], [ -53.608644399999946, -30.625399 ], [ -53.610293299999967, -30.626989599999945 ], [ -53.612599599999953, -30.631130399999961 ], [ -53.613698499999941, -30.633892 ], [ -53.614133699999968, -30.634626599999933 ], [ -53.617087599999934, -30.637061699999947 ], [ -53.619676599999934, -30.638702899999942 ], [ -53.621319199999959, -30.640131 ], [ -53.621879499999977, -30.64037529999996 ], [ -53.623032199999955, -30.640642 ], [ -53.623775299999977, -30.640557599999966 ], [ -53.625232199999971, -30.640133299999945 ], [ -53.626652299999932, -30.639500599999963 ], [ -53.627655799999957, -30.638691699999981 ], [ -53.628127599999971, -30.637778399999945 ], [ -53.628343699999959, -30.636114799999973 ], [ -53.628232599999933, -30.632985499999961 ], [ -53.628869599999973, -30.628413199999954 ], [ -53.629203699999948, -30.627501299999949 ], [ -53.630622699999947, -30.625754599999937 ], [ -53.632608199999936, -30.624464 ], [ -53.632756299999983, -30.62338109999996 ], [ -53.63238309999997, -30.620836399999973 ], [ -53.63229739999997, -30.618682199999967 ], [ -53.63240019999995, -30.617403499999966 ], [ -53.633889799999963, -30.615665899999954 ], [ -53.635888099999931, -30.613980199999958 ], [ -53.638484799999958, -30.612903299999971 ], [ -53.641368099999966, -30.612696599999936 ], [ -53.642490299999963, -30.613231799999937 ], [ -53.645549699999947, -30.615952499999935 ], [ -53.646137199999941, -30.616717199999982 ], [ -53.646697399999937, -30.618097899999952 ], [ -53.647544499999981, -30.618614399999956 ], [ -53.648215099999959, -30.618901199999982 ], [ -53.648875699999962, -30.618794799999932 ], [ -53.650109799999939, -30.618422899999928 ], [ -53.651721599999973, -30.617717299999981 ], [ -53.652068499999984, -30.61724739999994 ], [ -53.652284699999939, -30.616579599999966 ], [ -53.652863399999944, -30.613413299999934 ], [ -53.65323159999997, -30.612802699999975 ], [ -53.654768899999965, -30.611309499999948 ], [ -53.659740299999953, -30.605628199999956 ], [ -53.663556599999936, -30.602127499999938 ], [ -53.666053599999941, -30.600429099999928 ], [ -53.674487499999941, -30.596021599999972 ], [ -53.677664299999947, -30.593914299999938 ], [ -53.678851599999973, -30.593390499999941 ], [ -53.680280099999948, -30.593060299999934 ], [ -53.682759499999975, -30.592755099999977 ], [ -53.685546, -30.592604 ], [ -53.687142699999981, -30.591861899999969 ], [ -53.68802519999997, -30.591728699999976 ], [ -53.689184499999953, -30.591752299999939 ], [ -53.691212499999949, -30.591103099999941 ], [ -53.693278599999985, -30.590900599999941 ], [ -53.694771299999957, -30.591368599999953 ], [ -53.695428899999968, -30.591146399999957 ], [ -53.695885799999985, -30.59072 ], [ -53.69613309999994, -30.58867209999994 ], [ -53.696642299999951, -30.58654 ], [ -53.696955099999968, -30.585836299999983 ], [ -53.697738, -30.585218399999974 ], [ -53.697976799999935, -30.584841 ], [ -53.697952399999963, -30.583984 ], [ -53.69818, -30.583212399999979 ], [ -53.697608699999932, -30.581507199999976 ], [ -53.697676499999943, -30.580497099999945 ], [ -53.696999299999959, -30.576986699999964 ], [ -53.69712009999995, -30.576355599999943 ], [ -53.697584399999982, -30.576230399999929 ], [ -53.705297099999939, -30.57577989999993 ], [ -53.704740699999945, -30.573633699999959 ], [ -53.704191799999933, -30.572786299999962 ], [ -53.70355909999995, -30.572417799999982 ], [ -53.701911799999948, -30.571825899999965 ], [ -53.701235799999949, -30.57130479999995 ], [ -53.700661899999943, -30.569424599999934 ] ] ] } }
]
}
