{
"type": "FeatureCollection",
"name": "limite_municipal",
"crs": { "type": "name", "properties": { "name": "urn:ogc:def:crs:OGC:1.3:CRS84" } },
"features": [
{ "type": "Feature", "properties": { "CD_MUN": "4302808", "NM_MUN": "Caçapava do Sul", "SIGLA_UF": "RS", "AREA_KM2": 3048.147 }, "geometry": { "type": "MultiPolygon", "coordinates": [ [ [ [ -53.482213054999903, -30.959343396999898 ], [ -53.482221048, -30.959219861999902 ], [ -53.482332708999898, -30.957728486 ], [ -53.483423695999903, -30.956875097 ], [ -53.488383907, -30.957798579 ], [ -53.490051117, -30.958597982 ], [ -53.493350864, -30.96103089 ], [ -53.496706265999897, -30.961465211 ], [ -53.500507651, -30.955650654 ], [ -53.502725883, -30.953131939999899 ], [ -53.503628834, -30.950141834 ], [ -53.502041127, -30.945117266999901 ], [ -53.501728499, -30.940829081999901 ], [ -53.502182325, -30.939882876999899 ], [ -53.503993228, -30.939161961 ], [ -53.506813939, -30.93904287 ], [ -53.5082100549999, -30.940640136 ], [ -53.509301051, -30.942773793 ], [ -53.510611275, -30.943994592 ], [ -53.512246858, -30.944210928 ], [ -53.514393786, -30.942641492999901 ], [ -53.5154575769999, -30.937753287 ], [ -53.516864391999903, -30.935167237 ], [ -53.518628205, -30.9341979 ], [ -53.5205344459999, -30.934035415 ], [ -53.521839922, -30.935164084999901 ], [ -53.522854508, -30.940511011999899 ], [ -53.52322921, -30.9411275269999 ], [ -53.525807110999899, -30.942294214999901 ], [ -53.528391876999898, -30.945272001 ], [ -53.526182112999898, -30.950490741 ], [ -53.526138392999897, -30.951927391 ], [ -53.527293846, -30.953404511 ], [ -53.528493305, -30.953600106 ], [ -53.5332431799999, -30.952633314 ], [ -53.537250081, -30.953583948 ], [ -53.542228219, -30.953672027 ], [ -53.545119176, -30.95161766 ], [ -53.5461061889999, -30.949822632999901 ], [ -53.546151118, -30.948509545 ], [ -53.5437955579999, -30.946714481999901 ], [ -53.536699433, -30.947758963 ], [ -53.533405973, -30.9466999489999 ], [ -53.531759397, -30.94464205 ], [ -53.531758629, -30.943082568 ], [ -53.536805430999898, -30.938366386 ], [ -53.539374758999898, -30.937629648 ], [ -53.544432881, -30.939212461999901 ], [ -53.547217773999897, -30.940687021 ], [ -53.553375813999899, -30.940285423 ], [ -53.557250877999898, -30.942299289999902 ], [ -53.55877866, -30.9413962429999 ], [ -53.560905594, -30.937609854 ], [ -53.560271233, -30.936062646 ], [ -53.558800673999897, -30.934780465 ], [ -53.553597155, -30.933637865 ], [ -53.5497909649999, -30.9342100389999 ], [ -53.546428185, -30.933495663 ], [ -53.542730811, -30.930543164 ], [ -53.542520275999898, -30.928612232 ], [ -53.542843123, -30.927389417 ], [ -53.544214753999903, -30.926518458 ], [ -53.548885527, -30.925588682 ], [ -53.552356397, -30.925953407999899 ], [ -53.55496528, -30.92674441 ], [ -53.556634523, -30.928240178 ], [ -53.559391873, -30.931585943999899 ], [ -53.560799128, -30.932057945999901 ], [ -53.563611556999902, -30.93162641 ], [ -53.566266434999903, -30.929699739999901 ], [ -53.563965800999902, -30.925502406 ], [ -53.562673675, -30.921819854 ], [ -53.565970004999897, -30.9156371999999 ], [ -53.569239775, -30.912953071999901 ], [ -53.572006412, -30.909277744 ], [ -53.573844715999897, -30.908024673999901 ], [ -53.577454024, -30.909137809 ], [ -53.578748769, -30.911359053999899 ], [ -53.580350333, -30.919277163999901 ], [ -53.586356957, -30.923562787 ], [ -53.590091117, -30.924764362 ], [ -53.600629096, -30.920218076 ], [ -53.601549927, -30.918915777999899 ], [ -53.59800919, -30.910006063 ], [ -53.597192118999899, -30.909272931 ], [ -53.592620968999903, -30.909457049 ], [ -53.590545617, -30.909188927999899 ], [ -53.589439778, -30.907992126 ], [ -53.589563449, -30.906711732 ], [ -53.594670070999904, -30.902800683999899 ], [ -53.595544501999903, -30.901317886 ], [ -53.595187669, -30.899860999999898 ], [ -53.593894612, -30.899168749 ], [ -53.590005442999903, -30.899464054 ], [ -53.588787493, -30.898584382 ], [ -53.588021554, -30.896696840999901 ], [ -53.588832840999899, -30.895560240999899 ], [ -53.592603661999902, -30.895512638 ], [ -53.596376549999903, -30.896716859 ], [ -53.602905415, -30.896711804999899 ], [ -53.607869482, -30.899541976 ], [ -53.609442283, -30.898857631999899 ], [ -53.609885398, -30.897661158999899 ], [ -53.609085073, -30.895899009999901 ], [ -53.605540579, -30.894316128 ], [ -53.598663293, -30.8866156459999 ], [ -53.597840087, -30.884643196 ], [ -53.597915758999903, -30.883051461 ], [ -53.598594288999898, -30.882346425 ], [ -53.600274812, -30.880600908 ], [ -53.601139256, -30.878681483 ], [ -53.600915072, -30.876252694999899 ], [ -53.602263256, -30.871637866999901 ], [ -53.60203125, -30.867555745999901 ], [ -53.599450485, -30.861803145 ], [ -53.599399838, -30.859901636 ], [ -53.600612417, -30.8576946539999 ], [ -53.602932191, -30.856742090999902 ], [ -53.605353142999903, -30.8550700229999 ], [ -53.606719268999903, -30.8556667739999 ], [ -53.607412473999901, -30.857711841 ], [ -53.607977374, -30.8609759789999 ], [ -53.610076757999899, -30.863587208 ], [ -53.612398798999898, -30.8641624209999 ], [ -53.614905168999897, -30.864145547 ], [ -53.616533798, -30.862936329 ], [ -53.617281506, -30.862381124 ], [ -53.620430492, -30.86272322 ], [ -53.623344386, -30.865970705999899 ], [ -53.625121451, -30.866902186999901 ], [ -53.629333459, -30.866846666999901 ], [ -53.636036044, -30.867648593 ], [ -53.640238892, -30.868652508 ], [ -53.647214506, -30.869196652 ], [ -53.648377833, -30.869902452 ], [ -53.652402908999903, -30.872709432 ], [ -53.65733245, -30.872666652 ], [ -53.660400598, -30.871454371 ], [ -53.659623478, -30.866475250999901 ], [ -53.652604198999903, -30.8641574809999 ], [ -53.651837982, -30.862364106 ], [ -53.651110883999898, -30.857570871999901 ], [ -53.652102239, -30.854620479999902 ], [ -53.6515018159999, -30.848633369 ], [ -53.652271142, -30.840547430999901 ], [ -53.657740922999899, -30.838625458 ], [ -53.660071501999901, -30.839356784 ], [ -53.662137287999897, -30.842279177 ], [ -53.663506942, -30.842812201999902 ], [ -53.666626822999902, -30.8420608059999 ], [ -53.667201534, -30.842735158 ], [ -53.672397267999898, -30.842348828 ], [ -53.672122811999898, -30.840979837 ], [ -53.672810002999903, -30.839937988 ], [ -53.67638636, -30.837055236 ], [ -53.680126774, -30.8356989329999 ], [ -53.680777481, -30.834904993999899 ], [ -53.681371374, -30.83327027 ], [ -53.683732205, -30.829571632 ], [ -53.685708478, -30.827721072 ], [ -53.688446101, -30.824734017 ], [ -53.69102386, -30.825924487999899 ], [ -53.690289911, -30.822414036999898 ], [ -53.688573032, -30.820703377 ], [ -53.687670646999898, -30.818255939 ], [ -53.687168186999898, -30.815926717 ], [ -53.684331076, -30.813927362999902 ], [ -53.684455242, -30.812708187999899 ], [ -53.68598438, -30.811990318 ], [ -53.689190666999899, -30.812924381 ], [ -53.690537803, -30.8142048089999 ], [ -53.699857307999899, -30.816319323999899 ], [ -53.701119862, -30.8159497239999 ], [ -53.702215205999899, -30.812527423999899 ], [ -53.705762589, -30.808583042999899 ], [ -53.707142744999899, -30.801095206 ], [ -53.713037707999902, -30.798429499 ], [ -53.713488658, -30.798225746 ], [ -53.718874684999903, -30.7929573239999 ], [ -53.719211985, -30.790861842 ], [ -53.721711389999903, -30.787877151 ], [ -53.722194284, -30.786713722999899 ], [ -53.722974271999902, -30.7875984359999 ], [ -53.7250484099999, -30.787868935999899 ], [ -53.726479538, -30.786465768 ], [ -53.728819229, -30.786292991 ], [ -53.732795726999903, -30.783587171 ], [ -53.736135654, -30.7851382109999 ], [ -53.737400538, -30.784862967 ], [ -53.736969213999899, -30.783655235 ], [ -53.735155848, -30.782791951 ], [ -53.73677164, -30.779479538 ], [ -53.739926919, -30.775855405 ], [ -53.742683698999898, -30.775079783 ], [ -53.74527957, -30.772715384 ], [ -53.747263472, -30.772640792999901 ], [ -53.747633535, -30.774537492 ], [ -53.748517132, -30.776204279 ], [ -53.750578245, -30.777407001 ], [ -53.752959222999898, -30.777326772 ], [ -53.757660746999903, -30.7750139249999 ], [ -53.760829563, -30.7760985859999 ], [ -53.762936102, -30.778860732999899 ], [ -53.762375633, -30.782898808 ], [ -53.763057475, -30.784323392 ], [ -53.768386167, -30.788883543999901 ], [ -53.769135397, -30.792767931999901 ], [ -53.769155482, -30.794856968 ], [ -53.768483827999901, -30.797833225 ], [ -53.772353863, -30.799687344999899 ], [ -53.776761711999903, -30.798126458 ], [ -53.779085874, -30.7975170889999 ], [ -53.782804886, -30.798309904999901 ], [ -53.783955492, -30.799626020999899 ], [ -53.785474151, -30.799905453 ], [ -53.787852187999903, -30.79854827 ], [ -53.792105311999897, -30.793000728 ], [ -53.796644976, -30.792054527999898 ], [ -53.799592085, -30.789685989 ], [ -53.802386059999897, -30.788560989 ], [ -53.805188423999901, -30.787906778 ], [ -53.804948490999898, -30.785138216 ], [ -53.806269421, -30.781300431 ], [ -53.804316609, -30.775757482 ], [ -53.806563663, -30.768427673 ], [ -53.806476521, -30.76812718 ], [ -53.806261785999901, -30.767384520999901 ], [ -53.80353866, -30.765322984 ], [ -53.805736962, -30.762933312 ], [ -53.808532402, -30.762751658 ], [ -53.810056517, -30.762652875999901 ], [ -53.813924616999898, -30.760308794 ], [ -53.814906193, -30.758243734 ], [ -53.815553069, -30.7531222389999 ], [ -53.816218921, -30.752820114 ], [ -53.818954688, -30.752547950999901 ], [ -53.820905582, -30.751430383 ], [ -53.821104026999897, -30.750857891 ], [ -53.821468924, -30.748936245 ], [ -53.820612238, -30.746855066 ], [ -53.819694432999903, -30.74620977 ], [ -53.816274888, -30.744244038 ], [ -53.81719623, -30.741334603 ], [ -53.818173122, -30.7393984899999 ], [ -53.817705256999901, -30.738866559 ], [ -53.814507087, -30.738146744999899 ], [ -53.812957744999899, -30.735830001999901 ], [ -53.808901775, -30.733321056 ], [ -53.808411405, -30.7315379889999 ], [ -53.806151407, -30.731233367 ], [ -53.803894961, -30.729181545 ], [ -53.805069058999898, -30.725824278999902 ], [ -53.807224329, -30.723075505999901 ], [ -53.807432295999902, -30.722450729999899 ], [ -53.8090259969999, -30.721687288999899 ], [ -53.811338501, -30.720117586999901 ], [ -53.813416256, -30.7178863419999 ], [ -53.813430339, -30.716536071 ], [ -53.812983970999902, -30.715755199999901 ], [ -53.813845688, -30.7144467369999 ], [ -53.812592106999901, -30.713245276 ], [ -53.812392429999903, -30.711772024 ], [ -53.812475031, -30.710086308 ], [ -53.811461510999898, -30.708942909 ], [ -53.810791276, -30.7094984679999 ], [ -53.808020094, -30.709806492 ], [ -53.807407756, -30.7106327179999 ], [ -53.807060459, -30.711514356999899 ], [ -53.806497299999897, -30.711750745 ], [ -53.805581128, -30.711544622 ], [ -53.803018154, -30.709019672999901 ], [ -53.802008502, -30.708597805999901 ], [ -53.797624534, -30.706373031999899 ], [ -53.797257461999898, -30.705693255 ], [ -53.798763140999903, -30.70399172 ], [ -53.801017439, -30.701157502999902 ], [ -53.799840769, -30.699771125 ], [ -53.797353109, -30.6988869149999 ], [ -53.796344684, -30.695954738999902 ], [ -53.797469446, -30.694661224999901 ], [ -53.7970292689999, -30.689533563999898 ], [ -53.797487734999898, -30.688900171999901 ], [ -53.801184577999898, -30.6878559529999 ], [ -53.802691752, -30.686787575 ], [ -53.802344307999903, -30.685713663999898 ], [ -53.803035848, -30.684887579 ], [ -53.802593355999903, -30.683339071 ], [ -53.801288389, -30.683032205 ], [ -53.797866418999902, -30.68547947 ], [ -53.796388055, -30.684739323 ], [ -53.795421093, -30.680538081999899 ], [ -53.794376160999903, -30.679190644 ], [ -53.794103000999897, -30.676115282999898 ], [ -53.796199007, -30.676360325 ], [ -53.796644102999899, -30.677100665 ], [ -53.797256488999899, -30.677192724 ], [ -53.798070321999901, -30.676264026 ], [ -53.798399307999901, -30.674630106999899 ], [ -53.797436322, -30.671529324999899 ], [ -53.794707068, -30.67125444 ], [ -53.795341886, -30.669597559 ], [ -53.798722585999897, -30.665676414 ], [ -53.799781137, -30.662907991999901 ], [ -53.799429656, -30.660812993 ], [ -53.7988300069999, -30.660161721 ], [ -53.800626311, -30.657315051999898 ], [ -53.8009787189999, -30.6559084629999 ], [ -53.797986174999899, -30.652002669 ], [ -53.800299472999903, -30.648814942999898 ], [ -53.79834876, -30.647209065 ], [ -53.797573513, -30.643254360999901 ], [ -53.795982681999902, -30.642228998 ], [ -53.791610493, -30.642779504 ], [ -53.788329542, -30.641852351999901 ], [ -53.787801443, -30.641007212 ], [ -53.787501633, -30.638811234999899 ], [ -53.788323232, -30.638043162 ], [ -53.791512226, -30.638497515 ], [ -53.792057450999899, -30.638172762999901 ], [ -53.792616252999899, -30.63734922 ], [ -53.793397491, -30.636895851 ], [ -53.7941390679999, -30.636942127999902 ], [ -53.794820019, -30.638529837 ], [ -53.795636494999897, -30.639177862999901 ], [ -53.797535806, -30.638819129 ], [ -53.798444951, -30.638554449 ], [ -53.7989252899999, -30.637815546 ], [ -53.798927094, -30.636943306 ], [ -53.799126137, -30.635523851999899 ], [ -53.801842765999901, -30.634341877999901 ], [ -53.803732525, -30.632972788 ], [ -53.802898983, -30.632509698 ], [ -53.798408748, -30.630859353999899 ], [ -53.796074424, -30.628828899 ], [ -53.796583894, -30.628110794999898 ], [ -53.797786363999897, -30.627688724999899 ], [ -53.800314038, -30.629028508 ], [ -53.802069984, -30.627768377999899 ], [ -53.802083529999898, -30.627262371 ], [ -53.792671562, -30.623639666 ], [ -53.7919447949999, -30.625006855 ], [ -53.793397496999901, -30.629529143 ], [ -53.793578372, -30.631294662999899 ], [ -53.792150542999899, -30.63219981 ], [ -53.788939313999897, -30.62910706 ], [ -53.786537021999898, -30.630115192999899 ], [ -53.786277361, -30.629611445 ], [ -53.78521266, -30.628545319999901 ], [ -53.783417025999903, -30.629255831 ], [ -53.780156957, -30.629939496 ], [ -53.779091314, -30.629775329 ], [ -53.778633241, -30.628473852 ], [ -53.779508061999898, -30.627686079999901 ], [ -53.782542357999901, -30.628116937999899 ], [ -53.783086222999898, -30.627921208 ], [ -53.783348271, -30.625939027999902 ], [ -53.782734278, -30.623914795 ], [ -53.782084902999898, -30.623728797 ], [ -53.778549214, -30.624606793999899 ], [ -53.776932766999899, -30.623600997 ], [ -53.774833102999899, -30.622293973999898 ], [ -53.774338292, -30.620683029 ], [ -53.774879637, -30.620213116999899 ], [ -53.779013252, -30.620519674 ], [ -53.781533334999899, -30.620862185 ], [ -53.78252514, -30.620422764 ], [ -53.782825204999902, -30.61962679 ], [ -53.782537018, -30.618841559 ], [ -53.777484027, -30.616973969 ], [ -53.777369359, -30.615582871999901 ], [ -53.777684194, -30.6147246949999 ], [ -53.77977422, -30.613783844999901 ], [ -53.786695805, -30.608124428999901 ], [ -53.787012988, -30.6070975559999 ], [ -53.785617147, -30.606397106 ], [ -53.7805455929999, -30.606547405 ], [ -53.778569783, -30.607778009999901 ], [ -53.775559078999898, -30.607799911 ], [ -53.773011951999898, -30.606686919 ], [ -53.772757849999898, -30.606092049 ], [ -53.774226899, -30.603962249999899 ], [ -53.774619742, -30.600933972 ], [ -53.774096889, -30.599322069 ], [ -53.76897466, -30.597684941999901 ], [ -53.767739849, -30.593408102 ], [ -53.766464556, -30.593014345 ], [ -53.765200963, -30.593394525999901 ], [ -53.764254189, -30.592542215 ], [ -53.764286891, -30.591955062999901 ], [ -53.763065809999901, -30.589862879 ], [ -53.762784157999903, -30.587351157999901 ], [ -53.759177254, -30.588821131 ], [ -53.758320133, -30.588433481 ], [ -53.758356587, -30.58592685 ], [ -53.755380094, -30.582555872999901 ], [ -53.754661892999898, -30.582506714 ], [ -53.753590222999897, -30.582886242 ], [ -53.75280971, -30.581508288 ], [ -53.751676331999903, -30.580739418 ], [ -53.7518910329999, -30.579945151999901 ], [ -53.753542109, -30.57841396 ], [ -53.753811887, -30.577681132 ], [ -53.750534426999899, -30.576792720999901 ], [ -53.749013858999902, -30.5745979 ], [ -53.741974873999901, -30.572304744999901 ], [ -53.738217937999899, -30.569952905 ], [ -53.73745013, -30.565911227999901 ], [ -53.737890601999901, -30.565692925 ], [ -53.740429491, -30.565433721 ], [ -53.740738773, -30.562804055 ], [ -53.740149166, -30.558364954 ], [ -53.739764917999899, -30.557057162 ], [ -53.740405231999901, -30.55535994 ], [ -53.7387548089999, -30.55477123 ], [ -53.7387884239999, -30.553505765999901 ], [ -53.739505242, -30.552818961 ], [ -53.738309785, -30.551265994999898 ], [ -53.738412964, -30.549323253999901 ], [ -53.736197107, -30.548984135 ], [ -53.736706602, -30.547492325 ], [ -53.738766571, -30.545318998 ], [ -53.738940865, -30.541718483999901 ], [ -53.740470906, -30.541250686999899 ], [ -53.74292588, -30.540163208 ], [ -53.744708612999901, -30.535502364 ], [ -53.748365905999897, -30.535227146999901 ], [ -53.748973565, -30.533146454 ], [ -53.748042800999897, -30.532023443999901 ], [ -53.747604208, -30.531179204999901 ], [ -53.746110766999898, -30.5304691179999 ], [ -53.742048183999898, -30.526056565 ], [ -53.74235698, -30.523149055 ], [ -53.74297523, -30.5222103679999 ], [ -53.745828501999902, -30.518813533 ], [ -53.7451348499999, -30.516325299 ], [ -53.743914689, -30.515587758 ], [ -53.745186463, -30.513713138999901 ], [ -53.743674789999901, -30.513309675999899 ], [ -53.742273079, -30.511904264 ], [ -53.733138786, -30.49883268 ], [ -53.726337272, -30.492299638 ], [ -53.72644127, -30.488261483 ], [ -53.7252597089999, -30.487304654 ], [ -53.724584807, -30.487297817999899 ], [ -53.723553839, -30.486503657 ], [ -53.722764079999898, -30.486600301 ], [ -53.722275178, -30.486381872 ], [ -53.721266323, -30.485512872 ], [ -53.720610936, -30.485241763 ], [ -53.717712419999899, -30.485587311 ], [ -53.715952855, -30.484658011 ], [ -53.713383442999898, -30.484654193 ], [ -53.711774938, -30.483023391 ], [ -53.711411174, -30.480293953999901 ], [ -53.711793868, -30.476950982999899 ], [ -53.712582741999903, -30.473232759 ], [ -53.712763566, -30.471942354 ], [ -53.715778665, -30.4653848909999 ], [ -53.716296405, -30.463157102 ], [ -53.715621402999901, -30.461449893999902 ], [ -53.71529335, -30.460035697 ], [ -53.71579172, -30.458018039 ], [ -53.716039887, -30.456459869 ], [ -53.717430049, -30.456412374 ], [ -53.719146496, -30.4576825309999 ], [ -53.720386608999902, -30.457315362 ], [ -53.720589839, -30.455058914999899 ], [ -53.719559681, -30.452656399 ], [ -53.717792356, -30.4513662919999 ], [ -53.716304443999903, -30.451397342999901 ], [ -53.713312707999897, -30.451914885 ], [ -53.7106923159999, -30.451836939 ], [ -53.710154137, -30.4514496749999 ], [ -53.711384720999902, -30.44900068 ], [ -53.712246325, -30.448093335 ], [ -53.716188218, -30.448030706999901 ], [ -53.718515741, -30.448908012999901 ], [ -53.719630265, -30.449094427 ], [ -53.719866203, -30.448142388 ], [ -53.719084037999899, -30.447512892 ], [ -53.718323563, -30.44622315 ], [ -53.713893249, -30.436375939999898 ], [ -53.713140444, -30.431806388 ], [ -53.714127644, -30.429893534 ], [ -53.717655039, -30.430009454999901 ], [ -53.71885284, -30.429756765 ], [ -53.720387837, -30.42624032 ], [ -53.721366565, -30.424308449 ], [ -53.721645754999898, -30.423125572999901 ], [ -53.721387510999897, -30.422431356999901 ], [ -53.719404347, -30.421092998999899 ], [ -53.719206436, -30.420055232 ], [ -53.717441354, -30.419636486999899 ], [ -53.712901949, -30.422248802999899 ], [ -53.712284414, -30.423418286 ], [ -53.711837785999897, -30.423805176 ], [ -53.71024747, -30.422702977 ], [ -53.708180178, -30.421003448 ], [ -53.708009446999903, -30.419965725999901 ], [ -53.710064633999899, -30.418710161 ], [ -53.710925281999899, -30.417687357 ], [ -53.711941404999898, -30.415459767999899 ], [ -53.712434201, -30.414932260999901 ], [ -53.715012863, -30.41434708 ], [ -53.716657811999902, -30.411280125 ], [ -53.716656811999897, -30.409464322 ], [ -53.715781068999902, -30.408199566 ], [ -53.716904220999901, -30.406315844999899 ], [ -53.713400776, -30.4029237569999 ], [ -53.71390587, -30.402079654 ], [ -53.715146991, -30.401846033 ], [ -53.7145094319999, -30.4013674619999 ], [ -53.714573441, -30.400827281 ], [ -53.7159390099999, -30.399296792 ], [ -53.716525791, -30.3978981019999 ], [ -53.715898168, -30.396869315999901 ], [ -53.712645177, -30.39477849 ], [ -53.712098292999897, -30.3949793419999 ], [ -53.709145801, -30.397576086999901 ], [ -53.705611093, -30.4009841889999 ], [ -53.704914895999899, -30.402719943 ], [ -53.705084494999902, -30.404460356999898 ], [ -53.707278626999901, -30.407462763999899 ], [ -53.702570599, -30.409150662999899 ], [ -53.700893327, -30.415517916999899 ], [ -53.699961967, -30.416492685 ], [ -53.696557016, -30.4163233519999 ], [ -53.694904339999901, -30.416959947 ], [ -53.692437890999898, -30.419869538999901 ], [ -53.692577139, -30.42226477 ], [ -53.6559506259999, -30.432311336999899 ], [ -53.65017382, -30.427785824999901 ], [ -53.647885964, -30.425736571 ], [ -53.647340059, -30.4238435359999 ], [ -53.646685562999899, -30.422339882 ], [ -53.644413541999903, -30.418274566 ], [ -53.643413931999902, -30.411235075 ], [ -53.634637996, -30.403244050999898 ], [ -53.634011949, -30.399781189999899 ], [ -53.634351838, -30.394299568999902 ], [ -53.632931065, -30.3930174 ], [ -53.629929753999903, -30.391185015 ], [ -53.628663119, -30.3887919269999 ], [ -53.625752962, -30.386028802999899 ], [ -53.624330604, -30.385493422 ], [ -53.623078853, -30.3844272179999 ], [ -53.62224372, -30.384335504 ], [ -53.620575859, -30.384877306 ], [ -53.618985273, -30.38400131 ], [ -53.614043513, -30.377814167999901 ], [ -53.597120457, -30.374043092 ], [ -53.596438577999898, -30.373890926999898 ], [ -53.547703757, -30.363015499 ], [ -53.549788292, -30.364397396999902 ], [ -53.5501701539999, -30.365513628 ], [ -53.549232269, -30.368822668999901 ], [ -53.549249476999897, -30.370967767 ], [ -53.547498258, -30.376243125 ], [ -53.547417309, -30.3793611749999 ], [ -53.547691039, -30.380694424999898 ], [ -53.550632531, -30.3829181629999 ], [ -53.548811895, -30.3860590809999 ], [ -53.547511089, -30.387459948999901 ], [ -53.546901808, -30.388490664 ], [ -53.547131616999899, -30.390326194 ], [ -53.546743449, -30.392817161 ], [ -53.546320329, -30.393184623 ], [ -53.5428421, -30.394230579999899 ], [ -53.5396028649999, -30.397107505999902 ], [ -53.539579265, -30.397923761 ], [ -53.539184188, -30.3982922 ], [ -53.538096956999901, -30.39847057 ], [ -53.537590861999902, -30.398105261 ], [ -53.538014142999899, -30.396167394 ], [ -53.537425331, -30.395250651 ], [ -53.535175734999903, -30.39588401 ], [ -53.535430479, -30.397025082 ], [ -53.535093322, -30.397905165999902 ], [ -53.533623717, -30.398182263 ], [ -53.534569712999897, -30.40057782 ], [ -53.53443938, -30.40085067 ], [ -53.533880216999897, -30.402018607999899 ], [ -53.527590008999901, -30.403213749 ], [ -53.524606859, -30.401839058 ], [ -53.522493139999902, -30.398879909 ], [ -53.516580556999898, -30.39715423 ], [ -53.512247369, -30.389017153999902 ], [ -53.511594853, -30.386530525999898 ], [ -53.509672592, -30.384961911999898 ], [ -53.502327035999897, -30.380419480999901 ], [ -53.501197225999903, -30.379583501 ], [ -53.499992956, -30.377641336999901 ], [ -53.499857716, -30.3768217759999 ], [ -53.501105336, -30.370635004 ], [ -53.493979192, -30.365785348 ], [ -53.493977446, -30.365518339999898 ], [ -53.4939623349999, -30.362391838999901 ], [ -53.492340172, -30.360061914 ], [ -53.492030813, -30.357727155 ], [ -53.490436383, -30.355488419 ], [ -53.485769934, -30.351969358 ], [ -53.483030675999899, -30.347538594 ], [ -53.482719059, -30.3433086269999 ], [ -53.479305834999899, -30.3409245359999 ], [ -53.476510472, -30.338744886 ], [ -53.474044673, -30.337969165999901 ], [ -53.472691923999903, -30.336369824 ], [ -53.472650465, -30.3355677489999 ], [ -53.472180508999898, -30.334967804 ], [ -53.47154119, -30.33472889 ], [ -53.466979039, -30.330304840999901 ], [ -53.466060357999901, -30.328472669999901 ], [ -53.468466287, -30.3214078039999 ], [ -53.467487941999899, -30.320619956 ], [ -53.466556337, -30.320228284999899 ], [ -53.461969315, -30.31975668 ], [ -53.460681333, -30.31894225 ], [ -53.460758509999899, -30.3156717859999 ], [ -53.4617833309999, -30.314976026 ], [ -53.46259656, -30.313993443 ], [ -53.464956711999903, -30.313802863 ], [ -53.465902897, -30.313986234 ], [ -53.467888003, -30.31335568 ], [ -53.468294817, -30.313687479 ], [ -53.469101254, -30.313372334999901 ], [ -53.469617778, -30.312253197 ], [ -53.469223139999897, -30.310047919999899 ], [ -53.467845974999904, -30.309203431 ], [ -53.465772499, -30.30793213 ], [ -53.464490713, -30.3063826019999 ], [ -53.463795908, -30.304914848 ], [ -53.463095914999897, -30.304211997 ], [ -53.462242223, -30.302528896999899 ], [ -53.462499829, -30.301043396 ], [ -53.464542889, -30.300416735999899 ], [ -53.47062304, -30.299119983 ], [ -53.471557872999902, -30.299263577 ], [ -53.473259561, -30.298499192999898 ], [ -53.472881437, -30.297087782999899 ], [ -53.470723061999898, -30.294045513 ], [ -53.471349784, -30.2936764049999 ], [ -53.47343381, -30.293709159999899 ], [ -53.474516017, -30.294473027 ], [ -53.478708688, -30.2955902809999 ], [ -53.481576084, -30.296107714 ], [ -53.484135422999898, -30.2953086959999 ], [ -53.484101564, -30.293039028 ], [ -53.485070584, -30.292003692 ], [ -53.48539104, -30.290354217 ], [ -53.483969854999899, -30.2876190449999 ], [ -53.484933643, -30.284789525999901 ], [ -53.484278993, -30.283960679 ], [ -53.483707435, -30.283741033999899 ], [ -53.482754598, -30.283685856 ], [ -53.481635358999903, -30.283847405 ], [ -53.480235139999898, -30.284270324 ], [ -53.479594259, -30.285764265 ], [ -53.478240039999903, -30.285933870999902 ], [ -53.47654692, -30.287090744999901 ], [ -53.474457945, -30.286842432999901 ], [ -53.473073148, -30.285727355999899 ], [ -53.472358102, -30.2833827759999 ], [ -53.4726142929999, -30.281928815999901 ], [ -53.472041001, -30.281263505 ], [ -53.471370787999902, -30.279290741 ], [ -53.471721860999899, -30.278750933 ], [ -53.47318467, -30.278471781 ], [ -53.472963821, -30.276816547 ], [ -53.4719861889999, -30.274805564 ], [ -53.472985612999899, -30.272348817 ], [ -53.471973460999898, -30.270776086999899 ], [ -53.472816799, -30.270099344 ], [ -53.471426515, -30.268891316 ], [ -53.469524338, -30.268766359 ], [ -53.4665092239999, -30.262282851 ], [ -53.465635733999903, -30.2616235039999 ], [ -53.464740005, -30.262192645 ], [ -53.462708878999898, -30.262300691999901 ], [ -53.462186502, -30.262240817 ], [ -53.458211758999902, -30.260900235999902 ], [ -53.457000776, -30.25756668 ], [ -53.4539647719999, -30.254692776999899 ], [ -53.452340168, -30.252723147 ], [ -53.451127981999903, -30.250780483 ], [ -53.4465743, -30.247914473 ], [ -53.442146845, -30.243533409999898 ], [ -53.436009618999897, -30.238802974 ], [ -53.425143364, -30.232933959 ], [ -53.423002157, -30.232240799 ], [ -53.420840046, -30.2312200699999 ], [ -53.419806491, -30.230318865999902 ], [ -53.4191196949999, -30.221679643 ], [ -53.418497799, -30.220920068999899 ], [ -53.417953871, -30.220256139999901 ], [ -53.416553783, -30.218547167999901 ], [ -53.416731179, -30.217528645 ], [ -53.414196381, -30.211453787 ], [ -53.410952725999898, -30.210056415999901 ], [ -53.408835232999898, -30.2100126079999 ], [ -53.406809821, -30.209682331 ], [ -53.405556443, -30.2098155699999 ], [ -53.399764633, -30.2122860449999 ], [ -53.39488077, -30.211290286999901 ], [ -53.391507116, -30.211822213999898 ], [ -53.391236654999901, -30.212395562 ], [ -53.390142948999902, -30.2130706199999 ], [ -53.387484142999902, -30.2112009149999 ], [ -53.386652209, -30.21103105 ], [ -53.385308401, -30.209831350999899 ], [ -53.383891197, -30.210081782 ], [ -53.383046223999898, -30.2093408379999 ], [ -53.383116279, -30.206934513 ], [ -53.384596723999898, -30.204024255 ], [ -53.382912732, -30.202769713999899 ], [ -53.382517628999899, -30.200346764 ], [ -53.37892658, -30.1993276329999 ], [ -53.378914386, -30.1977959019999 ], [ -53.376974101, -30.197690178999899 ], [ -53.373663022, -30.195449061 ], [ -53.372911484, -30.194252063 ], [ -53.369073829999898, -30.19238266 ], [ -53.366296804999898, -30.187877985999901 ], [ -53.364751745, -30.1881907389999 ], [ -53.362722924, -30.187513383999899 ], [ -53.362655281999899, -30.185762183999898 ], [ -53.361737832, -30.185367137 ], [ -53.359438908, -30.186326532 ], [ -53.358280320999903, -30.185488280999898 ], [ -53.356551641, -30.183379851 ], [ -53.354461796, -30.181734173999899 ], [ -53.352583545, -30.1804503279999 ], [ -53.351626140999898, -30.178400661 ], [ -53.352532781, -30.176304273 ], [ -53.351600917, -30.175117088 ], [ -53.352090534, -30.172962712999901 ], [ -53.3509813209999, -30.170960099 ], [ -53.3489158, -30.171037365 ], [ -53.346418925, -30.1702446809999 ], [ -53.342000810999899, -30.170324530999899 ], [ -53.340805288999903, -30.169937866999899 ], [ -53.339759047, -30.168339592999899 ], [ -53.34028462, -30.164248749 ], [ -53.342794252, -30.162305702 ], [ -53.341799695, -30.160591338 ], [ -53.340688561, -30.159708969999901 ], [ -53.339500964, -30.1584644879999 ], [ -53.338490615, -30.15850811 ], [ -53.334400049, -30.156882686 ], [ -53.332612196, -30.157851427 ], [ -53.330483488, -30.153029064999899 ], [ -53.330762752999902, -30.148411101 ], [ -53.329998842999899, -30.1477902029999 ], [ -53.328498515, -30.148776594 ], [ -53.3264190579999, -30.148220201999901 ], [ -53.324945318999902, -30.147124762 ], [ -53.323822368, -30.1477143339999 ], [ -53.322959646999898, -30.147282317 ], [ -53.322418373999902, -30.14629088 ], [ -53.320742772, -30.145279144 ], [ -53.318551933, -30.143276068 ], [ -53.318344629, -30.1421781019999 ], [ -53.312316623, -30.143792902 ], [ -53.311158843, -30.140874122 ], [ -53.3033091779999, -30.138804901 ], [ -53.303085885, -30.141484599 ], [ -53.304846535, -30.143803173 ], [ -53.306585524, -30.14967567 ], [ -53.308297232, -30.151155936999899 ], [ -53.307558125999897, -30.15710554 ], [ -53.304085406, -30.164400043999901 ], [ -53.306915314, -30.172722839999899 ], [ -53.314654409999903, -30.18216368 ], [ -53.315155064, -30.185890825999898 ], [ -53.319703217, -30.190262334 ], [ -53.320178278, -30.1939685789999 ], [ -53.3231628, -30.201105627999901 ], [ -53.328497468, -30.2058904159999 ], [ -53.327821916999902, -30.212378031999901 ], [ -53.329897425, -30.214788983999899 ], [ -53.329888457, -30.218870664 ], [ -53.331874485, -30.223021157999899 ], [ -53.33504434, -30.225867873 ], [ -53.339475341, -30.227340755999901 ], [ -53.342088545, -30.232868058 ], [ -53.342612802, -30.2332360149999 ], [ -53.347241294999897, -30.236489349 ], [ -53.346430002, -30.238202784 ], [ -53.346737944, -30.240181585999899 ], [ -53.348338629999901, -30.2424356289999 ], [ -53.347580439999902, -30.243183253 ], [ -53.348600083999898, -30.244696532 ], [ -53.350456123, -30.245583428 ], [ -53.35184692, -30.248497579999899 ], [ -53.350814112, -30.25292417 ], [ -53.3484321339999, -30.254403409 ], [ -53.347034962, -30.258425842999898 ], [ -53.344797598, -30.261728745 ], [ -53.345825013, -30.266010423 ], [ -53.344185739, -30.27342325 ], [ -53.342865953999897, -30.275589629 ], [ -53.343575619, -30.27874128 ], [ -53.343124648999897, -30.283562179999901 ], [ -53.3421372399999, -30.28916695 ], [ -53.342879598, -30.290854769 ], [ -53.342723641, -30.294913119999901 ], [ -53.340959042999899, -30.298723438 ], [ -53.338457876999897, -30.301043465 ], [ -53.335453351, -30.3012158659999 ], [ -53.334910960999899, -30.30579541 ], [ -53.33314589, -30.307450667999898 ], [ -53.333144951999898, -30.309585759999901 ], [ -53.334096229999901, -30.312511366 ], [ -53.335841363, -30.314749143 ], [ -53.336545062, -30.318791083 ], [ -53.329802496999903, -30.322403602999898 ], [ -53.324332416999901, -30.327349225 ], [ -53.321343284, -30.326224263 ], [ -53.317265565999897, -30.326739748 ], [ -53.314205734, -30.328314007 ], [ -53.300162843, -30.335537878 ], [ -53.281657083, -30.345053956999902 ], [ -53.280704977, -30.345543028 ], [ -53.276646526, -30.342875026999899 ], [ -53.270913262, -30.345483389 ], [ -53.268045107, -30.345299591 ], [ -53.261524564, -30.341754091 ], [ -53.255469593, -30.3366657679999 ], [ -53.24040071, -30.333266922999901 ], [ -53.236286053, -30.328933138 ], [ -53.234441359999899, -30.329726951999898 ], [ -53.229663457, -30.328478477 ], [ -53.227437381999898, -30.326848939999898 ], [ -53.223095066, -30.326565247 ], [ -53.219031032, -30.322665096 ], [ -53.219380804, -30.314484111 ], [ -53.218462875999897, -30.311843847 ], [ -53.219955262, -30.309823217 ], [ -53.220243083999897, -30.307874775 ], [ -53.219017533999903, -30.306142813 ], [ -53.2164520709999, -30.297727903 ], [ -53.214318809, -30.297608677 ], [ -53.212657518, -30.299179928999902 ], [ -53.210970291, -30.2974920189999 ], [ -53.209065671, -30.296863545 ], [ -53.207052030999897, -30.2973844529999 ], [ -53.206458859, -30.298365858999901 ], [ -53.206055539, -30.3000393569999 ], [ -53.204792171, -30.29955813 ], [ -53.204105278, -30.300297214999901 ], [ -53.204213867, -30.302169556 ], [ -53.202994482, -30.303702777 ], [ -53.203010336, -30.307397523 ], [ -53.201371213, -30.3078583819999 ], [ -53.200044687999899, -30.309511788 ], [ -53.200466645999903, -30.311708063 ], [ -53.199267414, -30.313170108999898 ], [ -53.192964241, -30.31055163 ], [ -53.184396477, -30.314148948 ], [ -53.183148082999899, -30.31436035 ], [ -53.180501029, -30.312847362 ], [ -53.182186863, -30.31755107 ], [ -53.184378244, -30.31810776 ], [ -53.182114062, -30.322309619999899 ], [ -53.1794100239999, -30.324366406 ], [ -53.178937415999897, -30.327794681999901 ], [ -53.181780889, -30.329116803 ], [ -53.184683344999897, -30.332993718999901 ], [ -53.187428779, -30.332740201 ], [ -53.188342763, -30.333384497999901 ], [ -53.188940413, -30.33443183 ], [ -53.187931126, -30.334623107 ], [ -53.187243684, -30.336264101 ], [ -53.188875556, -30.339397886 ], [ -53.187985222999899, -30.340921264 ], [ -53.184021972, -30.341768837 ], [ -53.180061647999899, -30.344752258 ], [ -53.176544116999899, -30.343019952 ], [ -53.17417146, -30.343059110999899 ], [ -53.172463201, -30.349424588 ], [ -53.169938534, -30.349709855 ], [ -53.169946244999899, -30.352000093 ], [ -53.173634738, -30.354577933 ], [ -53.177353390999897, -30.358546751999899 ], [ -53.177137951, -30.361791707999899 ], [ -53.174539561, -30.363758832 ], [ -53.175077718999901, -30.367188036 ], [ -53.174809131, -30.368945246 ], [ -53.171713618, -30.371235693 ], [ -53.170492531, -30.373791438 ], [ -53.17228855, -30.375478743 ], [ -53.1743198409999, -30.375671091 ], [ -53.176990767999897, -30.378992872 ], [ -53.17958778, -30.379974343 ], [ -53.176584701, -30.383496711 ], [ -53.178821221, -30.389029224999899 ], [ -53.176802059999901, -30.394305844 ], [ -53.182826059, -30.395922163 ], [ -53.184615365999903, -30.395233392 ], [ -53.187275627, -30.396177225 ], [ -53.192134592999899, -30.395749146999901 ], [ -53.198621832999898, -30.399425069 ], [ -53.198770206999903, -30.403047511999901 ], [ -53.199618662, -30.4045410149999 ], [ -53.189267555, -30.409125177 ], [ -53.188695845, -30.411306266999901 ], [ -53.190671016, -30.414987851 ], [ -53.191959596999901, -30.415484713 ], [ -53.195931529999903, -30.414949991 ], [ -53.197269553999902, -30.415640133999901 ], [ -53.195495827999899, -30.417947354 ], [ -53.197084956, -30.418228636 ], [ -53.1967706739999, -30.420891206 ], [ -53.198406726, -30.428807268 ], [ -53.20679029, -30.431792671 ], [ -53.208817971, -30.431810386999899 ], [ -53.210673944999897, -30.434018889 ], [ -53.209861154999899, -30.436830909 ], [ -53.212951027, -30.438763614 ], [ -53.2124256399999, -30.441311293 ], [ -53.213707037999903, -30.443408043 ], [ -53.21574584, -30.444017431 ], [ -53.216586123999903, -30.447128052 ], [ -53.215484099, -30.449920326 ], [ -53.213504440895697, -30.4509094242283 ], [ -53.213480258243798, -30.451151250746999 ], [ -53.213395618962302, -30.451368894613701 ], [ -53.213053031394303, -30.4517880605793 ], [ -53.212903905041102, -30.452054069749799 ], [ -53.2127991135497, -30.452380535549899 ], [ -53.212769070666198, -30.452530767852899 ], [ -53.212796278190901, -30.452711017704001 ], [ -53.212875691947303, -30.452900462565001 ], [ -53.213115966605898, -30.453178647034498 ], [ -53.2133138928072, -30.4534349811927 ], [ -53.213456075591999, -30.453754916264099 ], [ -53.213498802854197, -30.454830870762901 ], [ -53.213340428684603, -30.455878993859699 ], [ -53.213332021243197, -30.456183252086699 ], [ -53.2134220512607, -30.456443975119502 ], [ -53.213543670728399, -30.456627512062902 ], [ -53.213767103706601, -30.456795993222698 ], [ -53.214292692048602, -30.457042115539998 ], [ -53.214688502138301, -30.457149380383299 ], [ -53.215003084034898, -30.457221906469002 ], [ -53.215244955414697, -30.4572738046224 ], [ -53.215295330853799, -30.457271524750599 ], [ -53.215342011577299, -30.457258381634801 ], [ -53.215439905131603, -30.4572021834833 ], [ -53.215587198678598, -30.457049791326401 ], [ -53.215682826173698, -30.456855930356198 ], [ -53.215719083044803, -30.4568142349531 ], [ -53.215760778448399, -30.456779790925101 ], [ -53.215810178435497, -30.456758036801599 ], [ -53.215857124720202, -30.456743257891102 ], [ -53.2159601912441, -30.456732656991498 ], [ -53.216062163701203, -30.456748859289199 ], [ -53.216272039469601, -30.456831257223701 ], [ -53.216794099299101, -30.457145985331799 ], [ -53.217333132932403, -30.4574162190045 ], [ -53.2176248348824, -30.457586393031299 ], [ -53.217749467875002, -30.4576825870367 ], [ -53.217850987116499, -30.457834865898899 ], [ -53.217963383419502, -30.4580832254718 ], [ -53.218099799904898, -30.458536323076402 ], [ -53.218202678774396, -30.4589370748063 ], [ -53.218258188771699, -30.4593071419702 ], [ -53.218199053087197, -30.459593324188599 ], [ -53.218081671469001, -30.4598198163436 ], [ -53.217881805457701, -30.460017529590498 ], [ -53.217791163277802, -30.460115423144799 ], [ -53.217758532093001, -30.460184311201498 ], [ -53.217754849564997, -30.460245801571901 ], [ -53.217767596310999, -30.460318461627701 ], [ -53.2178074788701, -30.4603837239972 ], [ -53.217921688016801, -30.460497933143898 ], [ -53.218153731997297, -30.4606810303472 ], [ -53.218266128299497, -30.460836028474599 ], [ -53.218349972321398, -30.461030795866801 ], [ -53.218378524603402, -30.461467804468601 ], [ -53.218270207203098, -30.461879206670499 ], [ -53.217864130237302, -30.462452065247302 ], [ -53.217628007354001, -30.462660655555901 ], [ -53.217502921145801, -30.462724105081801 ], [ -53.217370583563103, -30.462753110579399 ], [ -53.2170497102463, -30.462734982143399 ], [ -53.216689407586003, -30.462742120223002 ], [ -53.216195860911803, -30.462867319726001 ], [ -53.215932998590198, -30.4629144536596 ], [ -53.215739477540801, -30.462916153208301 ], [ -53.215637505083698, -30.4628963252236 ], [ -53.2155450500603, -30.462841939915702 ], [ -53.215345637264498, -30.4627059766459 ], [ -53.215173417122699, -30.462637088589101 ], [ -53.215124017133803, -30.462624851894599 ], [ -53.215071897881302, -30.462624398684 ], [ -53.215022044681497, -30.4626316500581 ], [ -53.214972191483398, -30.462651591337899 ], [ -53.214841713494302, -30.462739328437301 ], [ -53.214716580536098, -30.462834688541299 ], [ -53.214334070536999, -30.4631682517633 ], [ -53.213986607395903, -30.463510704534201 ], [ -53.213839617450503, -30.4637573126376 ], [ -53.213775749081599, -30.464021270744599 ], [ -53.2137847789269, -30.464261396452699 ], [ -53.213840977078497, -30.464439055125201 ], [ -53.213927993571197, -30.464576831238698 ], [ -53.214054626207599, -30.464707835620501 ], [ -53.214499492520098, -30.4649972976584 ], [ -53.214972880167799, -30.465191194306101 ], [ -53.216324572807302, -30.465666350240902 ], [ -53.217775255210498, -30.465871382423298 ], [ -53.222222206246002, -30.466418567039 ], [ -53.225878258567001, -30.467134753555001 ], [ -53.226617700733598, -30.4671501360836 ], [ -53.227291086967597, -30.4671020977929 ], [ -53.227749113159803, -30.467181887488501 ], [ -53.229676619119502, -30.467810830921898 ], [ -53.230528782405401, -30.468421662740202 ], [ -53.231025374756101, -30.468768012341499 ], [ -53.231280532488, -30.468987479711799 ], [ -53.231440234482299, -30.4692650960055 ], [ -53.231537956278899, -30.4698395162027 ], [ -53.231503965465897, -30.470435828451301 ], [ -53.231481045769399, -30.471577735603798 ], [ -53.231569227835401, -30.472611240768501 ], [ -53.231542262701801, -30.473652734483601 ], [ -53.231358937978101, -30.474221045883201 ], [ -53.231032121612103, -30.474747412229799 ], [ -53.229915914474397, -30.475620561140602 ], [ -53.22944230908, -30.476119206425 ], [ -53.229093585480001, -30.4767271847731 ], [ -53.229007226616602, -30.477344688696999 ], [ -53.2290602522963, -30.477941000945499 ], [ -53.229203013725098, -30.478562919594701 ], [ -53.2292296231035, -30.4791758619949 ], [ -53.229014477990901, -30.479853664236199 ], [ -53.228719437699901, -30.480464479233401 ], [ -53.228006536950701, -30.481673759208299 ], [ -53.227259645388401, -30.482431527832102 ], [ -53.226563285682303, -30.483154537357901 ], [ -53.226393106148699, -30.483315289086001 ], [ -53.226306089655999, -30.483410463374799 ], [ -53.22625034472, -30.4835064307903 ], [ -53.226222698850499, -30.483612595436 ], [ -53.2262104621608, -30.4837348490836 ], [ -53.226160155746399, -30.483832855933102 ], [ -53.226100757764598, -30.483896367528001 ], [ -53.225951678732699, -30.4840114210275 ], [ -53.225782631071802, -30.4840901664287 ], [ -53.225391056854697, -30.484169931547001 ], [ -53.224672362716603, -30.484331262800598 ], [ -53.224415746999099, -30.484430981025099 ], [ -53.224223438561197, -30.484590159407499 ], [ -53.224140647978601, -30.484710272234398 ], [ -53.224096686526003, -30.4848479350525 ], [ -53.224066995292297, -30.485140686660099 ], [ -53.224093060838797, -30.485417167942199 ], [ -53.224182627274203, -30.4856376491079 ], [ -53.224517266240603, -30.486138679694101 ], [ -53.225073673705701, -30.486739128735401 ], [ -53.2252532807412, -30.486968962061798 ], [ -53.225379758360397, -30.487256496826699 ], [ -53.2254422696817, -30.487521992654401 ], [ -53.225449067849802, -30.4877992444295 ], [ -53.225393322904601, -30.4880694714209 ], [ -53.225330779799599, -30.488206794323101 ], [ -53.225243720736898, -30.488317590289501 ], [ -53.2248966037589, -30.488560752035799 ], [ -53.224611145786, -30.4888273062551 ], [ -53.224514093759801, -30.4890121500916 ], [ -53.224426624060698, -30.489231390871598 ], [ -53.224327370869197, -30.4894127885267 ], [ -53.224257576389803, -30.489490287590201 ], [ -53.224169023511799, -30.489555532662699 ], [ -53.224045273767501, -30.489595737965701 ], [ -53.223908603998197, -30.4896176398533 ], [ -53.223672481124098, -30.489593959591101 ], [ -53.2234282004448, -30.4895161206118 ], [ -53.223175948858803, -30.489480286847598 ], [ -53.223036626227703, -30.4894961793322 ], [ -53.222968644591901, -30.489522918774998 ], [ -53.222911086813099, -30.489561328406399 ], [ -53.222828149213903, -30.489650271037998 ], [ -53.222781439752801, -30.489773192860198 ], [ -53.222722551079002, -30.490177695229601 ], [ -53.222754232226102, -30.490623002884401 ], [ -53.222983600557001, -30.491178384895498 ], [ -53.223345995888103, -30.491650086941299 ], [ -53.223462191266798, -30.492135566315 ], [ -53.223484398596298, -30.492407606150099 ], [ -53.223434420345299, -30.492670794239299 ], [ -53.222842656681401, -30.493629434362301 ], [ -53.222552143780803, -30.493966538348602 ], [ -53.222196477972098, -30.494248830671101 ], [ -53.2221320172725, -30.494292963491599 ], [ -53.222048173260703, -30.494318230006598 ], [ -53.221883591436203, -30.4943232262418 ], [ -53.221414261635303, -30.494289216835899 ], [ -53.221307173435498, -30.494291150648099 ], [ -53.221214265205703, -30.494325481381001 ], [ -53.221134953293799, -30.494376354297099 ], [ -53.221080969459898, -30.494452887106299 ], [ -53.220893845095297, -30.494836816570899 ], [ -53.220757428619102, -30.495242780241401 ], [ -53.220523215201801, -30.496057705940601 ], [ -53.220402111273998, -30.496247095594502 ], [ -53.220202698478303, -30.4964283799542 ], [ -53.219415924356902, -30.497026618341501 ], [ -53.218974043725296, -30.497313160925401 ], [ -53.218516660256199, -30.497574525441799 ], [ -53.218357223695897, -30.497740878718901 ], [ -53.218264990654902, -30.4979218465038 ], [ -53.218252531973498, -30.498065491018401 ], [ -53.2182919613264, -30.498208592367099 ], [ -53.2183649282765, -30.498335604714399 ], [ -53.218482650850298, -30.498438364350601 ], [ -53.219281773930703, -30.498882970185399 ], [ -53.219951857185499, -30.499377449074501 ], [ -53.220141061795999, -30.4996298617477 ], [ -53.220190461779403, -30.499785879592601 ], [ -53.220206927727403, -30.499961985733101 ], [ -53.220126559047202, -30.500394881745901 ], [ -53.220155913620601, -30.500697014021799 ], [ -53.220587021321002, -30.5017617658185 ], [ -53.220636421304398, -30.502113570772 ], [ -53.220664520379202, -30.5021956019445 ], [ -53.220700064114297, -30.5022614466913 ], [ -53.220743379075699, -30.502304372560399 ], [ -53.220814079977004, -30.502336550534501 ], [ -53.2210107735064, -30.502377792726101 ], [ -53.221214265205802, -30.502403512451998 ], [ -53.221584538506001, -30.502403625747601 ], [ -53.221723747228602, -30.502424266717199 ], [ -53.221834710922501, -30.502465262429901 ], [ -53.222091681507003, -30.5026246793709 ], [ -53.2222589163244, -30.502726311907999 ], [ -53.222300158515203, -30.5027584898816 ], [ -53.222336868599101, -30.502797012808301 ], [ -53.2223617951975, -30.502837801788999 ], [ -53.222373326882497, -30.502887219759 ], [ -53.222373125471002, -30.503030869632401 ], [ -53.222338228236303, -30.5031866608862 ], [ -53.222213482672998, -30.503458152655298 ], [ -53.221849213671298, -30.503982612521199 ], [ -53.221546898318202, -30.504560057405101 ], [ -53.221265024826501, -30.505684759363799 ], [ -53.221196589976103, -30.5059241680143 ], [ -53.221080969459898, -30.506138518959101 ], [ -53.221042498269398, -30.506182951437602 ], [ -53.220997177180401, -30.5062160358335 ], [ -53.220895204732599, -30.506253992253399 ], [ -53.220799577228199, -30.506266795454199 ], [ -53.220751536871902, -30.506259090868699 ], [ -53.2207034650529, -30.5062401220545 ], [ -53.220496379141103, -30.506112590452801 ], [ -53.2202273333709, -30.506022461857 ], [ -53.220136076470503, -30.506017076248401 ], [ -53.220049059978798, -30.506034751473699 ], [ -53.219880012317901, -30.506112590452801 ], [ -53.219638970651602, -30.506315367869501 ], [ -53.219021177658902, -30.506932109054599 ], [ -53.218452042385103, -30.507593696407699 ], [ -53.217516783725998, -30.508954497764101 ], [ -53.217218757916598, -30.509346703431 ], [ -53.217028862545099, -30.509513598337701 ], [ -53.216835794700998, -30.509652734083499 ], [ -53.216695299323099, -30.5098127175313 ], [ -53.216609642467802, -30.509999327126099 ], [ -53.216523709074998, -30.510450911621799 ], [ -53.216591967238102, -30.511616496911 ], [ -53.216554317538197, -30.512776729860501 ], [ -53.216251633828101, -30.514164738741499 ], [ -53.216410682878298, -30.5152131786087 ], [ -53.216551515964298, -30.515749777682998 ], [ -53.216647613027902, -30.516010871591401 ], [ -53.216718413083697, -30.5162753916612 ], [ -53.216719772711699, -30.5164051232742 ], [ -53.216709802070902, -30.516472651697999 ], [ -53.216683422782701, -30.5165294331041 ], [ -53.2166632514651, -30.516554137301998 ], [ -53.216638194748803, -30.516575983783 ], [ -53.2165806369702, -30.5166089548831 ], [ -53.216517640650601, -30.5166380736765 ], [ -53.2164522893206, -30.516647000247101 ], [ -53.216407057190096, -30.516643058996099 ], [ -53.216368081053801, -30.516628103036702 ], [ -53.216290581994599, -30.5165908264471 ], [ -53.216209457239003, -30.516580969103199 ], [ -53.216125799024397, -30.5165857833166 ], [ -53.216040862784403, -30.516604536069998 ], [ -53.215960644459798, -30.516641586067902 ], [ -53.215899460983799, -30.516688833297199 ], [ -53.215857124720102, -30.516749453586701 ], [ -53.2157879711025, -30.517066811187401 ], [ -53.2157244880352, -30.517612867373501 ], [ -53.215623455550698, -30.518719104830801 ], [ -53.215625860760298, -30.519823903876301 ], [ -53.215768483038502, -30.520241893452798 ], [ -53.2160237708068, -30.520632902613698 ], [ -53.216586825040203, -30.521321651416699 ], [ -53.218473245686198, -30.522707360745599 ], [ -53.219533305975297, -30.523241356481002 ], [ -53.220672856589601, -30.523687372381701 ], [ -53.221076489092397, -30.523737055908999 ], [ -53.2214354321247, -30.5236899219755 ], [ -53.221750954753297, -30.523720956665599 ], [ -53.221893628338499, -30.523754844429799 ], [ -53.222011916388801, -30.523824072401698 ], [ -53.2221528649739, -30.5239628682329 ], [ -53.222315510890603, -30.524067852605398 ], [ -53.222551690565403, -30.5241477782799 ], [ -53.222795043515198, -30.5241907115884 ], [ -53.2228843473656, -30.524201257165998 ], [ -53.222976349182701, -30.5241902668084 ], [ -53.223062912460001, -30.524160468184999 ], [ -53.223138538512302, -30.524108663892399 ], [ -53.223378800461397, -30.523863954960898 ], [ -53.223594264550798, -30.523734560428 ], [ -53.223984290223001, -30.523588402733999 ], [ -53.224441098758703, -30.523483315946599 ], [ -53.225301536724899, -30.5233264475577 ], [ -53.226061808985897, -30.523345481691901 ], [ -53.226252610770104, -30.523320215177499 ], [ -53.226440851823099, -30.523252051986699 ], [ -53.226618805176798, -30.5231443693486 ], [ -53.226763941176799, -30.522979551617901 ], [ -53.2269034216216, -30.522680281387501 ], [ -53.227026241779797, -30.522359294774802 ], [ -53.227206166502398, -30.52205666319 ], [ -53.227433926474198, -30.521796449416001 ], [ -53.2276158691555, -30.5216578375985 ], [ -53.227899855332502, -30.5215239490472 ], [ -53.2286564413806, -30.521269889068599 ], [ -53.229466329262301, -30.5211120583796 ], [ -53.229770372654698, -30.5209661947911 ], [ -53.229988428218398, -30.520749489660101 ], [ -53.230140707080601, -30.5204014236894 ], [ -53.230282562087702, -30.520227503999902 ], [ -53.230445264804999, -30.520100491652201 ], [ -53.230672323461199, -30.519991834332199 ], [ -53.230887598642802, -30.519926458666799 ], [ -53.231082026114301, -30.5198812508728 ], [ -53.231283791217301, -30.519878318925599 ], [ -53.231479038862098, -30.519937449024301 ], [ -53.2316562443282, -30.520035229282598 ], [ -53.231993433237399, -30.5202745246375 ], [ -53.232385007454504, -30.5204413062485 ], [ -53.2334093790815, -30.520714525187799 ], [ -53.2337446401527, -30.5208618859632 ], [ -53.234035152149303, -30.521102232414499 ], [ -53.234284867544801, -30.5214021133553 ], [ -53.2344670716056, -30.5217420343666 ], [ -53.234674528979397, -30.522697273549301 ], [ -53.234994217394501, -30.523210815577698 ], [ -53.235053513230199, -30.523399866999899 ], [ -53.235079240911098, -30.5236329573323 ], [ -53.235062577448197, -30.5237696870938 ], [ -53.235007821156898, -30.5238671971108 ], [ -53.234953353616099, -30.523927970993402 ], [ -53.234892170149998, -30.523965474202299 ], [ -53.234816483925499, -30.523990967308698 ], [ -53.234784305950598, -30.524008642533499 ], [ -53.234756151553498, -30.524030442258901 ], [ -53.234726748167397, -30.524074358114198 ], [ -53.234714511477399, -30.5241286301261 ], [ -53.234711939327802, -30.524238324756599 ], [ -53.234790160959399, -30.524557588049699 ], [ -53.235269693583902, -30.525381040793398 ], [ -53.235970287342703, -30.526353284679001 ], [ -53.236539591765002, -30.5267256418758 ], [ -53.237589135063402, -30.527190341185101 ], [ -53.238410446357797, -30.5274562178456 ], [ -53.238824730165597, -30.527581048698 ], [ -53.239176934969002, -30.5276615073243 ], [ -53.2392942076117, -30.527683276506199 ], [ -53.239349046134798, -30.5276845228429 ], [ -53.239392554376899, -30.527675571920899 ], [ -53.239435845799598, -30.527659245864001 ], [ -53.239574468576301, -30.5275855815784 ], [ -53.239714722927701, -30.527523208240599 ], [ -53.239788420529102, -30.527509429188399 ], [ -53.239894972780498, -30.527503227718999 ], [ -53.240015971122901, -30.527517588373101 ], [ -53.240156845203799, -30.527564019527599 ], [ -53.240432321391303, -30.527720462794498 ], [ -53.240758811689297, -30.527782104846999 ], [ -53.241000999858898, -30.527854590226202 ], [ -53.2412281414883, -30.527961929576101 ], [ -53.241301931896103, -30.5280304360552 ], [ -53.241359489684598, -30.528117792462702 ], [ -53.241414328199198, -30.528293298376902 ], [ -53.241449202626399, -30.528492476307498 ], [ -53.241497719004698, -30.528586979039702 ], [ -53.241529953161603, -30.5286236111797 ], [ -53.241573405229097, -30.528654394167599 ], [ -53.241699851064801, -30.5286998285533 ], [ -53.241812700583999, -30.5287522877219 ], [ -53.241889293221803, -30.528829900081799 ], [ -53.2419423390132, -30.528931622765 ], [ -53.242039759240399, -30.529491587994901 ], [ -53.242204274801097, -30.5300104011786 ], [ -53.242413205021499, -30.530303741926701 ], [ -53.2427299994444, -30.530517997385999 ], [ -53.2431600965838, -30.530717070266899 ], [ -53.243375824970897, -30.530827200515201 ], [ -53.243542153376097, -30.5309748339726 ], [ -53.243809094591697, -30.531453084767598 ], [ -53.243940978967601, -30.5319610208897 ], [ -53.2439486835477, -30.532186833213402 ], [ -53.243881608335599, -30.532417517561601 ], [ -53.243629169868797, -30.532736917949499 ], [ -53.2433305038819, -30.5330121302616 ], [ -53.242998300296797, -30.533208257284901 ], [ -53.241813103269102, -30.533709519166202 ], [ -53.241044490698499, -30.534264297603499 ], [ -53.238602615356101, -30.5353691781721 ], [ -53.236337588927803, -30.5366857673006 ], [ -53.234031751208697, -30.538049119353701 ], [ -53.233063917381799, -30.539045613669298 ], [ -53.232636539499303, -30.539366147071402 ], [ -53.232338082798897, -30.5396513874914 ], [ -53.232230462532399, -30.539704695613 ], [ -53.232107189168801, -30.539739592852499 ], [ -53.231867440607402, -30.539778002482699 ], [ -53.2316485397386, -30.539781288255298 ], [ -53.231447036363498, -30.539756391527799 ], [ -53.231222521493102, -30.539801229534898 ], [ -53.231011778429298, -30.539894024473 ], [ -53.2308146316836, -30.540031460671798 ], [ -53.230651216268399, -30.540195537985198 ], [ -53.230191406241097, -30.5407037373263 ], [ -53.229766971714099, -30.541246003504401 ], [ -53.229584617302599, -30.541378403464801 ], [ -53.229386066370402, -30.541487895407801 ], [ -53.2292039201471, -30.541520711687301 ], [ -53.229017650471903, -30.541525583710801 ], [ -53.228569840627898, -30.5414908712265 ], [ -53.228422584556498, -30.541497144720498 ], [ -53.228285261658399, -30.541525583710801 ], [ -53.2280256901361, -30.541664744318201 ], [ -53.2277092305998, -30.541934493238099 ], [ -53.227304690730001, -30.5423479082542 ], [ -53.227246049061598, -30.5424552325618 ], [ -53.227219309623003, -30.542577032997499 ], [ -53.227220669251203, -30.542692715073098 ], [ -53.2272502756826, -30.542807460355 ], [ -53.227359262595201, -30.543187755760901 ], [ -53.2274871572601, -30.543557441469201 ], [ -53.227828425071799, -30.5442738546048 ], [ -53.228648413768198, -30.545679026804098 ], [ -53.229236424982702, -30.547340489034099 ], [ -53.229644537855002, -30.548248965292299 ], [ -53.230243103396099, -30.5491361856634 ], [ -53.230474723509097, -30.549394797853701 ], [ -53.230622470261302, -30.5494994895712 ], [ -53.230772483074396, -30.549581860658702 ], [ -53.2309306536729, -30.549613698717799 ], [ -53.2310874646451, -30.549615964772599 ], [ -53.231237024240897, -30.5496481427462 ], [ -53.231374347148801, -30.549705134023402 ], [ -53.231551552606099, -30.549869762876298 ], [ -53.231678904873199, -30.550074954117299 ], [ -53.231761842463399, -30.550293968278201 ], [ -53.2317803285409, -30.550523769422501 ], [ -53.231777251632998, -30.5511364873399 ], [ -53.231725913491601, -30.551761711795699 ], [ -53.231902762403898, -30.5522756789459 ], [ -53.233140704777199, -30.553853715377699 ], [ -53.233371968735099, -30.554808954560599 ], [ -53.233267409070301, -30.5558027467603 ], [ -53.233099893490099, -30.5567649205191 ], [ -53.233121475161703, -30.557215405134102 ], [ -53.233165889828797, -30.5574343059982 ], [ -53.233252453116002, -30.557623634857801 ], [ -53.233701585112897, -30.558045687501799 ], [ -53.234106571901599, -30.558522781680299 ], [ -53.234172924448302, -30.558741819443298 ], [ -53.234166126289203, -30.558979641868898 ], [ -53.2340385530918, -30.559417654175999 ], [ -53.2336005190867, -30.560589446983599 ], [ -53.232744856908603, -30.561793175132401 ], [ -53.232436220281798, -30.563205040380801 ], [ -53.231753121018201, -30.564723121489902 ], [ -53.2311713086659, -30.565331845835001 ], [ -53.230487971118301, -30.565841605820999 ], [ -53.229840228249898, -30.566167226819299 ], [ -53.229482191638397, -30.566253790100799 ], [ -53.229144549523703, -30.5663832951216 ], [ -53.229024448630902, -30.566451843264201 ], [ -53.228973689009202, -30.566493085455701 ], [ -53.228937142213098, -30.566546025643799 ], [ -53.228914771592301, -30.5666381129436 ], [ -53.228921116544903, -30.566733740443301 ], [ -53.228910867540797, -30.566797263090901 ], [ -53.228883046829303, -30.5668683440805 ], [ -53.228835113993597, -30.5669367086896 ], [ -53.2287434578733, -30.567026514684599 ], [ -53.228633327629197, -30.5670975554991 ], [ -53.228538606546799, -30.567142536674901 ], [ -53.228486940503302, -30.5671534137362 ], [ -53.228433803004499, -30.567154368887099 ], [ -53.228375450622003, -30.567138910987399 ], [ -53.2283228781587, -30.567115344020898 ], [ -53.228278916700397, -30.567079087148699 ], [ -53.2282381277249, -30.5670540472527 ], [ -53.228195525894897, -30.5670423770658 ], [ -53.228148845173301, -30.567037391746201 ], [ -53.228052897658898, -30.567045538788399 ], [ -53.227988408513902, -30.567066850454399 ], [ -53.227933116785202, -30.567097215585001 ], [ -53.227892781014098, -30.567140270620101 ], [ -53.2278610562566, -30.567188197678998 ], [ -53.227804404889703, -30.567283938475502 ], [ -53.227780822413898, -30.567389458909101 ], [ -53.227824799384599, -30.5677864360662 ], [ -53.227814831817902, -30.568276679280402 ], [ -53.2275087471671, -30.569430023260601 ], [ -53.227467935878103, -30.569943140167499 ], [ -53.227531118721799, -30.5703171657285 ], [ -53.227603179250401, -30.570501735861399 ], [ -53.227697900332799, -30.570650728950401 ], [ -53.227849725979702, -30.570791790836999 ], [ -53.228016960806002, -30.570882772930901 ], [ -53.228212294699198, -30.570958572447999 ], [ -53.228420199244098, -30.570994455930101 ], [ -53.228817784460801, -30.570962198135199 ], [ -53.2292024155769, -30.570874997888001 ], [ -53.2299373399999, -30.570909946 ], [ -53.231729664493997, -30.571499139754099 ], [ -53.233535256717197, -30.572253282690799 ], [ -53.234343331746501, -30.5728403041024 ], [ -53.2351047260576, -30.573144861826801 ], [ -53.2357718525015, -30.573304392063399 ], [ -53.236240019364899, -30.573340988849299 ], [ -53.2367399109826, -30.573311643437801 ], [ -53.237235437240599, -30.573167231842898 ], [ -53.2385024481747, -30.5723910588042 ], [ -53.2397569359443, -30.571818200227298 ], [ -53.240245950500501, -30.571495174152901 ], [ -53.240724802281598, -30.571085856204299 ], [ -53.240909904472403, -30.570893649992499 ], [ -53.241073060396197, -30.5705274555858 ], [ -53.2411324310198, -30.5704310349611 ], [ -53.241225339258399, -30.570346171226099 ], [ -53.241357223625897, -30.570289633160499 ], [ -53.241490014423597, -30.5702772831693 ], [ -53.241808621681699, -30.570289633160499 ], [ -53.242505206838302, -30.5701068758712 ], [ -53.2427721685143, -30.569956743929801 ], [ -53.242907204901897, -30.569874491976599 ], [ -53.242945727827397, -30.569827811253699 ], [ -53.242972920486501, -30.5697733126492 ], [ -53.243019601204999, -30.569578998470199 ], [ -53.243092568163902, -30.5693998668681 ], [ -53.243202698408297, -30.569263563684199 ], [ -53.243360869016399, -30.569153320138799 ], [ -53.243529010255898, -30.5690904371206 ], [ -53.243704026234802, -30.5690793012587 ], [ -53.2437891533122, -30.569097688494999 ], [ -53.243893845034101, -30.569142443077201 ], [ -53.244089632142597, -30.5692765935034 ], [ -53.244425025639003, -30.569630253633601 ], [ -53.244789842977099, -30.569867240601901 ], [ -53.244978568535899, -30.569958040562501 ], [ -53.245173259399003, -30.5700158937772 ], [ -53.245457240701498, -30.570010621974699 ], [ -53.245760620724603, -30.5699705726873 ], [ -53.245952231236203, -30.569990677301099 ], [ -53.246145901575403, -30.570031564622699 ], [ -53.246297675644598, -30.570085121748001 ], [ -53.246608429496902, -30.570314267812901 ], [ -53.246700126923201, -30.570396930846801 ], [ -53.246716895721498, -30.5704287689063 ], [ -53.246721427831403, -30.570467291833001 ], [ -53.246711910401601, -30.570507627602801 ], [ -53.246692875548803, -30.570541958334601 ], [ -53.246586824193301, -30.570672596370201 ], [ -53.246493462753101, -30.570806633499899 ], [ -53.246479413210203, -30.5708475357773 ], [ -53.246482132476501, -30.5708914972349 ], [ -53.2465064012775, -30.570956620462098 ], [ -53.246602233369003, -30.571085811413901 ], [ -53.246775813138399, -30.571210104496899 ], [ -53.246924919529299, -30.571350486579099 ], [ -53.246967974560697, -30.571420847565399 ], [ -53.246980211253998, -30.571471607185799 ], [ -53.2469825329595, -30.5715279784805 ], [ -53.2469675213488, -30.571576752114499 ], [ -53.246947126859403, -30.571620260361101 ], [ -53.246888662657398, -30.5716804241139 ], [ -53.246830198447299, -30.571724498868001 ], [ -53.246767655343199, -30.571759849318202 ], [ -53.2466239874921, -30.571789194729799 ], [ -53.246599740703999, -30.5717988254552 ], [ -53.246582745296202, -30.5718124217825 ], [ -53.246569375573699, -30.5718319098509 ], [ -53.246562350809803, -30.571854457099299 ], [ -53.246560537961201, -30.571878137362599 ], [ -53.246563710438501, -30.571903063962399 ], [ -53.2465812219722, -30.5719467192941 ], [ -53.246708511319802, -30.572113127213999 ], [ -53.246829292025502, -30.572289199648701 ], [ -53.247043749890103, -30.572657090755001 ], [ -53.247390367119003, -30.572974454528602 ], [ -53.247563267076103, -30.573155059071699 ], [ -53.247717136126099, -30.573330476991 ], [ -53.2477665321655, -30.573373280120101 ], [ -53.247794404634803, -30.573383024154101 ], [ -53.247824089953802, -30.573384497095699 ], [ -53.247991324771597, -30.573368748011099 ], [ -53.248024635771699, -30.573368974616201 ], [ -53.248059759621498, -30.5733772457213 ], [ -53.248086725664997, -30.5733952608484 ], [ -53.248111878870802, -30.573420414053601 ], [ -53.248161278862902, -30.573511396147499 ], [ -53.2481852990365, -30.573619826849399 ], [ -53.248197535734903, -30.573739814440799 ], [ -53.248261286619801, -30.573922240652902 ], [ -53.2483260210198, -30.574010268038901 ], [ -53.248389697156199, -30.574080629037201 ], [ -53.248472861351303, -30.574121757920199 ], [ -53.248567371274298, -30.574150528793702 ], [ -53.248681338365003, -30.574177049649901 ], [ -53.2487993998093, -30.574185773965901 ], [ -53.248990201593898, -30.574141019383699 ], [ -53.249186342459197, -30.574133098969199 ], [ -53.249448397817297, -30.574178522591499 ], [ -53.249577562919598, -30.574238912938 ], [ -53.249632174832001, -30.5742840074222 ], [ -53.249672963812898, -30.574345644104501 ], [ -53.249720777563802, -30.574528967913601 ], [ -53.249705821608103, -30.574765883917099 ], [ -53.249628322540303, -30.574938670566699 ], [ -53.249526436517698, -30.575085362333301 ], [ -53.249407155621398, -30.5752015328884 ], [ -53.249277990519097, -30.575287982873199 ], [ -53.249068153868599, -30.575355624594199 ], [ -53.248881430978102, -30.575382817248101 ], [ -53.248831516837903, -30.575377552315199 ], [ -53.2487846704501, -30.575359930097399 ], [ -53.248698333774698, -30.5753084906606 ], [ -53.248603612700798, -30.575248100314099 ], [ -53.248557730864398, -30.575235219872098 ], [ -53.248510931066797, -30.575234843889199 ], [ -53.248417343017103, -30.5752432282911 ], [ -53.248222915545298, -30.575273480124402 ], [ -53.2480964697003, -30.575315742034999 ], [ -53.247998122939201, -30.575382250740301 ], [ -53.247935126620099, -30.575455330992 ], [ -53.247900786919502, -30.575538112552699 ], [ -53.247873489937803, -30.5756601823186 ], [ -53.247871903698702, -30.575724311660501 ], [ -53.247885726636099, -30.575784702019 ], [ -53.248002201833202, -30.575943892341598 ], [ -53.248043217418598, -30.576014819847099 ], [ -53.248077888057502, -30.576092885430601 ], [ -53.248076528420697, -30.576168684947699 ], [ -53.248064971541801, -30.576200862921301 ], [ -53.2480504283035, -30.5762280783701 ], [ -53.247998576146003, -30.5762720170328 ], [ -53.247936486256798, -30.576303175287901 ], [ -53.2477651725318, -30.576338412429202 ], [ -53.247595671660498, -30.576382940406202 ], [ -53.247431457116903, -30.576459342329901 ], [ -53.247272985500103, -30.576596855950701 ], [ -53.247116174523903, -30.576859604963602 ], [ -53.246982930524503, -30.5771262062812 ], [ -53.246954378233802, -30.5772101635946 ], [ -53.246948523555503, -30.577292997894901 ], [ -53.246958003921002, -30.577353378238801 ], [ -53.246990181898902, -30.577401758508099 ], [ -53.247066774536798, -30.577474838759802 ], [ -53.2471116424149, -30.577502711229801 ], [ -53.247153337822702, -30.577535908934301 ], [ -53.247191860745097, -30.577601737811701 ], [ -53.247213796919397, -30.577690482822 ], [ -53.247190047901498, -30.577848284540899 ], [ -53.247149712135503, -30.577992745520898 ], [ -53.247138976226502, -30.578336661533299 ], [ -53.247327824014903, -30.579047480580801 ], [ -53.247465466522698, -30.579744650935801 ], [ -53.247490526731802, -30.5799941248527 ], [ -53.247451862762198, -30.580272221848102 ], [ -53.247189594694603, -30.5808969209643 ], [ -53.246863282847002, -30.581477030915501 ], [ -53.246573227871401, -30.581973750061302 ], [ -53.246241127913599, -30.582408012536 ], [ -53.245935106925103, -30.582688010438801 ], [ -53.245594949200502, -30.582893921918298 ], [ -53.244554261383101, -30.583292257088299 ], [ -53.243363932176202, -30.5837645627083 ], [ -53.243012803045701, -30.583808347782099 ], [ -53.242691929723797, -30.583795997779202 ], [ -53.242363805037698, -30.583793845033298 ], [ -53.242271803221001, -30.583808007868299 ], [ -53.242230561028201, -30.5838277225421 ], [ -53.2422008104977, -30.5838500113443 ], [ -53.242151249121697, -30.5839049950008 ], [ -53.242120883995597, -30.5839715037059 ], [ -53.2420851785159, -30.584131864291599 ], [ -53.242055621626101, -30.584402960482102 ], [ -53.242091980398897, -30.5846662370849 ], [ -53.242229654611499, -30.584950439248601 ], [ -53.242438876336898, -30.585165750229599 ], [ -53.243288355272497, -30.5856900794365 ], [ -53.244078129701002, -30.586366707377799 ], [ -53.244289044938398, -30.586748780097501 ], [ -53.244370610589598, -30.587165503294099 ], [ -53.244368810056699, -30.587959759620698 ], [ -53.244200563562103, -30.588733762025502 ], [ -53.244006241337203, -30.589134482272001 ], [ -53.243690422472497, -30.589437331605399 ], [ -53.243346366267602, -30.589685586725601 ], [ -53.2429762249512, -30.5898628743 ], [ -53.242105928031798, -30.590026967830099 ], [ -53.241255349013002, -30.590253557345999 ], [ -53.2397521332759, -30.590896760238099 ], [ -53.238922303773002, -30.5916177596423 ], [ -53.238575407831398, -30.592185291598799 ], [ -53.238486983378003, -30.5928012869661 ], [ -53.2388202755536, -30.593899365654 ], [ -53.2394936617914, -30.594896266367002 ], [ -53.2399833972339, -30.596137184559499 ], [ -53.240146642383898, -30.597236113489998 ], [ -53.239706176323601, -30.597314032584499 ], [ -53.239316812879103, -30.597449947625599 ], [ -53.238937530638196, -30.5977273609248 ], [ -53.238527794665004, -30.597916301607199 ], [ -53.237748305238199, -30.598053672772298 ], [ -53.236949758231297, -30.598123333861601 ], [ -53.2354533443755, -30.598569282199598 ], [ -53.234949274723398, -30.598829569832098 ], [ -53.234501081009597, -30.599143616037399 ], [ -53.234028350175798, -30.599735991630901 ], [ -53.233671251508497, -30.600405790116 ], [ -53.2335135025941, -30.6008091950407 ], [ -53.233439987546802, -30.6011977841512 ], [ -53.233498999845303, -30.601701114090801 ], [ -53.233572873217597, -30.601899280551201 ], [ -53.233698459033199, -30.6020790528842 ], [ -53.234062340988899, -30.602386935479 ], [ -53.234456181264903, -30.602658295510299 ], [ -53.2353445142748, -30.6030887071169 ], [ -53.237194625955397, -30.603697900602999 ], [ -53.238582209712497, -30.604340253252499 ], [ -53.239133317746798, -30.6047466913348 ], [ -53.239588888127798, -30.605262333272499 ], [ -53.239829449688301, -30.605827146119001 ], [ -53.239942585946899, -30.606489647702698 ], [ -53.239778690067503, -30.607183153129998 ], [ -53.239507265553797, -30.607779029305998 ], [ -53.239118814998001, -30.608314367534899 ], [ -53.238704643573598, -30.608747872251701 ], [ -53.2382051418248, -30.609068510471602 ], [ -53.237670757637403, -30.6092754431637 ], [ -53.237204452158899, -30.609402073693499 ], [ -53.236691286746797, -30.609468871655899 ], [ -53.236218265241803, -30.6093948223191 ], [ -53.235807042196399, -30.6092754431637 ], [ -53.235326346191698, -30.609061259097199 ], [ -53.234936401404497, -30.608788683538801 ], [ -53.234499689511203, -30.608162088672699 ], [ -53.2336712515066, -30.6066937041379 ], [ -53.233252453116002, -30.606182463464101 ], [ -53.233038084356302, -30.605992681394799 ], [ -53.232787006956201, -30.605847295053199 ], [ -53.232393165250798, -30.605754632375099 ], [ -53.231970781213697, -30.6057278370115 ], [ -53.231552005821499, -30.605809017683001 ], [ -53.231361204028403, -30.605894787840501 ], [ -53.231195366762101, -30.6060105402013 ], [ -53.2309610188086, -30.6063166138903 ], [ -53.230828065176802, -30.6066937041379 ], [ -53.230815991320803, -30.607157773319599 ], [ -53.230868876465799, -30.607629387920198 ], [ -53.231168159235402, -30.608761476014099 ], [ -53.232290750793297, -30.6111439448025 ], [ -53.232650969330798, -30.612271246698601 ], [ -53.2326237618081, -30.613315760579599 ], [ -53.232501935866601, -30.613785529512601 ], [ -53.232412653315102, -30.613945626257699 ], [ -53.2322972715099, -30.6140805470903 ], [ -53.231994339659302, -30.614260494535198 ], [ -53.231685102206399, -30.61436325028 ], [ -53.231396101272097, -30.614401896335799 ], [ -53.231250620569, -30.614388866517402 ], [ -53.231113744186104, -30.614352622337201 ], [ -53.230884879377498, -30.614216986288799 ], [ -53.230705631317697, -30.614009552459098 ], [ -53.230297518445497, -30.6133459439238 ], [ -53.2300360153586, -30.612115560645901 ], [ -53.229685349139999, -30.6108836629396 ], [ -53.229416476063399, -30.610366506487502 ], [ -53.2292854981091, -30.610161315247598 ], [ -53.229135722753099, -30.609979238188298 ], [ -53.2289483092, -30.609853131836001 ], [ -53.2287420982451, -30.6097718937874 ], [ -53.228311369143299, -30.609672928091101 ], [ -53.227806670948702, -30.609677625920401 ], [ -53.227386151753002, -30.609800194188299 ], [ -53.227074282135298, -30.6100039377679 ], [ -53.2268421628103, -30.610325908683599 ], [ -53.226571142, -30.61096938 ], [ -53.226515672513997, -30.611890341353 ], [ -53.226801351525197, -30.614050363746099 ], [ -53.226638106375098, -30.614964791642599 ], [ -53.226202785982103, -30.615682815227299 ], [ -53.224012580242899, -30.617359053815001 ], [ -53.222897490486297, -30.618139979834101 ], [ -53.221659129359502, -30.618539605319398 ], [ -53.2211172780735, -30.618538805425601 ], [ -53.220598035894703, -30.618447354802498 ], [ -53.219552340833197, -30.6181650197313 ], [ -53.2185176603545, -30.6178354221097 ], [ -53.216503303431502, -30.617029587699299 ], [ -53.215428606204199, -30.616433997975701 ], [ -53.215000743775001, -30.6160733381328 ], [ -53.214694003039803, -30.6155875888909 ], [ -53.214471393444498, -30.615029140220599 ], [ -53.214449135315498, -30.614284603525402 ], [ -53.214630923681099, -30.613535357096101 ], [ -53.214672165868301, -30.6131651970889 ], [ -53.2146259842281, -30.612798817610599 ], [ -53.214534389754903, -30.612530701829801 ], [ -53.214362622828702, -30.612317126198501 ], [ -53.214225753131402, -30.612240420248401 ], [ -53.214077553168302, -30.612186261546199 ], [ -53.213782550960701, -30.612135209075198 ], [ -53.213479314780997, -30.612110122115102 ], [ -53.213195151551801, -30.612150344587501 ], [ -53.212935461701697, -30.612280529413301 ], [ -53.212707853737697, -30.612445119789701 ], [ -53.212245221506599, -30.612802968282701 ], [ -53.211864420470299, -30.613291528874399 ], [ -53.211401796018102, -30.6142964114939 ], [ -53.210884949581597, -30.615277678176501 ], [ -53.210642667766301, -30.6155077309304 ], [ -53.210495374219299, -30.615579904760999 ], [ -53.210340799089998, -30.615628400178 ], [ -53.210138244030503, -30.615637915756199 ], [ -53.2099392844504, -30.615616501546199 ], [ -53.209752108344198, -30.6155527121071 ], [ -53.209565384634303, -30.615522545898699 ], [ -53.209148884641898, -30.615562116238301 ], [ -53.208947205786899, -30.6156143487894 ], [ -53.208762762658203, -30.6156964189897 ], [ -53.208622706782897, -30.61580107168 ], [ -53.208528892131497, -30.615942813393801 ], [ -53.208490369200199, -30.616085688124802 ], [ -53.208477083646798, -30.6162435453029 ], [ -53.208499886633902, -30.616559180216999 ], [ -53.208599517510102, -30.616825531264201 ], [ -53.2089748516565, -30.6172480607841 ], [ -53.209361328199101, -30.617563110250199 ], [ -53.210392042134202, -30.618114260110598 ], [ -53.211483515126901, -30.6185940203688 ], [ -53.2155238325428, -30.620920263729399 ], [ -53.2174827743181, -30.622283615783299 ], [ -53.218470526420901, -30.623096294230098 ], [ -53.219360093523498, -30.6239402989696 ], [ -53.219618565006002, -30.624378595184201 ], [ -53.219700187582099, -30.625001392432399 ], [ -53.219594489451502, -30.625481996404499 ], [ -53.2194145085708, -30.625902216566601 ], [ -53.218815943029803, -30.626552221339502 ], [ -53.217929964880298, -30.627247302219999 ], [ -53.216965831349, -30.627806743294698 ], [ -53.215833961004002, -30.628219151768199 ], [ -53.2147076068022, -30.628511163116901 ], [ -53.213047947794102, -30.6286773840846 ], [ -53.211784759232799, -30.628505819525401 ], [ -53.210531251762802, -30.628483955592198 ], [ -53.2090147342157, -30.628774120377798 ], [ -53.206694990782097, -30.629640275391399 ], [ -53.204431412384999, -30.630231306717398 ], [ -53.202517049545897, -30.6308476735406 ], [ -53.201292020489703, -30.631348358286498 ], [ -53.200573297727701, -30.631789669841599 ], [ -53.200124549212902, -30.632182266341399 ], [ -53.1999826941964, -30.632442975906599 ], [ -53.199906713370503, -30.632744909025298 ], [ -53.199924683201203, -30.633081096852901 ], [ -53.2000085272226, -30.633378743115799 ], [ -53.200185732679302, -30.6336322013066 ], [ -53.200382845054797, -30.633857441717801 ], [ -53.201030064583897, -30.634435064414699 ], [ -53.201698097455598, -30.634974045481801 ], [ -53.203130805045902, -30.635928189413601 ], [ -53.203431175934902, -30.6363010469952 ], [ -53.203552521680798, -30.636755043096901 ], [ -53.203344159442302, -30.637838338365999 ], [ -53.202953956135403, -30.638839394555099 ], [ -53.2027713008654, -30.639136334381899 ], [ -53.2026620770337, -30.639253829303001 ], [ -53.202532239505103, -30.639353361704401 ], [ -53.202230620257502, -30.639476809065499 ], [ -53.201922890061702, -30.639556914096602 ], [ -53.201234009494598, -30.639622176466101 ], [ -53.199695811696003, -30.639677808099101 ], [ -53.198149909319099, -30.639779553946301 ], [ -53.195050170216298, -30.6400063422969 ], [ -53.1929619926943, -30.640233780195299 ], [ -53.190904426675303, -30.6406337431936 ], [ -53.189350193792102, -30.6410636096982 ], [ -53.188844583132301, -30.6411246838958 ], [ -53.188363921022201, -30.641226854846298 ], [ -53.188191959437098, -30.64131321963 ], [ -53.188061887914202, -30.641427768689301 ], [ -53.187978043892599, -30.6415851461696 ], [ -53.187935402510902, -30.6417476238768 ], [ -53.187941787020698, -30.641909645173602 ], [ -53.187974871421503, -30.642073141010101 ], [ -53.188091845775403, -30.642328759596101 ], [ -53.188225043838003, -30.642544480345499 ], [ -53.188413074, -30.642693698 ], [ -53.189004566584998, -30.642990439870498 ], [ -53.189656278444801, -30.6431925985049 ], [ -53.191175446787, -30.643470276905401 ], [ -53.1925967161676, -30.643528287900601 ], [ -53.193981728676199, -30.643463025530998 ], [ -53.195134697204303, -30.6433905117871 ], [ -53.196161673108399, -30.643262366410099 ], [ -53.196480280365698, -30.643296470525801 ], [ -53.196791451796201, -30.643366471595701 ], [ -53.196993315103803, -30.643475942041999 ], [ -53.1971723571395, -30.643634720781101 ], [ -53.1974125351908, -30.644009257972399 ], [ -53.197512451198101, -30.644450946521701 ], [ -53.197471639913402, -30.644930904265099 ], [ -53.197423865458298, -30.645063086611799 ], [ -53.197350445292599, -30.645168231540399 ], [ -53.197258896690897, -30.6452670315165 ], [ -53.197158753377202, -30.645341992955199 ], [ -53.196750640509201, -30.645570281095299 ], [ -53.195383462391398, -30.646028982953499 ], [ -53.193907454177101, -30.646287454437999 ], [ -53.192683115568599, -30.646781015943802 ], [ -53.192201516263303, -30.647077835664799 ], [ -53.191751257845702, -30.647396161069 ], [ -53.191589228339197, -30.6475702493073 ], [ -53.191473659564998, -30.647765469906702 ], [ -53.191415195353798, -30.647979951960401 ], [ -53.191390758145999, -30.6482094109898 ], [ -53.1914655017626, -30.6487855343338 ], [ -53.191485984480003, -30.649368706608801 ], [ -53.191336343096602, -30.650154749004901 ], [ -53.1911940284349, -30.650421852286499 ], [ -53.191038577101502, -30.650629762790899 ], [ -53.190824208340999, -30.6507952980676 ], [ -53.190581334284197, -30.650892327991201 ], [ -53.189986674598899, -30.651005587924899 ], [ -53.189399766489302, -30.6510648452544 ], [ -53.1882074777577, -30.651052597319499 ], [ -53.187782710000199, -30.6511446103727 ], [ -53.187602785267899, -30.651219503469399 ], [ -53.187452468945203, -30.651314044623899 ], [ -53.187319981666697, -30.6514388575448 ], [ -53.187231605546501, -30.651594195584899 ], [ -53.187213023894401, -30.651748853800001 ], [ -53.187228006868999, -30.651909634347199 ], [ -53.187382977980697, -30.652505489396201 ], [ -53.187557917394102, -30.6530952300837 ], [ -53.188057836371897, -30.65448074543 ], [ -53.188261892804697, -30.6558985125336 ], [ -53.188180270232998, -30.657303526116198 ], [ -53.188153062705901, -30.658299576587101 ], [ -53.188282298450602, -30.659194449081902 ], [ -53.189179179999897, -30.661401637 ], [ -53.1896245590954, -30.6619926664609 ], [ -53.189907948050603, -30.662615795311201 ], [ -53.189914614071, -30.663007858875599 ], [ -53.189805919830597, -30.663407789347001 ], [ -53.189689821464903, -30.663762001812199 ], [ -53.189459023893299, -30.664071397881902 ], [ -53.189109711513701, -30.664327609014698 ], [ -53.188744826367802, -30.664482486572201 ], [ -53.188464339192898, -30.6647409373549 ], [ -53.188248289044701, -30.665050868770599 ], [ -53.188130775970897, -30.665524085789102 ], [ -53.188125855181198, -30.6659925041923 ], [ -53.188316307856397, -30.666887376687001 ], [ -53.188894467753599, -30.668033068543799 ], [ -53.189218482129498, -30.668453641042898 ], [ -53.189649476563702, -30.6687404641856 ], [ -53.190336466562002, -30.668951322501901 ], [ -53.190880617055697, -30.6690805582442 ], [ -53.191560805172898, -30.669519279579799 ], [ -53.192003009895501, -30.669831402177099 ], [ -53.192125830044098, -30.669938926459 ], [ -53.192206983886599, -30.670084260837601 ], [ -53.192232787816401, -30.670310559396501 ], [ -53.192198797004004, -30.670534785493 ], [ -53.192136707105703, -30.670874353755401 ], [ -53.192036936854898, -30.671178938585701 ], [ -53.1913386027108, -30.672515657027301 ], [ -53.190703768145298, -30.6738724835296 ], [ -53.190424891019603, -30.6755257657749 ], [ -53.190526919234799, -30.67666125481 ], [ -53.190748522125901, -30.677169793060301 ], [ -53.191023456562696, -30.6775663301264 ], [ -53.191357184358701, -30.677781287862501 ], [ -53.191763714540599, -30.6779529414945 ], [ -53.192567483586302, -30.6781848761925 ], [ -53.193438782024799, -30.678301007465301 ], [ -53.194342774574501, -30.678314537055201 ], [ -53.196415017996202, -30.677904561227098 ], [ -53.198396695752699, -30.6777567827992 ], [ -53.199073099926302, -30.677829668129899 ], [ -53.199655043767201, -30.678008027282001 ], [ -53.200233319828797, -30.6782865047165 ], [ -53.200468536280603, -30.678470168429602 ], [ -53.200654920301702, -30.678722649925501 ], [ -53.2007368371331, -30.678952384826601 ], [ -53.2007626701593, -30.6792074292641 ], [ -53.200716137229897, -30.6797765163866 ], [ -53.200530626178796, -30.680324140920199 ], [ -53.200260411193703, -30.680763214277 ], [ -53.198852421788899, -30.6818306845005 ], [ -53.197107977466402, -30.682818613710602 ], [ -53.196107287800501, -30.683195685178902 ], [ -53.195476418228601, -30.683326209917901 ], [ -53.195104585265703, -30.683524778032702 ], [ -53.194707772543197, -30.6838120520021 ], [ -53.1942726900797, -30.6842326317167 ], [ -53.193815853493099, -30.685015780150898 ], [ -53.193240869824699, -30.6857693988193 ], [ -53.191295547676397, -30.687189946134399 ], [ -53.189254967458098, -30.688462943763199 ], [ -53.184071934005402, -30.691061262370798 ], [ -53.182390859924602, -30.692309416454201 ], [ -53.181498487662701, -30.6928412594444 ], [ -53.180623380248903, -30.693475505066299 ], [ -53.180415313619399, -30.693753686291501 ], [ -53.180290088074003, -30.694135712660302 ], [ -53.180270286131602, -30.6944715723562 ], [ -53.180298838412902, -30.694644359007999 ], [ -53.180364908764403, -30.694795070013601 ], [ -53.1805617007346, -30.695005114883902 ], [ -53.180807031043003, -30.695183202360699 ], [ -53.181256473048698, -30.695385245529401 ], [ -53.181752492523401, -30.695475258130799 ], [ -53.183106066878999, -30.695550503943998 ], [ -53.184263527361097, -30.695529026683701 ], [ -53.1854187064774, -30.695632126518099 ], [ -53.186787005649002, -30.696029371516602 ], [ -53.188091845775297, -30.6965635591182 ], [ -53.189267655818199, -30.6966982818705 ], [ -53.190438494782001, -30.696693219980801 ], [ -53.191547201410501, -30.696468332781802 ], [ -53.193070321558501, -30.6957900761617 ], [ -53.193825824126797, -30.6953937432299 ], [ -53.194569996429799, -30.695044430932999 ], [ -53.194808838568697, -30.694979735073598 ], [ -53.195056972095102, -30.694944711399401 ], [ -53.195222166908998, -30.694961606637602 ], [ -53.195382150361503, -30.695000922686699 ], [ -53.195523098946197, -30.6950740029407 ], [ -53.195643199839601, -30.695167704297699 ], [ -53.195784148424302, -30.6953495551675 ], [ -53.195873197835702, -30.6955568807048 ], [ -53.195889293352899, -30.6957230009486 ], [ -53.195882495194397, -30.695892841736701 ], [ -53.1957711696205, -30.696230692061199 ], [ -53.195337735687303, -30.696912906164702 ], [ -53.194866849563802, -30.697584791323401 ], [ -53.1938802466548, -30.6988290106687 ], [ -53.1931388416047, -30.699365934160902 ], [ -53.192735398708898, -30.699482272059999 ], [ -53.1923294177477, -30.699522802548199 ], [ -53.191944998900397, -30.6995402830552 ], [ -53.191519993885898, -30.6994611604973 ], [ -53.190492909831399, -30.698992255816801 ], [ -53.190190166297903, -30.6989311676064 ], [ -53.189968546162902, -30.698911792836899 ], [ -53.189781823272398, -30.698915418524098 ], [ -53.189617307721001, -30.6989311676064 ], [ -53.189466388486402, -30.698975242362799 ], [ -53.189336590032198, -30.699046670866199 ], [ -53.189221654600701, -30.6991565267226 ], [ -53.189124214262499, -30.699279233577101 ], [ -53.1890584986769, -30.6994103248263 ], [ -53.189030505376998, -30.699556386833802 ], [ -53.189050794090598, -30.699878718290499 ], [ -53.189132533597103, -30.700202990665399 ], [ -53.189450526110001, -30.701556165135699 ], [ -53.1898331273553, -30.702889308607901 ], [ -53.190033808532498, -30.703617934816499 ], [ -53.190186825176198, -30.704372118703301 ], [ -53.190175663549098, -30.704696010246799 ], [ -53.190109947963599, -30.704984818889098 ], [ -53.189990300286098, -30.705224114244 ], [ -53.1898348489527, -30.7053848908139 ], [ -53.189465825771997, -30.705650872363499 ], [ -53.188116273222199, -30.706284061238399 ], [ -53.187439998458899, -30.706482050829202 ], [ -53.186794516296402, -30.7067939129977 ], [ -53.186236065436603, -30.7072218169032 ], [ -53.1856486041426, -30.707584447331602 ], [ -53.185003121980003, -30.707889056891499 ], [ -53.1843358819917, -30.708142898191401 ], [ -53.183770178523403, -30.708570802096901 ], [ -53.183330366124402, -30.709155605496999 ], [ -53.182561916385303, -30.710705095194299 ], [ -53.182487095689901, -30.711663735319298 ], [ -53.182697954008702, -30.712555206872999 ], [ -53.182830021291501, -30.7129371972417 ], [ -53.183031246183603, -30.713255375513398 ], [ -53.183290483565301, -30.713531809941699 ], [ -53.183609406085701, -30.713738734196799 ], [ -53.184617485078803, -30.714068411646601 ], [ -53.185663574199502, -30.714255677165902 ], [ -53.188333361237902, -30.714505873464098 ], [ -53.191023456562696, -30.714582167462101 ], [ -53.192039266767502, -30.714623141787499 ], [ -53.192538705172502, -30.714664270673101 ], [ -53.193007325248601, -30.714750040839299 ], [ -53.1932026591412, -30.7148122440321 ], [ -53.193369893968203, -30.714938576573498 ], [ -53.193503591178398, -30.715091421946099 ], [ -53.193556163642697, -30.715176625595198 ], [ -53.193580963883299, -30.715289563103902 ], [ -53.193557976486296, -30.715385102608899 ], [ -53.193507216865598, -30.715479370476 ], [ -53.193383709326902, -30.715636033923499 ], [ -53.192941587050697, -30.716050948675001 ], [ -53.1922886064607, -30.716418675378399 ], [ -53.1909486358674, -30.717132447781299 ], [ -53.189867136763603, -30.718146353196001 ], [ -53.189268571220502, -30.7195067294303 ], [ -53.1892821749828, -30.720921520714001 ], [ -53.1894142692381, -30.7217113602543 ], [ -53.189663080328401, -30.7223227082353 ], [ -53.189950870943001, -30.722661290299399 ], [ -53.190302457156101, -30.722907244896 ], [ -53.190690511130903, -30.723132629634801 ], [ -53.191077871612102, -30.723274971599398 ], [ -53.191640441175998, -30.7233864277385 ], [ -53.192213785765297, -30.7233561690533 ], [ -53.193376907448098, -30.7231389339759 ], [ -53.195323686150502, -30.722353673398398 ], [ -53.197151951495897, -30.721431236681699 ], [ -53.1978693717775, -30.7208992063225 ], [ -53.198587148423101, -30.720465369555399 ], [ -53.198891815566597, -30.720348101868801 ], [ -53.199226525255703, -30.7203229551709 ], [ -53.1997112208727, -30.7204351183615 ], [ -53.200090364162101, -30.720649020347 ], [ -53.200436358311798, -30.721000725564 ], [ -53.200722939113398, -30.721492878732398 ], [ -53.201178665149499, -30.7223018774717 ], [ -53.2013427801106, -30.722683044422599 ], [ -53.201443938517599, -30.723166141500599 ], [ -53.201422092012997, -30.7237676914046 ], [ -53.2013065232386, -30.724376240342799 ], [ -53.200889115995302, -30.72513094979 ], [ -53.200382845052403, -30.725818450037401 ], [ -53.200236945515996, -30.726522647162401 ], [ -53.200241930830998, -30.726820520023001 ], [ -53.200289064764497, -30.7270924465627 ], [ -53.200394209693201, -30.727295485045602 ], [ -53.200544675711797, -30.727445951064201 ], [ -53.200729585758801, -30.7275583473673 ], [ -53.200952565521298, -30.727629048267602 ], [ -53.2011361159404, -30.727632107444101 ], [ -53.201581622249698, -30.727525716182502 ], [ -53.201948269872197, -30.7273493038429 ], [ -53.202239758612301, -30.727144816865898 ], [ -53.202970713661301, -30.7264428820441 ], [ -53.203779241905799, -30.725866397779999 ], [ -53.204457171874303, -30.725464752216499 ], [ -53.204917707685098, -30.7252319025209 ], [ -53.205181929634598, -30.7251925864723 ], [ -53.205429840884101, -30.7252203096144 ], [ -53.205595257974899, -30.725268725903401 ], [ -53.2057407386785, -30.7253551758855 ], [ -53.206001198900204, -30.725573582315299 ], [ -53.206719674221198, -30.726330485740998 ], [ -53.207320763847498, -30.7270904018166 ], [ -53.207589839148, -30.727287667160599 ], [ -53.207919329392901, -30.727383307827001 ], [ -53.208688422368198, -30.727414566212399 ], [ -53.2094565545354, -30.727274052608202 ], [ -53.210914360772698, -30.7274222685095 ], [ -53.2109325627519, -30.727424119114001 ], [ -53.2109390273909, -30.727433221098799 ], [ -53.211090595688901, -30.727438926501801 ], [ -53.211456307599903, -30.727471307162201 ], [ -53.212007259977099, -30.7276009680245 ], [ -53.212435778488597, -30.7278454106266 ], [ -53.212741863143599, -30.728213137329899 ], [ -53.212918712051803, -30.7286820420107 ], [ -53.212948604822699, -30.7288938465881 ], [ -53.212932315816403, -30.729110985644599 ], [ -53.212781823211699, -30.729492084975298 ], [ -53.212571816112003, -30.729811154285201 ], [ -53.212020863739397, -30.730362531780202 ], [ -53.211191034234197, -30.730770219530399 ], [ -53.210333997208899, -30.731035918016101 ], [ -53.209742233544603, -30.731355181311201 ], [ -53.2092592999837, -30.731797728707399 ], [ -53.208572309983097, -30.732756368832501 ], [ -53.208205008399801, -30.733593000216601 ], [ -53.2080430500475, -30.734002439846201 ], [ -53.208000951967001, -30.734484471770099 ], [ -53.208082932606601, -30.734887107521899 ], [ -53.208273027211497, -30.735211847935499 ], [ -53.209036488339002, -30.736112589793901 ], [ -53.209844261764502, -30.736810715130801 ], [ -53.210333997206497, -30.737061959614199 ], [ -53.210918958989602, -30.7371780167141 ], [ -53.211463109481002, -30.737415657435101 ], [ -53.211980052452397, -30.737790186019499 ], [ -53.212340552152199, -30.738177468126299 ], [ -53.212634093, -30.738712258 ], [ -53.213000334625796, -30.740347268220098 ], [ -53.213598900171199, -30.742048163632901 ], [ -53.215340181751102, -30.745095406397802 ], [ -53.21565608673, -30.745881437424998 ], [ -53.215884332244897, -30.746809480452999 ], [ -53.215764857345803, -30.748085855239701 ], [ -53.215571445710999, -30.749285365199501 ], [ -53.215551040065201, -30.750529684334001 ], [ -53.2156995949763, -30.7511459352326 ], [ -53.215891134123801, -30.7516315890838 ], [ -53.216094794880597, -30.751878324046 ], [ -53.216349499411798, -30.752080116201899 ], [ -53.216748171151401, -30.752624663734899 ], [ -53.216860721306404, -30.7529756609391 ], [ -53.216870605012502, -30.753400078188498 ], [ -53.216708442444201, -30.754030735912899 ], [ -53.215884332244897, -30.755774359837201 ], [ -53.215170134721802, -30.7585699329987 ], [ -53.2149252669997, -30.760406440914998 ], [ -53.214830040663301, -30.762378986454799 ], [ -53.215054502739697, -30.7631199663827 ], [ -53.215024310742002, -30.7636569354164 ], [ -53.215047700858499, -30.7639089845987 ], [ -53.215085947424299, -30.763983247263901 ], [ -53.215211940054303, -30.764095643567 ], [ -53.215255158236502, -30.764167881202901 ], [ -53.215266325362201, -30.764237045367601 ], [ -53.215231881328101, -30.764425014585498 ], [ -53.215217747890101, -30.764613404419599 ], [ -53.215329978929397, -30.765365012289099 ], [ -53.215377592097603, -30.766154030505 ], [ -53.2155986532334, -30.766758972809601 ], [ -53.215965954816603, -30.767350736471499 ], [ -53.216075760028602, -30.767523730810101 ], [ -53.2161666103135, -30.767725265055599 ], [ -53.216197220549603, -30.767831914221698 ], [ -53.216189969169498, -30.767881200904501 ], [ -53.216170011251798, -30.7679254954305 ], [ -53.216079385715801, -30.768062145358599 ], [ -53.216038596729099, -30.7681413439607 ], [ -53.216016968927697, -30.768228604262301 ], [ -53.216037690313001, -30.7684301526089 ], [ -53.216098591499502, -30.768581876963601 ], [ -53.216193594862403, -30.768727458958999 ], [ -53.216309449818098, -30.768840773567799 ], [ -53.216599671828298, -30.768986695593401 ], [ -53.216935222885901, -30.769085641290001 ], [ -53.217354742363099, -30.7691706529199 ], [ -53.217761651445997, -30.769296074486601 ], [ -53.217818809142003, -30.7693351014698 ], [ -53.217870475190303, -30.769396398246499 ], [ -53.217920328383499, -30.769429369336901 ], [ -53.217982712584003, -30.769435513050599 ], [ -53.218122460450303, -30.7694109009953 ], [ -53.218288797238998, -30.769405329704998 ], [ -53.218544853008602, -30.769448970710801 ], [ -53.218710513871699, -30.769527763566099 ], [ -53.218768739187198, -30.7695852738863 ], [ -53.218800463950203, -30.769656881208402 ], [ -53.218833095140603, -30.769711833032499 ], [ -53.218869352006898, -30.769733927061299 ], [ -53.218917971245098, -30.769744998643901 ], [ -53.2189645262958, -30.769741178435702 ], [ -53.218998063908003, -30.769710020188899 ], [ -53.219038852883301, -30.769641472037801 ], [ -53.219083267557103, -30.769572244075501 ], [ -53.2191313079068, -30.7695426720617 ], [ -53.219182067527498, -30.769539046374501 ], [ -53.219225575773798, -30.769550829857899 ], [ -53.219280867509198, -30.7695776826063 ], [ -53.2193415977641, -30.7696469105686 ], [ -53.2193950766559, -30.769735399999199 ], [ -53.219462151863297, -30.769769277511401 ], [ -53.219533541491202, -30.7697722061686 ], [ -53.219579986697198, -30.7697520554973 ], [ -53.2196071793568, -30.769710020188899 ], [ -53.219641623379502, -30.769594338104302 ], [ -53.2196651514802, -30.769537362940699 ], [ -53.219697821536698, -30.769487040426402 ], [ -53.219759458213296, -30.769440246398499 ], [ -53.219832824264998, -30.769405329704998 ], [ -53.219930771933299, -30.7693940188867 ], [ -53.2200259462278, -30.7694145266825 ], [ -53.220183121143101, -30.7694933290406 ], [ -53.220576144254103, -30.769745710544701 ], [ -53.220995945943102, -30.769952456019698 ], [ -53.221295228716897, -30.770024300891599 ], [ -53.221506087030903, -30.770023875772001 ], [ -53.222001945749298, -30.769891304548601 ], [ -53.2225093645038, -30.769826621218002 ], [ -53.222631908893902, -30.769836352724599 ], [ -53.222750650155099, -30.769860486207499 ], [ -53.2228150060972, -30.769888018767102 ], [ -53.222873265148699, -30.769929074555201 ], [ -53.222910180386101, -30.769975035259801 ], [ -53.222928308827697, -30.770025454974899 ], [ -53.222923776713102, -30.7701526939323 ], [ -53.2228965840591, -30.770244242534002 ], [ -53.222849450125601, -30.770324914074099 ], [ -53.222772404272703, -30.770385644334599 ], [ -53.222726658872098, -30.770423994338099 ], [ -53.222692639160002, -30.770467788812699 ], [ -53.222662291970998, -30.7705554478684 ], [ -53.2226420011866, -30.7706496488398 ], [ -53.222635534581102, -30.770711049760401 ], [ -53.222640066695597, -30.770777785067899 ], [ -53.222664540078597, -30.770827071750698 ], [ -53.222692639160002, -30.770866614404198 ], [ -53.222738866666099, -30.7708995854946 ], [ -53.2227905327142, -30.7709228125557 ], [ -53.222842198751202, -30.770934935944702 ], [ -53.2228970717306, -30.770938728789599 ], [ -53.223154007849999, -30.770909556134399 ], [ -53.223406899537402, -30.770897432745301 ], [ -53.223674293962503, -30.7709240588832 ], [ -53.223967068203599, -30.7709657542859 ], [ -53.224059523232597, -30.770984449238 ], [ -53.224099405786198, -30.7710065432669 ], [ -53.224124811284199, -30.771037781186202 ], [ -53.2241927672315, -30.771195079001 ], [ -53.224248058966701, -30.771372397767902 ], [ -53.224393485588301, -30.771612115025501 ], [ -53.224519985506397, -30.771727715112998 ], [ -53.2245905792741, -30.7717793255643 ], [ -53.224668961778001, -30.7717995918774 ], [ -53.224722117562003, -30.7718023816062 ], [ -53.224773783610097, -30.771789351795402 ], [ -53.224822730381703, -30.7717588733599 ], [ -53.224869617270301, -30.771717544183701 ], [ -53.224905161170803, -30.7716487786101 ], [ -53.224933313846599, -30.7715663720329 ], [ -53.225029461480098, -30.771439092175299 ], [ -53.225129100955201, -30.7713633335499 ], [ -53.225274329199998, -30.771306030372799 ], [ -53.225435471523198, -30.7712799427444 ], [ -53.225517049479599, -30.771287534024498 ], [ -53.225594017617297, -30.771316658314198 ], [ -53.225705585219202, -30.771405028952699 ], [ -53.225791272169097, -30.771540695273199 ], [ -53.225937512614301, -30.7719624119059 ], [ -53.226006517256501, -30.772064904022201 ], [ -53.226090554940598, -30.772169869281601 ], [ -53.226127977777502, -30.772315076438701 ], [ -53.2261597025349, -30.772508484187501 ], [ -53.226197938648099, -30.772574392778601 ], [ -53.226253970401999, -30.772626319021398 ], [ -53.2263926529427, -30.772733843309702 ], [ -53.226621101672002, -30.7728670621017 ], [ -53.226728029008299, -30.772906063451501 ], [ -53.226852365634102, -30.7729151003896 ], [ -53.226983639950099, -30.772906403357201 ], [ -53.2270996619458, -30.772862555205201 ], [ -53.227322641708298, -30.7727211534045 ], [ -53.227456792129097, -30.772684330016499 ], [ -53.2276209782043, -30.772680010369498 ], [ -53.2279408213697, -30.772689768547298 ], [ -53.228263755975, -30.7727106188348 ], [ -53.2284185056631, -30.772683083689 ], [ -53.228546034045799, -30.772629421380302 ], [ -53.228616105615203, -30.772591535087301 ], [ -53.228643298263798, -30.772564682339102 ], [ -53.228661666023498, -30.772526968043099 ], [ -53.228688619359197, -30.772406625040301 ], [ -53.228733085775801, -30.772305906905 ], [ -53.228760226675803, -30.772266469567199 ], [ -53.228800109240403, -30.7722380305858 ], [ -53.2288229963847, -30.772230892511502 ], [ -53.228845430324903, -30.772226587008099 ], [ -53.228869450501897, -30.772225453980798 ], [ -53.228892929985498, -30.7722281103912 ], [ -53.228924742232302, -30.772242449389601 ], [ -53.228957826633398, -30.7722652232397 ], [ -53.229022165725603, -30.772343317251501 ], [ -53.2290511880732, -30.7724078713679 ], [ -53.229065690827497, -30.772486390158601 ], [ -53.229067956876499, -30.7725615098628 ], [ -53.229078833938097, -30.7726249593887 ], [ -53.229099681639497, -30.772677531852999 ], [ -53.229128687136999, -30.772721946521099 ], [ -53.2291762742815, -30.772754124494998 ], [ -53.229220235738701, -30.772769080454701 ], [ -53.229258758670603, -30.772773725868898 ], [ -53.229296375169803, -30.772772252930999 ], [ -53.229331651318901, -30.772761632943499 ], [ -53.229408318267403, -30.772717527717301 ], [ -53.229459077882701, -30.7726929410236 ], [ -53.22951190117, -30.772676609428899 ], [ -53.229541562266398, -30.772676172220301 ], [ -53.229571474191197, -30.7726821772672 ], [ -53.229598666839699, -30.772692487812702 ], [ -53.229620731270899, -30.772711043954398 ], [ -53.229656677834797, -30.772762735502099 ], [ -53.229688402603202, -30.772819046958801 ], [ -53.229769074143299, -30.7730556230483 ], [ -53.229838391466203, -30.773431618238899 ], [ -53.229797173219097, -30.7738097659849 ], [ -53.229783576892103, -30.7739402907239 ], [ -53.229789921839298, -30.773974621447199 ], [ -53.229804382062497, -30.774003401377001 ], [ -53.229816887887097, -30.774015183822499 ], [ -53.229831164031097, -30.774023115013399 ], [ -53.229872406228402, -30.774031839325598 ], [ -53.2299929603276, -30.774029120060199 ], [ -53.230128923597498, -30.774007365937099 ], [ -53.230181496056403, -30.774005439788301 ], [ -53.230226098693002, -30.774013179079098 ], [ -53.230271911630098, -30.774035125102099 ], [ -53.230313833644402, -30.774066283353999 ], [ -53.230467018923001, -30.774209384692998 ], [ -53.230729437899697, -30.774326065613 ], [ -53.230975521557603, -30.774364496125798 ], [ -53.231219173344101, -30.774343070315901 ], [ -53.231361657243902, -30.774366308969402 ], [ -53.231420574655402, -30.7743888562092 ], [ -53.231470842949598, -30.774431919890802 ], [ -53.231497393902202, -30.774485616736101 ], [ -53.231513936106097, -30.774543967642 ], [ -53.231545663640297, -30.774717173780399 ], [ -53.231584637006399, -30.7747941400584 ], [ -53.231605484702399, -30.7748221258291 ], [ -53.231621347083198, -30.7748341359178 ], [ -53.231640889978799, -30.774840032761102 ], [ -53.2317251323798, -30.774844786374 ], [ -53.231813055299703, -30.7748376483048 ], [ -53.231967380272998, -30.774870216106699 ], [ -53.2320432864366, -30.774908349205099 ], [ -53.232123823541997, -30.774962466622199 ], [ -53.232360534066203, -30.7751947784935 ], [ -53.2325795495805, -30.775486211472401 ], [ -53.233048879379297, -30.776165974469901 ], [ -53.233783482547899, -30.7769146065184 ], [ -53.2339685263373, -30.777255981663998 ], [ -53.2340208721902, -30.777310027061301 ], [ -53.234075963438301, -30.777349926913399 ], [ -53.234099730886697, -30.777356027967599 ], [ -53.234128056568501, -30.777354668335001 ], [ -53.234169298759703, -30.7773428848515 ], [ -53.234205102420802, -30.777324303204701 ], [ -53.234246010465498, -30.777295086744399 ], [ -53.234363726241597, -30.777159900953301 ], [ -53.234480654648301, -30.777094525278699 ], [ -53.234535039956199, -30.7770845546389 ], [ -53.234592144529501, -30.7770863674825 ], [ -53.234699102301803, -30.7771253436199 ], [ -53.234747142657099, -30.777158881226399 ], [ -53.234787931643403, -30.7772052220433 ], [ -53.234810138971497, -30.777266518815001 ], [ -53.234824170365002, -30.777332497090899 ], [ -53.234885387295598, -30.777686194911801 ], [ -53.235087050837002, -30.778305618107002 ], [ -53.235388726504397, -30.778893953939399 ], [ -53.235511160363401, -30.779080580552002 ], [ -53.235701613038302, -30.779213642354399 ], [ -53.235738541499003, -30.779233000907599 ], [ -53.235777744247699, -30.779248296777801 ], [ -53.235800857997603, -30.7792511293435 ], [ -53.235823518543299, -30.7792486366837 ], [ -53.235868259124899, -30.7792404247595 ], [ -53.236009788228202, -30.7791939114699 ], [ -53.236157339076797, -30.7791864348298 ], [ -53.236261773488302, -30.779201162844299 ], [ -53.236361395509803, -30.779233622878401 ], [ -53.236462545911401, -30.779290785297299 ], [ -53.236551848184703, -30.779356481859001 ], [ -53.236635219269402, -30.779480340758301 ], [ -53.236684484865499, -30.779651938570399 ], [ -53.236728697095202, -30.780267933935999 ], [ -53.236919835714197, -30.780687694594398 ], [ -53.237150413727797, -30.781097763439 ], [ -53.237224393438602, -30.781195290801701 ], [ -53.237310257933302, -30.781274187229901 ], [ -53.237353558539702, -30.781302135268898 ], [ -53.237407490641999, -30.781322189853501 ], [ -53.237510913429901, -30.781329027398801 ], [ -53.2376558502149, -30.7813058742612 ], [ -53.237786389615302, -30.781240177823999 ], [ -53.238040173057598, -30.781008567911101 ], [ -53.238340742930802, -30.780791253666699 ], [ -53.238599214417398, -30.7806896505687 ], [ -53.238881492483898, -30.780662017924399 ], [ -53.239721333899702, -30.780691874918698 ], [ -53.2408355778851, -30.7804737790498 ], [ -53.2411174610491, -30.7804307810102 ], [ -53.241401589458, -30.780413749261601 ], [ -53.241664047409301, -30.7804502120831 ], [ -53.241781981309202, -30.780490615030899 ], [ -53.241891324904401, -30.7805400091829 ], [ -53.241927589541397, -30.7805541106794 ], [ -53.241959540915701, -30.780571672604101 ], [ -53.241971324393198, -30.780581983149698 ], [ -53.2419785757683, -30.780597392320299 ], [ -53.241983107876599, -30.7806173335998 ], [ -53.241983150298203, -30.7806348103997 ], [ -53.241950023480896, -30.780790460163399 ], [ -53.241928722574499, -30.780957808290399 ], [ -53.241945739953799, -30.7812950179929 ], [ -53.241979935400899, -30.781372836169201 ], [ -53.242030241816003, -30.781425521938601 ], [ -53.2421770039116, -30.781505451189702 ], [ -53.242674254498901, -30.781693709485999 ], [ -53.243163276683497, -30.781907187298401 ], [ -53.244251577671001, -30.7826213848214 ], [ -53.244965775192, -30.782838619899302 ], [ -53.245707180241702, -30.782866252543599 ], [ -53.247074358355199, -30.782879431186402 ], [ -53.247666122019098, -30.782723413039001 ], [ -53.247938197263998, -30.782586950296 ], [ -53.248085139432099, -30.782484222599599 ], [ -53.248201614628101, -30.7823590230864 ], [ -53.248319449462002, -30.782270193750101 ], [ -53.248444535670203, -30.7822139955986 ], [ -53.248584375977302, -30.782186064426401 ], [ -53.248716462209899, -30.782183177257401 ], [ -53.248850159430297, -30.7822086703728 ], [ -53.2489575704084, -30.782266568062902 ], [ -53.249060507657298, -30.782342082573798 ], [ -53.249328750140101, -30.782556736343501 ], [ -53.249557044984797, -30.782825441256499 ], [ -53.250083346282501, -30.783231000856901 ], [ -53.2505909309209, -30.7836820531646 ], [ -53.250818907577298, -30.783858358046601 ], [ -53.250937195616999, -30.783899940144401 ], [ -53.251067062604903, -30.783913742244 ], [ -53.251521837676599, -30.783875919966601 ], [ -53.2519791274798, -30.783865609420999 ], [ -53.252862759234198, -30.783968157293401 ], [ -53.253668697712797, -30.784293440510101 ], [ -53.254495210715397, -30.7845123077871 ], [ -53.254774532307401, -30.784500104680198 ], [ -53.2550597668507, -30.784423458212299 ], [ -53.255726728402102, -30.784151925404501 ], [ -53.256392935560299, -30.783852100193901 ], [ -53.256659889648901, -30.783774967241101 ], [ -53.256943887937098, -30.783791308382899 ], [ -53.257064606977202, -30.7838238007133 ], [ -53.257163860169001, -30.783890989231399 ], [ -53.257297585756099, -30.784056156629099 ], [ -53.257561326122897, -30.784394846446599 ], [ -53.257780226992203, -30.784768405532599 ], [ -53.258202235951998, -30.785579778011499 ], [ -53.258461856184901, -30.785866988752801 ], [ -53.258601898347997, -30.785950266253401 ], [ -53.258780395853499, -30.786008721644802 ], [ -53.259295764239901, -30.786048273112598 ], [ -53.259814281789701, -30.785933475832401 ], [ -53.260795439101202, -30.785536937913101 ], [ -53.261814034856002, -30.785206099666599 ], [ -53.263304414640302, -30.784862560094801 ], [ -53.264766051284397, -30.784634741648201 ], [ -53.265241891240102, -30.7844275909363 ], [ -53.265670701478399, -30.784096967916099 ], [ -53.266025039674297, -30.783615437004499 ], [ -53.266480125339697, -30.7832471578892 ], [ -53.266721171615799, -30.7831513490435 ], [ -53.266956257019899, -30.783110695146199 ], [ -53.267355666874899, -30.783104215110001 ], [ -53.267718067712899, -30.783043101453998 ], [ -53.2680590501908, -30.782890299565501 ], [ -53.268377850184798, -30.782661770988899 ], [ -53.2689968213732, -30.782458139673299 ], [ -53.269513764340402, -30.782362488217299 ], [ -53.2708877443389, -30.782335705812201 ], [ -53.271989649088603, -30.782498950960299 ], [ -53.2727922710652, -30.782450912672498 ], [ -53.273526874233397, -30.782186064426401 ], [ -53.273900977696201, -30.782001988515201 ], [ -53.274052311124599, -30.781840663122399 ], [ -53.274166251063498, -30.781655517695 ], [ -53.274344632150097, -30.781138979345201 ], [ -53.274492832118902, -30.7805970524145 ], [ -53.274717203436701, -30.779430877432301 ], [ -53.2748807806488, -30.7790452582949 ], [ -53.2751389200711, -30.778683095623101 ], [ -53.275791900661901, -30.778206538821401 ], [ -53.278349407984102, -30.776860191469101 ], [ -53.279682576691997, -30.7763428233804 ], [ -53.280988537877001, -30.775921106747798 ], [ -53.281831971144001, -30.775561032165299 ], [ -53.2883277676628, -30.7666029546623 ], [ -53.288562432563197, -30.7671164966908 ], [ -53.288729078650299, -30.767439160926699 ], [ -53.2888269864454, -30.767557268416699 ], [ -53.288939936968298, -30.767636840600399 ], [ -53.289106164359403, -30.767684167468499 ], [ -53.289193634058599, -30.767682241319701 ], [ -53.289276630084601, -30.767663623005401 ], [ -53.289483235827703, -30.767577209696299 ], [ -53.2897017476595, -30.767534812382898 ], [ -53.289865745826802, -30.767544578511501 ], [ -53.290024837013497, -30.767595604193701 ], [ -53.290320718846097, -30.767745670699199 ], [ -53.290562185626101, -30.767932297311599 ], [ -53.290756039241103, -30.768180991094201 ], [ -53.291116607909203, -30.7689096497405 ], [ -53.291272982208497, -30.769636168545102 ], [ -53.291332336297302, -30.769848702724101 ], [ -53.291409019833502, -30.769990291485801 ], [ -53.291451530759602, -30.770024435247901 ], [ -53.291497305064702, -30.770042676989 ], [ -53.291609675326498, -30.7700544842372 ], [ -53.291749290324802, -30.770057179737801 ], [ -53.2918888792818, -30.770031799927501 ], [ -53.291958673755403, -30.770003587546402 ], [ -53.292026655395198, -30.769966537557899 ], [ -53.292073789323901, -30.769917477475499 ], [ -53.2921123122509, -30.7698621857459 ], [ -53.292180747101, -30.7696637926771 ], [ -53.292269457800202, -30.7694967299811 ], [ -53.292296315875497, -30.769461547310701 ], [ -53.292327587432403, -30.7694335615402 ], [ -53.292373361728998, -30.769411694111898 ], [ -53.292422500128097, -30.769398527823899 ], [ -53.292472614915397, -30.769400817050201 ], [ -53.292521561697399, -30.7694099945735 ], [ -53.292616353739902, -30.7694525177535 ], [ -53.2928247597848, -30.769621077547399 ], [ -53.293043660653503, -30.7697689376058 ], [ -53.293497197353197, -30.770037904654 ], [ -53.293586154095799, -30.770144989347099 ], [ -53.293650963258699, -30.770267469595201 ], [ -53.293693111868102, -30.7704078516688 ], [ -53.293755668837697, -30.7705276400984 ], [ -53.293983531855403, -30.7707414742355 ], [ -53.2942328860535, -30.7709599758495 ], [ -53.294490272004303, -30.771126205641401 ], [ -53.294602706147401, -30.771168452863201 ], [ -53.294745342546697, -30.771176794630499 ], [ -53.295014221644102, -30.7711521372708 ], [ -53.295211271408498, -30.7711738188097 ], [ -53.295374977519998, -30.771240966607099 ], [ -53.295513955119098, -30.771353643541001 ], [ -53.295668658182898, -30.771534647269899 ], [ -53.295782629426903, -30.771738374946899 ], [ -53.295940584722501, -30.7719244086434 ], [ -53.296071709375099, -30.772183473043899 ], [ -53.296106006696597, -30.772345781474701 ], [ -53.296110085594101, -30.772442315396098 ], [ -53.296096489271903, -30.772529898405001 ], [ -53.295969590220103, -30.772758316698301 ], [ -53.295952167993697, -30.772814635437499 ], [ -53.295946476460003, -30.772866067587199 ], [ -53.295951461779303, -30.7729163739969 ], [ -53.295960327178399, -30.7729411027994 ], [ -53.2959730820997, -30.772962713557799 ], [ -53.296032399975999, -30.773019068341501 ], [ -53.296100114959103, -30.773070125797101 ], [ -53.296550153378, -30.7733210913302 ], [ -53.297027373679803, -30.773547250218801 ], [ -53.297955830459699, -30.773815924525099 ], [ -53.298693834566798, -30.774070995069 ], [ -53.299033928626898, -30.7742890803862 ], [ -53.299515161718297, -30.7745590300431 ], [ -53.300020201396798, -30.774778815830601 ], [ -53.300215755479002, -30.7749450367996 ], [ -53.3003675487832, -30.775160674370799 ], [ -53.300501434488197, -30.775387159075802 ], [ -53.300529345074899, -30.7754502761357 ], [ -53.3005515524084, -30.7754774687895 ], [ -53.300579651488803, -30.775493897687099 ], [ -53.300673181989197, -30.775499815234799 ], [ -53.300717880808499, -30.775496050436399 ], [ -53.300760482633599, -30.775487439429401 ], [ -53.300799458770399, -30.775472030258701 ], [ -53.300837075279702, -30.77544495091 ], [ -53.300915480761198, -30.775353289003199 ], [ -53.300963974326898, -30.775307967913101 ], [ -53.301014976516598, -30.7752681261553 ], [ -53.301044645867002, -30.775255395448799 ], [ -53.301075917419602, -30.775248144074499 ], [ -53.3011416330041, -30.775249163801501 ], [ -53.301176530238699, -30.775254035816101 ], [ -53.301207348580498, -30.7752644596669 ], [ -53.301235900866502, -30.7752803220483 ], [ -53.301258143769999, -30.7753025606808 ], [ -53.301279862323803, -30.7753505697377 ], [ -53.301348750380498, -30.775575362343801 ], [ -53.301469757695301, -30.775827460909099 ], [ -53.3018090961449, -30.7762888334507 ], [ -53.302062466217102, -30.776907379517599 ], [ -53.302069268098201, -30.777798425951101 ], [ -53.302407661688001, -30.7787783219595 ], [ -53.303266399184402, -30.780009037331901 ], [ -53.303563138835599, -30.780313229086399 ], [ -53.304012905644498, -30.780574018588801 ], [ -53.304313656085, -30.780654043682802 ], [ -53.304633169773197, -30.780682256063599 ], [ -53.305361479683903, -30.780613254701699 ], [ -53.306094321712798, -30.780602490945299 ], [ -53.306333163852898, -30.780634102403202 ], [ -53.306551158299499, -30.780627870755598 ], [ -53.306766433472703, -30.780550711597702 ], [ -53.306932613135999, -30.780417150202201 ], [ -53.307165259064199, -30.7801410089447 ], [ -53.307359686543997, -30.779851973695902 ], [ -53.307701225708399, -30.7791996134725 ], [ -53.307858218533298, -30.778891166589101 ], [ -53.307896741455899, -30.778834855132502 ], [ -53.307941609338798, -30.778789647347601 ], [ -53.307987383635798, -30.778766873497599 ], [ -53.308039619298, -30.778751114434801 ], [ -53.308102499204203, -30.778750557905301 ], [ -53.3081790918501, -30.778764267537301 ], [ -53.308247526692, -30.7788022239478 ], [ -53.308309616589199, -30.7788530968736 ], [ -53.308497045805403, -30.779097585254899 ], [ -53.308695752275497, -30.7796743150233 ], [ -53.308818572424698, -30.779901713589599 ], [ -53.308951071374999, -30.7801114906691 ], [ -53.308990792566497, -30.780141008944501 ], [ -53.309042458609603, -30.7801591373806 ], [ -53.309096843916898, -30.780161856645901 ], [ -53.309147150331299, -30.780147467202301 ], [ -53.309354082833103, -30.780049848618901 ], [ -53.3095586658279, -30.779913610378198 ], [ -53.309721384416299, -30.779730160203901 ], [ -53.309845548323402, -30.7796606053913 ], [ -53.309993748291397, -30.7796090526538 ], [ -53.310379466421097, -30.779553736413 ], [ -53.311510279164501, -30.7795669150557 ], [ -53.312569672158297, -30.779349679977901 ], [ -53.313957255917302, -30.778587869286699 ], [ -53.314897615988002, -30.778335774563701 ], [ -53.315870987234902, -30.7782711740787 ], [ -53.316800442247001, -30.778098133842299 ], [ -53.317680205145301, -30.777593170573201 ], [ -53.3185230186524, -30.777036615259899 ], [ -53.319264630449702, -30.776799145077401 ], [ -53.3200653452094, -30.776696946321 ], [ -53.320411816034202, -30.776674840212898 ], [ -53.320602509024702, -30.776694000148801 ], [ -53.320788045082601, -30.776737332488299 ], [ -53.321014024521403, -30.776884348726501 ], [ -53.321194032369, -30.777055745558499 ], [ -53.321358464805002, -30.777321244033601 ], [ -53.321493740255399, -30.7776220021603 ], [ -53.321591942417498, -30.777814155309098 ], [ -53.321617874585499, -30.778050095554502 ], [ -53.321540655582901, -30.778435123119301 ], [ -53.321438900091103, -30.778807229960101 ], [ -53.321441855610402, -30.7789401133662 ], [ -53.321476310437603, -30.7790520976823 ], [ -53.3214998666013, -30.7791090477266 ], [ -53.321528872103102, -30.779161280285201 ], [ -53.321577818876598, -30.779202862382899 ], [ -53.321632753704499, -30.779235748473901 ], [ -53.3217006390297, -30.779249089894499 ], [ -53.321771793145203, -30.7792555481522 ], [ -53.3219252345949, -30.779249352236299 ], [ -53.322349183827399, -30.779163886245499 ], [ -53.322758465038397, -30.779109913672201 ], [ -53.323105360978097, -30.778970475108199 ], [ -53.323493068204897, -30.778654187633801 ], [ -53.324318221410699, -30.777533152585399 ], [ -53.324431727806498, -30.777184981300699 ], [ -53.324529079727, -30.777043417141101 ], [ -53.324652788944597, -30.776950316400299 ], [ -53.324978003884297, -30.776716926844799 ], [ -53.325318621644001, -30.776331431429199 ], [ -53.325469014685197, -30.776202109471502 ], [ -53.3255171280179, -30.776174620458001 ], [ -53.325601651367997, -30.7761476944221 ], [ -53.325671219723702, -30.7761356443207 ], [ -53.325715634387699, -30.776140969546301 ], [ -53.325759142634702, -30.776154565873401 ], [ -53.3257994784041, -30.776179039261802 ], [ -53.325833469222196, -30.776211670446699 ], [ -53.325875852198998, -30.776295210212201 ], [ -53.325889667377197, -30.776368594722999 ], [ -53.3258839294366, -30.7764503781342 ], [ -53.325850691236298, -30.776626811630599 ], [ -53.325805707803099, -30.776804075955098 ], [ -53.325820779320502, -30.776957768892199 ], [ -53.325860547967601, -30.7770370403796 ], [ -53.325904170122499, -30.777080022530001 ], [ -53.3259567425904, -30.777110047754402 ], [ -53.326168333089399, -30.777152247239801 ], [ -53.326649566183498, -30.77721388929 ], [ -53.326984558829999, -30.777172652883301 ], [ -53.327149079334497, -30.777103358726698 ], [ -53.327261735488896, -30.7769962290925 ], [ -53.327421154581302, -30.7767496609058 ], [ -53.327455964245601, -30.776558943300699 ], [ -53.327559296327202, -30.7763920483847 ], [ -53.327720437352902, -30.7762531235803 ], [ -53.327834848557501, -30.776181871832399 ], [ -53.3279691311307, -30.776152795827301 ], [ -53.328054202632799, -30.776161930552899 ], [ -53.328125149282599, -30.776185104768501 ], [ -53.328213732869401, -30.776229005766002 ], [ -53.328276916252598, -30.776288408330998 ], [ -53.328418584192498, -30.7765008190005 ], [ -53.328574488745303, -30.7766967194142 ], [ -53.328730393291302, -30.776877890468899 ], [ -53.3289094912015, -30.777057020903399 ], [ -53.328987817085597, -30.7771172991288 ], [ -53.329080813587197, -30.7771577737761 ], [ -53.329184510616003, -30.777168965171299 ], [ -53.329288696078002, -30.777159474240602 ], [ -53.329384829833501, -30.777120924816 ], [ -53.329468520813897, -30.777065948380201 ], [ -53.329544360070102, -30.776986774389801 ], [ -53.329610084962198, -30.776893775755301 ], [ -53.329718393051998, -30.776700231796301 ], [ -53.329805213931898, -30.7764741847183 ], [ -53.329863420543298, -30.776230818609601 ], [ -53.329950179020798, -30.776016333084101 ], [ -53.330028389310698, -30.775899068231201 ], [ -53.330148708931098, -30.775811001304099 ], [ -53.330296690163102, -30.7757359123074 ], [ -53.330450781868898, -30.7756760884687 ], [ -53.330619376323497, -30.775645270127502 ], [ -53.33078128388, -30.775627350512501 ], [ -53.330922121204303, -30.7756525215019 ], [ -53.331097967029798, -30.775733986158698 ], [ -53.331244807361202, -30.775877200802999 ], [ -53.3313807706311, -30.776051233788301 ], [ -53.3317379008232, -30.776319647945801 ], [ -53.332192924562797, -30.776509883218498 ], [ -53.332685810607998, -30.776627227044699 ], [ -53.332838852934302, -30.776695245856398 ], [ -53.3329071849437, -30.776758356096501 ], [ -53.332944282092498, -30.776831283479801 ], [ -53.332965195938797, -30.776916073489499 ], [ -53.332968088676601, -30.777011533330899 ], [ -53.3329488803464, -30.777093732162001 ], [ -53.332913673627203, -30.7771577737761 ], [ -53.332715023522397, -30.777316711924499 ], [ -53.332556574865698, -30.777514872537601 ], [ -53.332499295134198, -30.777720976046801 ], [ -53.332495669443603, -30.777893082883601 ], [ -53.332504280450699, -30.7780177158809 ], [ -53.332515763578698, -30.778096433377701 ], [ -53.332533285948301, -30.778131925027601 ], [ -53.332555493285803, -30.778154245666599 ], [ -53.332568409792401, -30.7781645562122 ], [ -53.332584045569, -30.7781722607976 ], [ -53.332621617852098, -30.778179756416399 ], [ -53.332817902393103, -30.778183137859202 ], [ -53.333016408767101, -30.778178605750199 ], [ -53.333432742180698, -30.778199736940199 ], [ -53.334022805373401, -30.778274982752801 ], [ -53.334726374959402, -30.7785385556538 ], [ -53.335219936459602, -30.778764718197099 ], [ -53.3354303696606, -30.778797027138399 ], [ -53.3356501554426, -30.7787710949586 ], [ -53.3363898600211, -30.778533454237301 ], [ -53.336527886815801, -30.7784754588893 ], [ -53.336659771190803, -30.778395353865101 ], [ -53.336736363829502, -30.778305051591101 ], [ -53.3368009487167, -30.778198461595299 ], [ -53.3368863766405, -30.777951207183701 ], [ -53.337003729795804, -30.777771218426398 ], [ -53.337168250299896, -30.777637306398599 ], [ -53.337253024254899, -30.7775980425881 ], [ -53.337331882951403, -30.7775771948867 ], [ -53.337396538434497, -30.777581190873299 ], [ -53.337473284752001, -30.777602574696999 ], [ -53.337548064553602, -30.7776412109285 ], [ -53.3377257232262, -30.777827933819101 ], [ -53.338055660761, -30.778117988794701 ], [ -53.338493341772399, -30.778356180207201 ], [ -53.339171404304899, -30.778545357534998 ], [ -53.339918810765198, -30.7786431469221 ], [ -53.340846986687197, -30.7789585817081 ], [ -53.341817761196097, -30.779404095027299 ], [ -53.3430348728102, -30.780089384560899 ], [ -53.343650096103303, -30.780456557035599 ], [ -53.344200120075399, -30.780927291290102 ], [ -53.344504079143199, -30.781085860152501 ], [ -53.344825893143202, -30.781138149606399 ], [ -53.3450992437457, -30.781102864855502 ], [ -53.345424458686303, -30.780988508220599 ], [ -53.3455970901272, -30.780904329404301 ], [ -53.345735644750903, -30.780791678786301 ], [ -53.345829134107703, -30.780650531300601 ], [ -53.345895063842804, -30.780480492728302 ], [ -53.346020842314999, -30.780053539241099 ], [ -53.346170540030201, -30.779647262284801 ], [ -53.3463512330638, -30.779183940830102 ], [ -53.346470247917402, -30.778642284336101 ], [ -53.346558247257001, -30.7784263246145 ], [ -53.346710014227703, -30.7782541519896 ], [ -53.346794020110401, -30.7781983204246 ], [ -53.346894940375002, -30.778157650308302 ], [ -53.347003403545898, -30.7781394030077 ], [ -53.347139820028701, -30.778137930074301 ], [ -53.3473370626511, -30.7781712540706 ], [ -53.347432594269797, -30.778206818131 ], [ -53.347519438087097, -30.7782745576331 ], [ -53.347734432728799, -30.778579357490301 ], [ -53.347925850488103, -30.778941567107601 ], [ -53.3483628713524, -30.779811782777902 ], [ -53.348558000321397, -30.780245827827901 ], [ -53.348648550361602, -30.780825263072501 ], [ -53.348632821014299, -30.781347732577601 ], [ -53.348599612333601, -30.781593776483 ], [ -53.348498093092203, -30.781825820463499 ], [ -53.348344001386401, -30.782021607572101 ], [ -53.348217906262803, -30.782235378070499 ], [ -53.348178579410202, -30.782333756581 ], [ -53.348156689332299, -30.782442835446201 ], [ -53.348162263817798, -30.782531356533099 ], [ -53.348176313353598, -30.782575884502101 ], [ -53.348197925735001, -30.782614582940301 ], [ -53.348231605083299, -30.782651117511399 ], [ -53.348273753699097, -30.782684541817101 ], [ -53.3483675476486, -30.782731915395999 ], [ -53.348621366456797, -30.7828124605916 ], [ -53.348879814321499, -30.782879431186299 ], [ -53.349629296605897, -30.783075410395199 ], [ -53.349874164328, -30.783055004751599 ], [ -53.3500557789556, -30.7829863802761 ], [ -53.350227862148998, -30.782864552078799 ], [ -53.350351272461999, -30.782767026200801 ], [ -53.350452791703397, -30.782636501461798 ], [ -53.350523743979899, -30.782500651436202 ], [ -53.350569266901601, -30.7822833368662 ], [ -53.350565641214402, -30.782047667198501 ], [ -53.350524169095699, -30.781839168486702 ], [ -53.350395233916203, -30.781492937057699 ], [ -53.350221060267799, -30.7811776855483 ], [ -53.349942183139802, -30.7806607425793 ], [ -53.349840503775297, -30.7804650547378 ], [ -53.3497806799366, -30.7803145887192 ], [ -53.349762358404497, -30.780179509480799 ], [ -53.3497666303996, -30.780128545645201 ], [ -53.349785665259503, -30.780084017676302 ], [ -53.349818296442201, -30.7800505933705 ], [ -53.349857159625103, -30.780024766689799 ], [ -53.349941116594998, -30.7799792126536 ], [ -53.3500361341207, -30.779941018520201 ], [ -53.350248267792502, -30.779902332828701 ], [ -53.350358523836299, -30.779908171847399 ], [ -53.350459126108802, -30.779936342234599 ], [ -53.3507754135832, -30.780113191144999 ], [ -53.351253670850397, -30.7804239520834 ], [ -53.352170224339197, -30.780682848687501 ], [ -53.352879320450398, -30.780662017924399 ], [ -53.353230068095002, -30.7805952395709 ], [ -53.353502967932997, -30.7804464833224 ], [ -53.3536542734969, -30.780268927723299 ], [ -53.353751236595699, -30.780024766689799 ], [ -53.353976959657203, -30.779304494929299 ], [ -53.354096857180103, -30.778587444167002 ], [ -53.354206962634201, -30.778290286991101 ], [ -53.354332277002399, -30.778115269529302 ], [ -53.354471865959397, -30.777986557633898 ], [ -53.354591268920402, -30.7779331882296 ], [ -53.354740166811801, -30.777886851236001 ], [ -53.354892677277199, -30.777873246643999 ], [ -53.355340218040702, -30.777833938861502 ], [ -53.355784364724101, -30.7778125246485 ], [ -53.356715581431203, -30.777818831594601 ], [ -53.357070554607297, -30.777749537438002 ], [ -53.357162125856298, -30.7777206361366 ], [ -53.357252768038201, -30.777674748535102 ], [ -53.357337971685297, -30.777603707724602 ], [ -53.357414049606497, -30.777518273478201 ], [ -53.357586784468197, -30.7773007362381 ], [ -53.357747341783899, -30.7770523446179 ], [ -53.357846021102603, -30.7768384611207 ], [ -53.357977905475302, -30.776648339148601 ], [ -53.358206776978598, -30.7764686410267 ], [ -53.358311921907202, -30.776368934628898 ], [ -53.3583876081303, -30.7762607305289 ], [ -53.358413441148699, -30.776165896145901 ], [ -53.358423865000297, -30.7760646035102 ], [ -53.358410721882599, -30.775744183403798 ], [ -53.358417066835898, -30.775433507332501 ], [ -53.358450151232503, -30.775243385360401 ], [ -53.358522756237399, -30.775100204721699 ], [ -53.358556655792903, -30.775057342286001 ], [ -53.358603336518399, -30.7750243711953 ], [ -53.358653189715398, -30.775003183583699 ], [ -53.358713919977802, -30.774998991385001 ], [ -53.358865292416397, -30.775006809270899 ], [ -53.358939619002903, -30.775024711101199 ], [ -53.359012491681803, -30.7750525915535 ], [ -53.359184352889599, -30.7751445853843 ], [ -53.359350228080601, -30.7752564151758 ], [ -53.359569582155899, -30.775437699535601 ], [ -53.359692679798897, -30.775617147690799 ], [ -53.359799360079101, -30.7758767475921 ], [ -53.359870514193098, -30.7761338314771 ], [ -53.359989708656897, -30.776322707117099 ], [ -53.360128000193903, -30.776494590361899 ], [ -53.360187761820903, -30.776543194219901 ], [ -53.360262088410202, -30.776579791002099 ], [ -53.360413679203099, -30.776603420460599 ], [ -53.360595651632202, -30.776587042376502 ], [ -53.360755898847202, -30.776519672290799 ], [ -53.361202697418904, -30.776222515114998 ], [ -53.361733244150301, -30.775617147690799 ], [ -53.361919027458498, -30.775437699535601 ], [ -53.361972053130998, -30.775403142202201 ], [ -53.362031423759703, -30.7753748165212 ], [ -53.362094420073802, -30.775361446799501 ], [ -53.362155385899101, -30.7753637776114 ], [ -53.362248058569598, -30.775387506426402 ], [ -53.362339607173098, -30.775430448161199 ], [ -53.362529064247397, -30.775562732641401 ], [ -53.362684047456703, -30.775765824226799 ], [ -53.362810066961003, -30.776016333084101 ], [ -53.363213397785401, -30.776930236327999 ], [ -53.363442722499599, -30.7773877527308 ], [ -53.363688362807999, -30.7778004012549 ], [ -53.3642249645129, -30.778445773575701 ], [ -53.3644851075682, -30.7787673267086 ], [ -53.364755404976101, -30.7790703777302 ], [ -53.364854927663103, -30.779167285327599 ], [ -53.3649641377067, -30.779252753176898 ], [ -53.365028054226698, -30.7792860265832 ], [ -53.365098755128699, -30.7793008692421 ], [ -53.365172175292699, -30.779305061441001 ], [ -53.365243439951001, -30.7792952649285 ], [ -53.365294542235503, -30.7792860265832 ], [ -53.3653434890144, -30.779266425213802 ], [ -53.365384277993599, -30.779242518336901 ], [ -53.365416462804603, -30.779208540949199 ], [ -53.3654685752226, -30.779137713318399 ], [ -53.365496810023799, -30.779043170205501 ], [ -53.365522054106997, -30.778689601039599 ], [ -53.365572906071499, -30.7783379001593 ], [ -53.365684303610699, -30.778075386970201 ], [ -53.365801194207101, -30.777853266120101 ], [ -53.365988861335197, -30.777680187065901 ], [ -53.366232688545203, -30.777528476299899 ], [ -53.366768761802902, -30.777363105556098 ], [ -53.367980772006199, -30.777106759667301 ], [ -53.368489637739302, -30.777077426546899 ], [ -53.368892224083197, -30.777174778479001 ], [ -53.3690725082947, -30.7772668587256 ], [ -53.369202134792801, -30.777377134438101 ], [ -53.3692809853085, -30.7775170311421 ], [ -53.3693479501217, -30.7776985233292 ], [ -53.369462306746797, -30.778111312484999 ], [ -53.369654034774399, -30.779256154117501 ], [ -53.369750511800298, -30.779938990188501 ], [ -53.369761589518397, -30.7806348103997 ], [ -53.369718652645503, -30.780973629113198 ], [ -53.369717880615497, -30.781108274308998 ], [ -53.369747985756099, -30.781240177823999 ], [ -53.3697790640853, -30.781292391234899 ], [ -53.369815774169801, -30.781336692602299 ], [ -53.369838661316898, -30.781355840760401 ], [ -53.3698624548908, -30.7813712499314 ], [ -53.369888967726702, -30.781379860938099 ], [ -53.369917973225, -30.781384393047301 ], [ -53.369988447520797, -30.7813816737821 ], [ -53.370060508055502, -30.781365698099901 ], [ -53.370195209443899, -30.781308621755301 ], [ -53.3704634586338, -30.781170883667201 ], [ -53.370966929854298, -30.780783775305 ], [ -53.3715504842665, -30.780410348320999 ], [ -53.372153726104898, -30.780198214659698 ], [ -53.372863247332702, -30.780049848618901 ], [ -53.373340654369301, -30.779766295205299 ], [ -53.373720284360303, -30.779417273669999 ], [ -53.373922215209397, -30.779069102385201 ], [ -53.374060378418903, -30.7786418592164 ], [ -53.374173850178501, -30.778109830998499 ], [ -53.374202855674497, -30.777838470970501 ], [ -53.3742100198047, -30.777560360110101 ], [ -53.374235486860798, -30.777442704554598 ], [ -53.374286115852101, -30.777334622686499 ], [ -53.374356947381798, -30.7772451046024 ], [ -53.374453187057298, -30.777186681765301 ], [ -53.374496536337297, -30.777165905995702 ], [ -53.374545483116002, -30.777156275266101 ], [ -53.374594429891602, -30.777158654621399 ], [ -53.374643214613599, -30.777171377538401 ], [ -53.374744895911697, -30.777210660574099 ], [ -53.374828990991297, -30.7772678792197 ], [ -53.375115945354999, -30.777470660310001 ], [ -53.375357183835298, -30.777691177428199 ], [ -53.3755839998013, -30.777927661693401 ], [ -53.3757328956724, -30.777999247539 ], [ -53.375915166392602, -30.778025013625399 ], [ -53.3763118010867, -30.778002482386299 ], [ -53.377189243757797, -30.777839237238101 ], [ -53.377551018814302, -30.777827759071499 ], [ -53.3779034412809, -30.777893652287499 ], [ -53.378221004109697, -30.778055622090701 ], [ -53.378502006824, -30.7782745576331 ], [ -53.3793295773702, -30.779016252797302 ], [ -53.380100448899299, -30.779791377134401 ], [ -53.380339790094602, -30.7799941582245 ], [ -53.380474388102101, -30.780068608505701 ], [ -53.380615691398702, -30.7801114906691 ], [ -53.380758098125099, -30.780126619500901 ], [ -53.380904346231802, -30.780116592085601 ], [ -53.381195551767902, -30.7800362448566 ], [ -53.381482506131398, -30.779926139412801 ], [ -53.382038985033198, -30.779580518818101 ], [ -53.382254519644299, -30.779531630304898 ], [ -53.382487909190502, -30.7795397075311 ], [ -53.382700042861103, -30.7795860453543 ], [ -53.382889220179699, -30.779696150797999 ], [ -53.383423884635398, -30.780188256183202 ], [ -53.383982197461897, -30.7806199312923 ], [ -53.384465556141798, -30.780886905122699 ], [ -53.3847146292769, -30.780935147745399 ], [ -53.384977397699402, -30.780927291290102 ], [ -53.3855674608916, -30.780805282548599 ], [ -53.3863173682902, -30.780505574657401 ], [ -53.386723259980798, -30.780206724525101 ], [ -53.387145497323402, -30.7799618492833 ], [ -53.387630131356303, -30.779825386540299 ], [ -53.3884374296291, -30.779681271690698 ], [ -53.3888683071687, -30.7796309200777 ], [ -53.389224984145599, -30.779653807227898 ], [ -53.389443431799201, -30.779689157678 ], [ -53.3896005513094, -30.77973568674 ], [ -53.389678648256897, -30.7797596319731 ], [ -53.389750708791198, -30.779807559027699 ], [ -53.389810985839503, -30.779857525527401 ], [ -53.389855853719801, -30.779934458079499 ], [ -53.389888938114197, -30.780015242920399 ], [ -53.389895736279001, -30.7801157424393 ], [ -53.3898689968347, -30.780216468559701 ], [ -53.389818211506899, -30.7803002428772 ], [ -53.389634686798701, -30.780464148316 ], [ -53.389475156564302, -30.780634215708201 ], [ -53.389226872961999, -30.780982131459101 ], [ -53.388655514943601, -30.782220073832299 ], [ -53.3886368097697, -30.783804487025701 ], [ -53.388505873557797, -30.784723166103401 ], [ -53.388559217335299, -30.785131993974801 ], [ -53.388718432343801, -30.785484551675101 ], [ -53.388955776871398, -30.785864609393499 ], [ -53.389233249726203, -30.7861838700905 ], [ -53.389327863020803, -30.786342973498101 ], [ -53.389376514347703, -30.786559674019799 ], [ -53.389344631825303, -30.7873598654554 ], [ -53.389326503389299, -30.7878239534164 ], [ -53.389373637322898, -30.788001612089001 ], [ -53.389409440982703, -30.788068800603 ], [ -53.389458136921803, -30.7881241066892 ], [ -53.389530901503697, -30.788176664797099 ], [ -53.3896005513094, -30.788210830679599 ], [ -53.389690431740298, -30.788241020744799 ], [ -53.389794217037498, -30.788255410192701 ], [ -53.389905253706601, -30.788250084962801 ], [ -53.390017591647599, -30.788225709787199 ], [ -53.3902465215129, -30.7881451666393 ], [ -53.390556517768097, -30.7880599629903 ], [ -53.390933720019, -30.787972764838599 ], [ -53.391479996099498, -30.787865210085201 ], [ -53.391630627601899, -30.787862023132 ], [ -53.391763549521897, -30.787891142264499 ], [ -53.391909805516001, -30.787958103842701 ], [ -53.392029248004597, -30.7880560878775 ], [ -53.3921672293068, -30.7883007312826 ], [ -53.392246483085103, -30.788578132262799 ], [ -53.392252886165601, -30.789339603965001 ], [ -53.392348966876298, -30.790086495527301 ], [ -53.392490368676903, -30.790779001781601 ], [ -53.392599139292798, -30.7910618053828 ], [ -53.392695220003397, -30.7912285869938 ], [ -53.392761015, -30.791298858999902 ], [ -53.392939953889098, -30.7913953686048 ], [ -53.393140726318798, -30.7914641433605 ], [ -53.393545642388801, -30.791591365621699 ], [ -53.393697269303203, -30.7916091708483 ], [ -53.393860654509503, -30.791585839086 ], [ -53.394237949904998, -30.791422561258699 ], [ -53.394640745257398, -30.7913056866125 ], [ -53.395418285297801, -30.7911777262157 ], [ -53.395824272581201, -30.791230865919701 ], [ -53.396227709157301, -30.791313763839199 ], [ -53.396413362222198, -30.791388117230401 ], [ -53.396545271985403, -30.791482535522999 ], [ -53.396612775017999, -30.791547647466999 ], [ -53.396683475918302, -30.791661856613601 ], [ -53.396742846547298, -30.791812209331201 ], [ -53.396780916262799, -30.792011622126999 ], [ -53.3967357246582, -30.792217138689502 ], [ -53.396309331731302, -30.7929598190827 ], [ -53.3959742008619, -30.7934111373844 ], [ -53.395395754067401, -30.793822382645999 ], [ -53.3947789084677, -30.793993705020799 ], [ -53.393919745853204, -30.794043443783998 ], [ -53.393523236317897, -30.7941000179515 ], [ -53.393117548992102, -30.794245799743699 ], [ -53.392749822291798, -30.7945467829907 ], [ -53.392493476394002, -30.794905157097801 ], [ -53.392372317886803, -30.795247376751401 ], [ -53.392342134538502, -30.795619779740299 ], [ -53.392383864114599, -30.795875131739798 ], [ -53.392490821886803, -30.796139806905099 ], [ -53.392581900849301, -30.7963743634309 ], [ -53.392617720939597, -30.796441418758899 ], [ -53.392663948452601, -30.7964929715003 ], [ -53.3927187869702, -30.7965229967208 ], [ -53.392787232638199, -30.796543135114501 ], [ -53.392959441956798, -30.7965748893685 ], [ -53.393135287787999, -30.796616244865 ], [ -53.393310680404902, -30.7966671177868 ], [ -53.393392711576702, -30.7966981627332 ], [ -53.393466145401597, -30.7967416650141 ], [ -53.393515531731403, -30.7967958296822 ], [ -53.393559493189798, -30.7968700429686 ], [ -53.393587139053501, -30.796958985606 ], [ -53.3935966564976, -30.7970634790241 ], [ -53.39357580878, -30.7973090910256 ], [ -53.393534113379502, -30.797548046474201 ], [ -53.393403228001297, -30.798027645675099 ], [ -53.393430010408899, -30.798580298525302 ], [ -53.393456161104801, -30.798871422300401 ], [ -53.393525661862398, -30.799129550424801 ], [ -53.393603001436198, -30.7992557451431 ], [ -53.393702085655697, -30.799355712978901 ], [ -53.393942277083603, -30.799516832532198 ], [ -53.394229231446502, -30.7996243872851 ], [ -53.394393401244699, -30.799665447796201 ], [ -53.3945459440381, -30.799660097156199 ], [ -53.394757782807901, -30.799576618459898 ], [ -53.394943428969498, -30.7994509393153 ], [ -53.395105848778599, -30.799340948792199 ], [ -53.395234634506203, -30.799197144117102 ], [ -53.395325202853897, -30.798967503011099 ], [ -53.395382150305103, -30.798723138029899 ], [ -53.3954437923528, -30.798177287060799 ], [ -53.395533917277803, -30.7976395133288 ], [ -53.395589607680797, -30.797461389072701 ], [ -53.395688660075002, -30.7972930425085 ], [ -53.395861682927702, -30.7971246959547 ], [ -53.396078067771498, -30.797020542142199 ], [ -53.396494257876597, -30.796903634816601 ], [ -53.396940206210502, -30.796830514588901 ], [ -53.397838054525202, -30.796735288252499 ], [ -53.400370054790798, -30.796762070657699 ], [ -53.4014603187982, -30.796718783829299 ], [ -53.402544956295898, -30.796572043104302 ], [ -53.402892918452203, -30.7965301347941 ], [ -53.403169028892897, -30.796462787886099 ], [ -53.4033035275271, -30.796390545837099 ], [ -53.403411771027898, -30.796291465511199 ], [ -53.403502033901098, -30.796157595434799 ], [ -53.403607750228502, -30.796041071253502 ], [ -53.403700540274997, -30.7959844688712 ], [ -53.403813082017003, -30.7959411686309 ], [ -53.403920800772099, -30.795910142283699 ], [ -53.404027565942897, -30.795900096755201 ], [ -53.404027766391302, -30.795905458749498 ], [ -53.404019641663197, -30.7959129757879 ], [ -53.404119307146097, -30.795913767970902 ], [ -53.404200789243802, -30.795937767690301 ], [ -53.404282463069798, -30.795974498231399 ], [ -53.404345754335502, -30.796025767020801 ], [ -53.404430209822998, -30.796173004605301 ], [ -53.404469639170301, -30.7963362738302 ], [ -53.404471452013901, -30.7964396059153 ], [ -53.4044315694548, -30.796533873782401 ], [ -53.404418879549603, -30.796642644398201 ], [ -53.404440633672699, -30.7967514150141 ], [ -53.404485954762698, -30.796849308568401 ], [ -53.404565719880999, -30.796921822312299 ], [ -53.404601976751202, -30.796971222299899 ], [ -53.404627356563303, -30.797032405771699 ], [ -53.4046318886706, -30.797074554384899 ], [ -53.404628716194999, -30.7971205552914 ], [ -53.404606962071902, -30.797191256191699 ], [ -53.404545325389499, -30.797334470835899 ], [ -53.404514507048397, -30.797461369887799 ], [ -53.404498191456, -30.7976190872808 ], [ -53.404505442830398, -30.7979163936308 ], [ -53.404510881361198, -30.798023351403099 ], [ -53.404525384109199, -30.7980648202001 ], [ -53.404545325389499, -30.7981013036778 ], [ -53.404578862995301, -30.798132801835099 ], [ -53.4046214648207, -30.798157501829301 ], [ -53.404724796905697, -30.798191945857599 ], [ -53.404820877616402, -30.7982499568528 ], [ -53.404886139985898, -30.798326096283901 ], [ -53.404991284914601, -30.798496503582001 ], [ -53.405034793160901, -30.798728547562501 ], [ -53.405009413350598, -30.798989597040599 ], [ -53.405034444804699, -30.799238380523601 ], [ -53.405114558279202, -30.799468187750399 ], [ -53.405270462828597, -30.799703857418098 ], [ -53.405549640742699, -30.800109934384 ], [ -53.405973846144498, -30.800512385662699 ], [ -53.406447451535399, -30.800821248890799 ], [ -53.406851262445798, -30.8012230203529 ], [ -53.407224650541998, -30.801646246458301 ], [ -53.4075174824698, -30.801884368359701 ], [ -53.407828317495401, -30.802079441263601 ], [ -53.407994713546003, -30.802140999030001 ], [ -53.408166480477803, -30.802170797648099 ], [ -53.408350937312903, -30.802161846731298 ], [ -53.408528911256099, -30.8021270544318 ], [ -53.408837232608903, -30.802022144473099 ], [ -53.408995856421797, -30.801993478881901 ], [ -53.409154684323902, -30.801984214927199 ], [ -53.409344828814397, -30.802006168787099 ], [ -53.409533364550398, -30.802051149970701 ], [ -53.4097087571676, -30.802114712797799 ], [ -53.409789428706702, -30.802159807281999 ], [ -53.409831577320404, -30.8021865467251 ], [ -53.409863780436503, -30.802217604476699 ], [ -53.409880070886601, -30.802241385243899 ], [ -53.409889135105502, -30.8022787751434 ], [ -53.409881430521096, -30.802346643477101 ], [ -53.409866474560602, -30.8024038613516 ], [ -53.409834872441103, -30.802453544727999 ], [ -53.409696520474199, -30.8025841259884 ], [ -53.409603608481198, -30.8027052143314 ], [ -53.409558291148997, -30.802783652085299 ], [ -53.409547867299203, -30.802868742433201 ], [ -53.409570981054102, -30.802959497914301 ], [ -53.4096189127144, -30.803020226455001 ], [ -53.409746826883101, -30.8031154024637 ], [ -53.409890494739102, -30.803173300157599 ], [ -53.410222579667803, -30.803269770468599 ], [ -53.411066012933098, -30.8033309873992 ], [ -53.411465855825497, -30.8034379753229 ], [ -53.411849929738601, -30.803591584473399 ], [ -53.412212747387699, -30.803920191719801 ], [ -53.412576030553197, -30.804330863931401 ], [ -53.413148174684103, -30.8046743346565 ], [ -53.413370701234903, -30.8048484809431 ], [ -53.413550400031497, -30.8050607908065 ], [ -53.413593680997401, -30.805176605634301 ], [ -53.413601385583497, -30.805297952854001 ], [ -53.413562303323097, -30.805568806304599 ], [ -53.413485363593203, -30.805816426122998 ], [ -53.413416022324803, -30.805925310040099 ], [ -53.413332739833997, -30.805999450408098 ], [ -53.413174914126301, -30.806090278807499 ], [ -53.4129995215091, -30.8061427379705 ], [ -53.412657653127297, -30.806201381253601 ], [ -53.411815281428098, -30.806217177859299 ], [ -53.410965685186298, -30.806298733179698 ], [ -53.409991315707998, -30.8066367016486 ], [ -53.409074762220598, -30.807291807830701 ], [ -53.408052779574099, -30.808235143723898 ], [ -53.407564744600499, -30.8093595797069 ], [ -53.407583449773199, -30.8101328685708 ], [ -53.407698766829597, -30.810402920424998 ], [ -53.4079048386591, -30.810597522080101 ], [ -53.408508654705898, -30.810872560218101 ], [ -53.409154684323902, -30.811051122529001 ], [ -53.409959006772901, -30.811114465049201 ], [ -53.412421287756999, -30.810964823663401 ], [ -53.413473878867897, -30.811051122529001 ], [ -53.414623396785899, -30.811438829755801 ], [ -53.414964190756301, -30.811600190316899 ], [ -53.415296783021901, -30.811785725695501 ], [ -53.415374799832101, -30.811865092087899 ], [ -53.4154323576171, -30.8119402117958 ], [ -53.415474506229998, -30.812041844338601 ], [ -53.415494037575897, -30.8121530272788 ], [ -53.415508043835601, -30.812403280030701 ], [ -53.415487235694698, -30.812683574010201 ], [ -53.415396100745198, -30.813082303262298 ], [ -53.415328572320398, -30.8132637009235 ], [ -53.415223662799697, -30.813427104647499 ], [ -53.415000447628202, -30.8136015696487 ], [ -53.414753900899903, -30.8137459173204 ], [ -53.414250383591501, -30.813988725061101 ], [ -53.413414362408098, -30.814692254545399 ], [ -53.412997747185898, -30.815295496380099 ], [ -53.4128838156767, -30.815957404443299 ], [ -53.413004549066997, -30.8164246086546 ], [ -53.413115543499302, -30.8166137225905 ], [ -53.413256945299899, -30.816791381263101 ], [ -53.413474486531697, -30.8169436601253 ], [ -53.413732350352397, -30.817057183603499 ], [ -53.414065473544497, -30.817124944484998 ], [ -53.4144346445838, -30.817140931767199 ], [ -53.415627691513997, -30.817001784421901 ], [ -53.416828906756201, -30.816936875332001 ], [ -53.418316818262099, -30.817077589247099 ], [ -53.419000033817298, -30.817208335290498 ], [ -53.419590470511899, -30.817426610776401 ], [ -53.419819439123401, -30.8175781553844 ], [ -53.420017288555002, -30.817784984888899 ], [ -53.420123996847799, -30.818063997468599 ], [ -53.420107413480899, -30.818351666615701 ], [ -53.4199934721088, -30.818665861543 ], [ -53.419758817070502, -30.818927700925698 ], [ -53.419478624527002, -30.819180709124701 ], [ -53.419182357641603, -30.819331137504399 ], [ -53.418100410181196, -30.8197899378751 ], [ -53.416991403111098, -30.820174147416299 ], [ -53.414768403648701, -30.820953783464802 ], [ -53.411360194294303, -30.822596040466799 ], [ -53.4098484762034, -30.8235121688354 ], [ -53.4087618756867, -30.824514170957201 ], [ -53.408529049197298, -30.825003562760401 ], [ -53.4085221093749, -30.825532327543399 ], [ -53.408616065689998, -30.8260767661702 ], [ -53.4087618756867, -30.826500320259299 ], [ -53.409014891281501, -30.8270194448409 ], [ -53.4091630912447, -30.827229847999899 ], [ -53.409345136996698, -30.8273960429844 ], [ -53.409522034277003, -30.8275108387576 ], [ -53.409725525971801, -30.827570549294599 ], [ -53.4101545608561, -30.827620505063098 ], [ -53.411025201646098, -30.827552486251399 ], [ -53.412466545491398, -30.827273242944599 ], [ -53.413752755995901, -30.827294014766899 ], [ -53.414308394586598, -30.8274182704324 ], [ -53.414801946167103, -30.827643036296099 ], [ -53.415026280651297, -30.827824347398298 ], [ -53.4151743491608, -30.828042221695799 ], [ -53.415294581503701, -30.828288435359301 ], [ -53.415321320945999, -30.8284335761488 ], [ -53.415305285373798, -30.828595299660101 ], [ -53.415178106301802, -30.828904915484099 ], [ -53.414997275153702, -30.829202108532499 ], [ -53.414801034833502, -30.829454207094301 ], [ -53.414590744976103, -30.8297351978519 ], [ -53.414434840426701, -30.8300089372351 ], [ -53.414366625772097, -30.830377392527101 ], [ -53.414356888152, -30.830583608655601 ], [ -53.414402662453703, -30.830753902652098 ], [ -53.4144765358295, -30.830909920503199 ], [ -53.414596189261196, -30.831035049411302 ], [ -53.415040783400002, -30.831348515352101 ], [ -53.415454926759502, -30.831764976286099 ], [ -53.415562882356198, -30.831950379426502 ], [ -53.415596065793501, -30.832245784259801 ], [ -53.4155991392281, -30.832494232505798 ], [ -53.415571493362499, -30.832624870546599 ], [ -53.415522945571297, -30.832730843412499 ], [ -53.415332198007597, -30.8329330539582 ], [ -53.415106045769498, -30.833103347954602 ], [ -53.414597889731901, -30.8333702202426 ], [ -53.413590508521899, -30.833734217526601 ], [ -53.413122341661001, -30.8339833702173 ], [ -53.412679759241499, -30.834254464794899 ], [ -53.412495097777203, -30.834392393054301 ], [ -53.412365026249901, -30.834546371458298 ], [ -53.412290246450702, -30.834706014996701 ], [ -53.412249540257001, -30.834871310392099 ], [ -53.412161987767, -30.835467296005898 ], [ -53.412188323326497, -30.836122856527702 ], [ -53.412147485018203, -30.836446231548599 ], [ -53.412072705219003, -30.836624003522999 ], [ -53.411945156074999, -30.836771160828398 ], [ -53.411744580527802, -30.836906807124301 ], [ -53.411502112697498, -30.836975581879202 ], [ -53.411249674225601, -30.8369956364605 ], [ -53.410997994121402, -30.836966289792901 ], [ -53.410204116681498, -30.836678275529099 ], [ -53.4093383351155, -30.836537771279101 ], [ -53.409065197690403, -30.836544238404699 ], [ -53.408804601424201, -30.836605761785201 ], [ -53.408597484042197, -30.8367037686413 ], [ -53.408448989152802, -30.836852783402399 ], [ -53.408346405202998, -30.836991784167701 ], [ -53.408315586861796, -30.837067017176999 ], [ -53.408297005216802, -30.837149614864501 ], [ -53.408300177692198, -30.837325573995301 ], [ -53.4083452604645, -30.837496836524299 ], [ -53.408463786827802, -30.838085042160898 ], [ -53.4085757299191, -30.838382461812799 ], [ -53.408748271924402, -30.838634876269399 ], [ -53.409424140722798, -30.839245375365302 ], [ -53.410175111184003, -30.839767361019501 ], [ -53.410845410103299, -30.840354835646998 ], [ -53.411162657732, -30.8406600731875 ], [ -53.411314936594202, -30.840815977736899 ], [ -53.411441816868297, -30.8410155346794 ], [ -53.411476279675298, -30.841235877635501 ], [ -53.411444101702301, -30.841427925754999 ], [ -53.411338088180003, -30.841761616018999 ], [ -53.410698711349902, -30.842829511362901 ], [ -53.410588439524297, -30.843146501485499 ], [ -53.410557572316002, -30.843518626950601 ], [ -53.4106972101401, -30.843922398545299 ], [ -53.4110115978838, -30.8442715101713 ], [ -53.411320828337701, -30.844611279112399 ], [ -53.411754703402202, -30.844851795660201 ], [ -53.413394721413397, -30.845126126694101 ], [ -53.415060417651603, -30.8452463047682 ], [ -53.416453102821102, -30.845250981060001 ], [ -53.417125553537304, -30.8451732606277 ], [ -53.417753962595498, -30.845001437046001 ], [ -53.417926830407502, -30.844908585462399 ], [ -53.418078752421103, -30.844761245615601 ], [ -53.418177002824002, -30.844582273614801 ], [ -53.418216490515199, -30.8443620602159 ], [ -53.418177002824002, -30.8440819287819 ], [ -53.418058346777599, -30.843836189776301 ], [ -53.4176875350526, -30.843465561958698 ], [ -53.417357753016901, -30.8430471715604 ], [ -53.417176313158102, -30.842707793334899 ], [ -53.417135977387296, -30.8425012424667 ], [ -53.417135070964498, -30.8423124801268 ], [ -53.417148667291499, -30.842219118681498 ], [ -53.417175859946397, -30.842151363652299 ], [ -53.417222993879001, -30.842092219629698 ], [ -53.417285083773898, -30.842040666890899 ], [ -53.417418780988498, -30.841959202230999 ], [ -53.417568611333202, -30.8419112574047 ], [ -53.417915953345897, -30.841859382531201 ], [ -53.4182573018022, -30.841886175469401 ], [ -53.419102912690697, -30.842011774695301 ], [ -53.4199424678621, -30.842183332651601 ], [ -53.421012290210697, -30.842279962245801 ], [ -53.421321833254297, -30.842261947111801 ], [ -53.4216038273386, -30.8421718544786 ], [ -53.421698904721602, -30.8421248508145 ], [ -53.421789546902502, -30.842066160003199 ], [ -53.421869312019801, -30.841973478374101 ], [ -53.421933214758297, -30.841873885279998 ], [ -53.422108607375698, -30.841380905123302 ], [ -53.422406449316902, -30.840920308343001 ], [ -53.422576321023897, -30.840771789674498 ], [ -53.4227997539979, -30.840641151633601 ], [ -53.4232481821116, -30.840496466120999 ], [ -53.424161334659203, -30.840416969136299 ], [ -53.424478447169399, -30.840409107653102 ], [ -53.4248330204246, -30.8404488529528 ], [ -53.4251419479261, -30.840557760828101 ], [ -53.425412880794703, -30.840716251907899 ], [ -53.425609661574299, -30.840934832296401 ], [ -53.425744472501499, -30.841197059881701 ], [ -53.4258163257444, -30.8415076908732 ], [ -53.425766578615601, -30.841886175469401 ], [ -53.425508142332802, -30.842403235610501 ], [ -53.425262955235603, -30.842682526826501 ], [ -53.425071086265604, -30.842992756510998 ], [ -53.4249003865161, -30.843570820189299 ], [ -53.424841522776298, -30.844171607543 ], [ -53.425031975449102, -30.846470643379 ], [ -53.425807389902701, -30.850157262974001 ], [ -53.425921321411998, -30.851617541836699 ], [ -53.425885213801102, -30.852054814924301 ], [ -53.425766578615601, -30.852429091285401 ], [ -53.425624164323096, -30.852653053311499 ], [ -53.4254383878488, -30.852821474803999 ], [ -53.425203584608397, -30.852935856912701 ], [ -53.424950352875101, -30.8529732417791 ], [ -53.424630726031602, -30.853015622030998 ], [ -53.424302473693103, -30.852977918071002 ], [ -53.424149869266699, -30.852916028935301 ], [ -53.424039739018802, -30.852819834922499 ], [ -53.423889259412299, -30.852605940195801 ], [ -53.4235974051809, -30.852069317673099 ], [ -53.423295795279699, -30.851189023322799 ], [ -53.423017295229698, -30.850633545543701 ], [ -53.422821054909598, -30.8504288075193 ], [ -53.4227086586056, -30.850354254326099 ], [ -53.422583298227302, -30.850306904359801 ], [ -53.422461205454503, -30.850287179113 ], [ -53.4223442770434, -30.8502855928751 ], [ -53.422229161474, -30.850299869018201 ], [ -53.422118124805301, -30.850336239193702 ], [ -53.421907381735402, -30.850465744207298 ], [ -53.421717758847898, -30.850617665304402 ], [ -53.421392987366197, -30.850941728955299 ], [ -53.421100488131898, -30.851354394060198 ], [ -53.419994831740802, -30.852582465713301 ], [ -53.418758940538297, -30.853726124999898 ], [ -53.418167176876302, -30.854481133809902 ], [ -53.417813479055397, -30.855487812223299 ], [ -53.417794773882498, -30.856374182364899 ], [ -53.418230094277497, -30.858142671469501 ], [ -53.418808254177101, -30.859679896614299 ], [ -53.419210323674697, -30.860306878980701 ], [ -53.419445930536597, -30.860742265428399 ], [ -53.4195348226786, -30.860877924714 ], [ -53.419651687442403, -30.8609654521557 ], [ -53.419720185935802, -30.8609994985373 ], [ -53.419803123531103, -30.861019326514601 ], [ -53.4198960317648, -30.861024878347699 ], [ -53.419990081030299, -30.8610143406753 ], [ -53.420156628032601, -30.860964941206699 ], [ -53.420304668034902, -30.860863423938099 ], [ -53.420619356360199, -30.860581638088 ], [ -53.420894731226198, -30.860269534686999 ], [ -53.421394669492301, -30.859596148451001 ], [ -53.421619592815901, -30.859259055381301 ], [ -53.421710688205998, -30.859062475153198 ], [ -53.421765372016097, -30.8588513424627 ], [ -53.421746945077999, -30.8586346440641 ], [ -53.421690551323202, -30.858409220186601 ], [ -53.421681229498198, -30.858252927184601 ], [ -53.421698904722703, -30.8581741817903 ], [ -53.421717939579501, -30.858137698312699 ], [ -53.421746666843198, -30.8581086620636 ], [ -53.421837134046001, -30.858055667139901 ], [ -53.421934574390399, -30.858011025866499 ], [ -53.4221358000297, -30.857933073591798 ], [ -53.4224608643663, -30.8576597379063 ], [ -53.422634785230599, -30.857580362209902 ], [ -53.422725880620803, -30.857550563592699 ], [ -53.422828165949497, -30.857544105926401 ], [ -53.422936170478103, -30.857553282858099 ], [ -53.423044487883701, -30.857579455788098 ], [ -53.423244781171, -30.8576474094953 ], [ -53.423421559352001, -30.857767085100399 ], [ -53.423632488397701, -30.857956895088599 ], [ -53.423749684043102, -30.8580526079671 ], [ -53.423807695037702, -30.8580803671342 ], [ -53.423868853768802, -30.858095058301299 ], [ -53.423920997762501, -30.858093057039301 ], [ -53.423971757383804, -30.858080707042799 ], [ -53.424095016317402, -30.858018112019199 ], [ -53.424277221528499, -30.857919250659201 ], [ -53.424445313197801, -30.857810654643401 ], [ -53.424499294870202, -30.857782154362301 ], [ -53.4245582122877, -30.857765272256799 ], [ -53.424617129703996, -30.857754055286598 ], [ -53.424647948044203, -30.857754735102699 ], [ -53.424678277628203, -30.8577617661239 ], [ -53.424724993897101, -30.857786459865601 ], [ -53.424766689300803, -30.857822036921501 ], [ -53.424825606718301, -30.8579048612139 ], [ -53.424870927807703, -30.858003321281299 ], [ -53.424931647701499, -30.858082729890299 ], [ -53.425024113091702, -30.8581438166601 ], [ -53.425126538755499, -30.858187664815102 ], [ -53.425218540566597, -30.858248281772099 ], [ -53.425305751166, -30.8583139938501 ], [ -53.425338188245, -30.8583409634013 ], [ -53.425363114844998, -30.858372574861999 ], [ -53.4253780708042, -30.8584080386144 ], [ -53.425385775389998, -30.858454152823899 ], [ -53.4253875882331, -30.8584859908892 ], [ -53.425382149702799, -30.858516695928099 ], [ -53.425369006586202, -30.858548987204198 ], [ -53.4253499633936, -30.858572465334699 ], [ -53.425323232284299, -30.858587283524901 ], [ -53.425293320366002, -30.858596121137701 ], [ -53.425233496527802, -30.858610057373301 ], [ -53.425180470851998, -30.8586346440642 ], [ -53.4251357041367, -30.858667691671101 ], [ -53.425111129584401, -30.858698546801001 ], [ -53.425095720414397, -30.858731517894402 ], [ -53.4250863904985, -30.858802453943099 ], [ -53.425097533257997, -30.858881983913001 ], [ -53.425128902255501, -30.858943167858499 ], [ -53.425300571740898, -30.859128530642302 ], [ -53.425428185027101, -30.859334276025901 ], [ -53.425440160697903, -30.859438526897499 ], [ -53.425419682675901, -30.859537057109701 ], [ -53.425228057997003, -30.8598083469914 ], [ -53.425003265390899, -30.860058519407801 ], [ -53.424788808196901, -30.8603919685481 ], [ -53.424705959040899, -30.8605008532457 ], [ -53.424678313174397, -30.860522040854502 ], [ -53.424648854467002, -30.860535863787199 ], [ -53.424584751761799, -30.8605450108744 ], [ -53.424533738898603, -30.860540395896201 ], [ -53.424481166434802, -30.8605207945252 ], [ -53.424454880201097, -30.860508897738399 ], [ -53.424432219657099, -30.860492355540899 ], [ -53.424401100970101, -30.860442982656899 ], [ -53.424350641695803, -30.860317756042299 ], [ -53.4242820680496, -30.860225322459399 ], [ -53.424250028874503, -30.860204340014 ], [ -53.424231900437697, -30.8601973152449 ], [ -53.424211959159997, -30.8601959556126 ], [ -53.424172076599, -30.860202300564801 ], [ -53.424131287620398, -30.860214423957199 ], [ -53.424090045427, -30.860230626246199 ], [ -53.424072370201102, -30.860243995967501 ], [ -53.424056961032399, -30.860259405138599 ], [ -53.424040192228098, -30.8602981546702 ], [ -53.424033799386898, -30.860344355379901 ], [ -53.424043364705398, -30.8605512729578 ], [ -53.424015265630203, -30.860745587131401 ], [ -53.423957278224002, -30.8611559048285 ], [ -53.423556616200003, -30.862145102388698 ], [ -53.423341341021199, -30.862648959605501 ], [ -53.423086637434103, -30.863121648487098 ], [ -53.423033610821498, -30.863241532856701 ], [ -53.423029985134299, -30.863379308970199 ], [ -53.423103642136702, -30.863622862104599 ], [ -53.423099779613402, -30.8637259020059 ], [ -53.423079835552898, -30.863815440366601 ], [ -53.422952939281998, -30.863994202858301 ], [ -53.422795857013597, -30.864146606954801 ], [ -53.422615750372799, -30.864287883521101 ], [ -53.422519669661597, -30.864341022498699 ], [ -53.422426854960399, -30.864407204028499 ], [ -53.422406366936698, -30.864431664678602 ], [ -53.422394583453901, -30.8644619165065 ], [ -53.422386043673001, -30.864530913241001 ], [ -53.422403647671899, -30.864599692619901 ], [ -53.422437057781799, -30.864651646631799 ], [ -53.422545049472497, -30.8647755384489 ], [ -53.422629210924903, -30.8649220214084 ], [ -53.422659258619198, -30.865014833803802 ], [ -53.422663337516703, -30.865057095719798 ], [ -53.422658118920197, -30.865100995908001 ], [ -53.422624814590201, -30.865175836975499 ], [ -53.422575867813698, -30.865239626409899 ], [ -53.422455766923697, -30.865345564457002 ], [ -53.422297143108899, -30.865465212134499 ], [ -53.422142876421098, -30.865576702471198 ], [ -53.4221054348995, -30.8656154515479 ], [ -53.422079148667898, -30.865660206124499 ], [ -53.422066458762103, -30.865749601974098 ], [ -53.422077335824298, -30.865825174891899 ], [ -53.422091385360602, -30.865859052406101 ], [ -53.422113968426203, -30.8658895890051 ], [ -53.4221697908472, -30.8659245413813 ], [ -53.4222332403737, -30.865946635413 ], [ -53.422340130975101, -30.8660222256879 ], [ -53.422387332079502, -30.866080785839198 ], [ -53.4224200530792, -30.866168891251899 ], [ -53.422427214638702, -30.866276572947701 ], [ -53.422411550727404, -30.866377623979101 ], [ -53.422350168785201, -30.866753010905398 ], [ -53.422234701816997, -30.8670901210319 ], [ -53.422206047719698, -30.867195684651701 ], [ -53.4221615815947, -30.8672775978829 ], [ -53.422130361499001, -30.867324056638701 ], [ -53.422091838573103, -30.867362466262701 ], [ -53.422049236748002, -30.867386599742801 ], [ -53.4220000369166, -30.867401307095498 ], [ -53.421838040469403, -30.867413225883499 ], [ -53.421754196452497, -30.867402008913398 ], [ -53.421733122144602, -30.867394304327799 ], [ -53.421715900130501, -30.867381841028099 ], [ -53.421684175367503, -30.8673727768101 ], [ -53.421655169869901, -30.867373003415601 ], [ -53.421632735931396, -30.867380254790199 ], [ -53.421590813922201, -30.867409033682101 ], [ -53.421559995580999, -30.867443930921301 ], [ -53.421540054301502, -30.867479281371502 ], [ -53.421535808526897, -30.867508861842701 ], [ -53.421540280907898, -30.867562445571799 ], [ -53.421555236868201, -30.867612638679201 ], [ -53.421593624516603, -30.867683585164102 ], [ -53.421657209320003, -30.867740104244401 ], [ -53.421734708384399, -30.867783045977401 ], [ -53.421921815283099, -30.867868936425999 ], [ -53.421979895480398, -30.867905979433498 ], [ -53.422027029413897, -30.867963084006899 ], [ -53.422045949614798, -30.868025804811801 ], [ -53.422061020231901, -30.868105732137799 ], [ -53.4220442491442, -30.868178422019302 ], [ -53.422000743181698, -30.868276705949299 ], [ -53.421964486309797, -30.868390915095901 ], [ -53.421949983560999, -30.868496060024601 ], [ -53.421964939521303, -30.868587948534699 ], [ -53.422013433086903, -30.868684595758701 ], [ -53.422085060431201, -30.868770185681299 ], [ -53.422287416396102, -30.868902822364099 ], [ -53.4223895981334, -30.868967399359999 ], [ -53.422484670949999, -30.869050763279599 ], [ -53.422518310028899, -30.869098830520802 ], [ -53.422534172410899, -30.869157181424399 ], [ -53.422535758647498, -30.869187886462299 ], [ -53.422529187090497, -30.869217571776499 ], [ -53.422501675653301, -30.8692569453038 ], [ -53.422472309121602, -30.869282607540299 ], [ -53.422439451332401, -30.869299149738399 ], [ -53.4224016082213, -30.869303908452501 ], [ -53.4223619522691, -30.869300396068599 ], [ -53.422285359626599, -30.8692728635062 ], [ -53.422210895232901, -30.8692599211256 ], [ -53.422143957826002, -30.869261986444599 ], [ -53.422112459667403, -30.869268104791502 ], [ -53.422084587198697, -30.869278641945399 ], [ -53.422058074359498, -30.8692989231327 ], [ -53.422041305556199, -30.8693215836776 ], [ -53.422033147759997, -30.869346510277101 ], [ -53.4220323458525, -30.869372577283801 ], [ -53.422042438584498, -30.869436925851801 ], [ -53.422070084449899, -30.869488931802799 ], [ -53.422107700954001, -30.869534819406098 ], [ -53.422153079242896, -30.869571107189199 ], [ -53.422271083482201, -30.869654693688702 ], [ -53.4223859724462, -30.869748734950601 ], [ -53.4226020034003, -30.869943510183401 ], [ -53.423091738844597, -30.870382231518899 ], [ -53.423367215032101, -30.8708107500327 ], [ -53.423462348332897, -30.8709301424629 ], [ -53.423540663001901, -30.8710641201064 ], [ -53.423556616200003, -30.871145870850999 ], [ -53.423537262061402, -30.871222263843599 ], [ -53.423515827218502, -30.871259740089201 ], [ -53.4234859152997, -30.871289085495199 ], [ -53.423411427259701, -30.871329393472099 ], [ -53.423306443783503, -30.871376101987899 ], [ -53.423193767062202, -30.871394011343199 ], [ -53.423123346580198, -30.871419610234199 ], [ -53.4230662317905, -30.871453952922302 ], [ -53.423014575964302, -30.871503001039699 ], [ -53.4229863096865, -30.871564058372499 ], [ -53.422963816343596, -30.871677034025101 ], [ -53.422939796165302, -30.871723374839299 ], [ -53.422909788523597, -30.871760037575001 ], [ -53.422868642054098, -30.871786824365302 ], [ -53.422824227386499, -30.871803933076901 ], [ -53.422724437261401, -30.871817428446199 ], [ -53.422408149786897, -30.871842935500499 ], [ -53.422307566961202, -30.871860131228502 ], [ -53.422222798525297, -30.871902877079599 ], [ -53.422169790847803, -30.871948960564701 ], [ -53.422134374069699, -30.871997678297198 ], [ -53.422086760901799, -30.8721273391583 ], [ -53.422006634924003, -30.872431176961701 ], [ -53.421947322337502, -30.872733981934001 ], [ -53.421932308336501, -30.8728517566764 ], [ -53.4219507232784, -30.872963970542401 ], [ -53.422053768857602, -30.873130934590399 ], [ -53.422188789119403, -30.873276857076199 ], [ -53.422305754117602, -30.873495316153502 ], [ -53.422336345851797, -30.873609411996998 ], [ -53.422345232386398, -30.873725781233599 ], [ -53.422361045846799, -30.8737646367303 ], [ -53.422389144923102, -30.873801686721499 ], [ -53.422479569539199, -30.873861393738199 ], [ -53.422651317039097, -30.873950243312201 ], [ -53.422906387582699, -30.8741572755692 ], [ -53.423036330087498, -30.874263961838899 ], [ -53.423061483290802, -30.874288775135302 ], [ -53.4230793851223, -30.8743161943949 ], [ -53.423091848421102, -30.874352224661202 ], [ -53.423093439315203, -30.8743855637072 ], [ -53.423088222733902, -30.8744075163909 ], [ -53.423076665857003, -30.874426777854399 ], [ -53.423045394305397, -30.8744488718859 ], [ -53.423009137432899, -30.874470739311601 ], [ -53.422965904042897, -30.8744820653951 ], [ -53.422873174163698, -30.874497818662999 ], [ -53.422782253251299, -30.874529678563299 ], [ -53.422642943026801, -30.874610214966101 ], [ -53.422511878475099, -30.874722256825201 ], [ -53.422331628623702, -30.874852767918998 ], [ -53.422248649544301, -30.874900269941701 ], [ -53.4221615815947, -30.8749263132603 ], [ -53.421972190895701, -30.874922024064901 ], [ -53.421775574837902, -30.874895279676299 ], [ -53.4213929690223, -30.8749025066762 ], [ -53.421025667438698, -30.8749956074236 ], [ -53.420860011348502, -30.875105121268199 ], [ -53.420777526964201, -30.8751433042864 ], [ -53.420688974321102, -30.875167780041899 ], [ -53.420611651774998, -30.875171403362099 ], [ -53.420526448126502, -30.8751631322633 ], [ -53.420393092489697, -30.875112939873802 ], [ -53.420263585804904, -30.875019917619099 ], [ -53.420202855543799, -30.874952049286801 ], [ -53.420134621005602, -30.874895704795101 ], [ -53.420046950994397, -30.874861407106899 ], [ -53.419945868802699, -30.874834062745801 ], [ -53.419856602417198, -30.8748250369324 ], [ -53.419774121303497, -30.874827685983401 ], [ -53.419704323555003, -30.874844978212 ], [ -53.419644885560899, -30.874874874032798 ], [ -53.419601897891702, -30.874919304799501 ], [ -53.419570064868402, -30.8749671245474 ], [ -53.419519413507402, -30.8751007024618 ], [ -53.419499472228502, -30.875187605651899 ], [ -53.419481640413103, -30.8752664073189 ], [ -53.419470466730303, -30.8752862923251 ], [ -53.419455057560299, -30.8753027212204 ], [ -53.419435116280098, -30.8753148446118 ], [ -53.419409963074301, -30.875328667544 ], [ -53.419373479596899, -30.875342263871001 ], [ -53.419343341072, -30.875349968456302 ], [ -53.4193206805271, -30.875351554694401 ], [ -53.419298699798397, -30.875346795980001 ], [ -53.419281251179797, -30.8753393180004 ], [ -53.419255871369401, -30.875326514792501 ], [ -53.419239329171603, -30.8753090661728 ], [ -53.419229970809802, -30.875290213903 ], [ -53.419221200736203, -30.8752428973816 ], [ -53.419218067517299, -30.875192011742399 ], [ -53.419200353034903, -30.875149535936401 ], [ -53.419180185149202, -30.875122116676799 ], [ -53.4191514062571, -30.8750987763155 ], [ -53.419123307181998, -30.875086086410398 ], [ -53.419069276366699, -30.875074679292201 ], [ -53.419034704450503, -30.8750740763215 ], [ -53.418993009047803, -30.875082007512201 ], [ -53.418961296503497, -30.8750963602896 ], [ -53.418893982466898, -30.875145003827399 ], [ -53.418847364993503, -30.8752081662102 ], [ -53.418814217348597, -30.875280060675401 ], [ -53.418802433865203, -30.875356200106499 ], [ -53.418827813675598, -30.875574647760001 ], [ -53.418845664523602, -30.875810557812699 ], [ -53.418830360290599, -30.875880702211099 ], [ -53.4188216953278, -30.875907984376401 ], [ -53.4188082541772, -30.8759329916737 ], [ -53.418789064142999, -30.875951266017299 ], [ -53.418764892184299, -30.875966575960899 ], [ -53.418713027840802, -30.875990807663701 ], [ -53.4186075986822, -30.876006537012699 ], [ -53.418555433925, -30.876003385270899 ], [ -53.418527108243197, -30.875996133896301 ], [ -53.418506940358803, -30.875983443991299 ], [ -53.418484959629502, -30.875963049500701 ], [ -53.418465698166898, -30.875940388955801 ], [ -53.418426498595998, -30.875879851975899 ], [ -53.418378681674199, -30.875835244027201 ], [ -53.418353301863299, -30.875815302747501 ], [ -53.418325320614002, -30.875800354990901 ], [ -53.418309567011498, -30.875797627522399 ], [ -53.418294384447002, -30.8757980807334 ], [ -53.418264953918197, -30.875802480577601 ], [ -53.418236826662699, -30.875813489904001 ], [ -53.4182130895746, -30.875830963456199 ], [ -53.418190599151004, -30.875855638517599 ], [ -53.418171428051998, -30.875884103151702 ], [ -53.418163859707903, -30.875916368778199 ], [ -53.418162075465901, -30.875949996376701 ], [ -53.418175679227801, -30.876074555824498 ], [ -53.4182130895746, -30.876198265039399 ], [ -53.418391371579403, -30.8764253246182 ], [ -53.4186007968014, -30.8766403873156 ], [ -53.418907804999897, -30.876809207999901 ], [ -53.419468036650798, -30.876990684195899 ], [ -53.419759667305598, -30.8770786835324 ], [ -53.420008786203901, -30.877228750036899 ], [ -53.420227328932299, -30.8774672564758 ], [ -53.4203998943713, -30.877725287362502 ], [ -53.420454387593502, -30.877794927956199 ], [ -53.420522328232401, -30.877861324985901 ], [ -53.420611602922399, -30.877902561389298 ], [ -53.420717032080603, -30.877920416327399 ], [ -53.420845417587998, -30.8779089381541 ], [ -53.420920238280601, -30.877876204099799 ], [ -53.420988257092702, -30.8778239146394 ], [ -53.421093686250799, -30.8776946788972 ], [ -53.421173633290898, -30.877644461937599 ], [ -53.4212603323395, -30.877602853501401 ], [ -53.421293734179201, -30.877594608738701 ], [ -53.421330901856301, -30.877595626501499 ], [ -53.4213671543449, -30.877604579378499 ], [ -53.421399770903498, -30.877619858204302 ], [ -53.421449185517702, -30.8776693885371 ], [ -53.421484794418198, -30.877725287362502 ], [ -53.421542610408103, -30.8779531503817 ], [ -53.421501799121103, -30.878245631272101 ], [ -53.421535808526897, -30.878568720627701 ], [ -53.421597025457501, -30.878714961072902 ], [ -53.421642087919899, -30.878768100768401 ], [ -53.421672696385201, -30.8787872310631 ], [ -53.421709256496797, -30.878796583646999 ], [ -53.421856772294397, -30.878790206886102 ], [ -53.422008539268397, -30.878776178003498 ], [ -53.422304421099298, -30.878823791171701 ], [ -53.422491472831602, -30.8788101874093 ], [ -53.422760147137801, -30.878708159191799 ], [ -53.422913189464197, -30.8786605460236 ], [ -53.422986309686401, -30.878658420434501 ], [ -53.423023294915303, -30.878665222319601 ], [ -53.423059429909401, -30.8786809516671 ], [ -53.423105342606902, -30.878722188074399 ], [ -53.423144453424001, -30.8787693761223 ], [ -53.423229476938701, -30.878925819389199 ], [ -53.423297495750397, -30.879123073943202 ], [ -53.423328104215699, -30.879578799981701 ], [ -53.423314500453003, -30.8799099665701 ], [ -53.423345108918198, -30.880073211718202 ], [ -53.423411427259701, -30.880183742287301 ], [ -53.423552566294298, -30.8802895965642 ], [ -53.423802535427001, -30.880408204365899 ], [ -53.424055905500701, -30.8804915274103 ], [ -53.424271865227901, -30.880500029761698 ], [ -53.4244810230742, -30.8804426388905 ], [ -53.424858527479302, -30.8802725918612 ], [ -53.425076187676403, -30.8801667375843 ], [ -53.425334659160903, -30.879928671743301 ], [ -53.425484300546998, -30.879667224437 ], [ -53.425582077588402, -30.879436385597401 ], [ -53.425733419444498, -30.879262937627502 ], [ -53.425866056127298, -30.8791660108208 ], [ -53.425995291869597, -30.8791217985932 ], [ -53.426141532314801, -30.879096291538801 ], [ -53.4263277338123, -30.8790890645374 ], [ -53.426756252325802, -30.8791396535274 ], [ -53.427177968958802, -30.8792863190913 ], [ -53.427987392818203, -30.8796876300805 ], [ -53.429912325189797, -30.881503732353298 ], [ -53.431245493899397, -30.8829797405675 ], [ -53.431929082956898, -30.883802343070599 ], [ -53.432343997708301, -30.884530144355899 ], [ -53.4324264705171, -30.8847741618466 ], [ -53.4324698325103, -30.885054314324801 ], [ -53.4324298714577, -30.885280901993902 ], [ -53.432347398649199, -30.885476030957498 ], [ -53.431939285778903, -30.886020181451201 ], [ -53.4310142299395, -30.886686765806001 ], [ -53.429925928952102, -30.887081274913999 ], [ -53.429245740834901, -30.887502991546601 ], [ -53.428728797865901, -30.888074349564999 ], [ -53.428267120180799, -30.888780469856599 ], [ -53.427776534501902, -30.889421122037 ], [ -53.427439841383602, -30.889645158996998 ], [ -53.427082742622403, -30.889734008570901 ], [ -53.4263753469805, -30.8897612160956 ], [ -53.424851725598103, -30.8895911690663 ], [ -53.423831443422401, -30.889795225501398 ], [ -53.423470943719899, -30.889988653996198 ], [ -53.4232464816413, -30.890209715134301 ], [ -53.423141052483103, -30.890437578153499 ], [ -53.423130849661298, -30.8907300590439 ], [ -53.423195467532501, -30.890974926766098 ], [ -53.423317901393602, -30.891195987904201 ], [ -53.423572971937801, -30.8914140732203 ], [ -53.423994688570502, -30.891604525893101 ], [ -53.424674876687597, -30.8917813748035 ], [ -53.425436687378799, -30.891835789852902 ], [ -53.4269331012366, -30.891645337180101 ], [ -53.428375100045002, -30.891713355991801 ], [ -53.429109703211502, -30.891808582328199 ], [ -53.429822767, -30.892082757 ], [ -53.430415664396399, -30.8924887704454 ], [ -53.4308373810291, -30.893087335988501 ], [ -53.431175774617401, -30.8945293347969 ], [ -53.431413840458397, -30.895030973533299 ], [ -53.431691017116201, -30.8953455605375 ], [ -53.4319120782542, -30.895469694868801 ], [ -53.431969894243899, -30.8955168829184 ], [ -53.432018129635097, -30.895582167026099 ], [ -53.432019207882703, -30.8955836263785 ], [ -53.432021912799101, -30.895586352502502 ], [ -53.432022396300297, -30.895596344830899 ], [ -53.432031961409201, -30.895641017253102 ], [ -53.432032811645001, -30.895700958828701 ], [ -53.432005604120299, -30.895823392689799 ], [ -53.4319222810757, -30.895962406135201 ], [ -53.431837319361399, -30.896045309830999 ], [ -53.431624141735497, -30.896016886147599 ], [ -53.431797913800303, -30.896084715392199 ], [ -53.431522670557101, -30.896258713084698 ], [ -53.431206383082703, -30.896391349767601 ], [ -53.430519393084303, -30.8965477930345 ], [ -53.429723572987299, -30.896491677514899 ], [ -53.429233837542903, -30.896423658703199 ], [ -53.428788314326198, -30.8962910220203 ], [ -53.428397206158799, -30.896103970288099 ], [ -53.427975489526197, -30.896005343011101 ], [ -53.427546971012397, -30.895923720437001 ], [ -53.427094645914401, -30.895932222788499 ], [ -53.426373646509902, -30.895836571333501 ], [ -53.425686656511601, -30.8957328426456 ], [ -53.4253839727998, -30.895717963531599 ], [ -53.425101694731197, -30.895772378581 ], [ -53.424904440177201, -30.895871005858002 ], [ -53.424778605375501, -30.896007043481401 ], [ -53.4246935818609, -30.896207698975999 ], [ -53.424700383742, -30.896415156351701 ], [ -53.424761600672603, -30.8967586513509 ], [ -53.424928246761297, -30.897057934122401 ], [ -53.425203722948801, -30.897326608428699 ], [ -53.4253839727998, -30.897551070507301 ], [ -53.425451991611503, -30.897789136348401 ], [ -53.425503005720302, -30.898129230406902 ], [ -53.4255132085421, -30.898431914119101 ], [ -53.425477498665899, -30.898727795949998 ], [ -53.4254230836166, -30.899163116345001 ], [ -53.425232630943803, -30.899584832977599 ], [ -53.424817716192301, -30.900278624857201 ], [ -53.423885858471799, -30.901625397329099 ], [ -53.422688727385598, -30.903257848810298 ], [ -53.422403048376403, -30.903689768264702 ], [ -53.422151378773002, -30.904189706530801 ], [ -53.421835091298597, -30.904626727396099 ], [ -53.4215188038241, -30.904917507816201 ], [ -53.4211719078843, -30.9051351680137 ], [ -53.4204032953119, -30.905543280883901 ], [ -53.4200155880851, -30.905903780586002 ], [ -53.419750314719501, -30.906264280288099 ], [ -53.4194335769999, -30.907189371 ], [ -53.419559862046697, -30.9083796653325 ], [ -53.419559862046697, -30.908883004539199 ], [ -53.419488442293897, -30.909158055608199 ], [ -53.4193694093739, -30.909393145627099 ], [ -53.418587193038697, -30.910083111447499 ], [ -53.417801137202503, -30.910709709892501 ], [ -53.417767273048398, -30.910736720466701 ], [ -53.417801973398703, -30.910741757716099 ], [ -53.417708164709502, -30.910784281691701 ], [ -53.416594241855897, -30.911692181463 ], [ -53.415988874431598, -30.912134303739201 ], [ -53.415648780372997, -30.9122907470061 ], [ -53.415295082551602, -30.912353239288599 ], [ -53.414579184558299, -30.912421258100299 ], [ -53.413863286565501, -30.912470996857198 ], [ -53.413575907085502, -30.912509682555498 ], [ -53.413332739833599, -30.912581102307801 ], [ -53.4131116786955, -30.9126899324066 ], [ -53.412900820379697, -30.912862105024601 ], [ -53.412740148999902, -30.913118348999902 ], [ -53.4126287451328, -30.913501481854698 ], [ -53.412632146073399, -30.914212278437098 ], [ -53.412739275701398, -30.914769607574801 ], [ -53.412929728374202, -30.915238937375602 ], [ -53.413200103151297, -30.9155114377409 ], [ -53.413363348299399, -30.915691687591899 ], [ -53.413509588744603, -30.915967163779399 ], [ -53.413564003793901, -30.916484106748399 ], [ -53.413640524956598, -30.9167302498225 ], [ -53.413744253644502, -30.9168764902677 ], [ -53.413897295970798, -30.916988721307 ], [ -53.414193177802296, -30.9170826722915 ], [ -53.4146863141873, -30.9171625943953 ], [ -53.416237143094399, -30.9173122357811 ], [ -53.417032963191502, -30.9172935306078 ], [ -53.417400264774699, -30.917177898627902 ], [ -53.417747160714498, -30.916958537960198 ], [ -53.4181790801684, -30.916488783040901 ], [ -53.418709626899798, -30.916114679576499 ], [ -53.419321796205203, -30.9158902174978 ], [ -53.419964573976401, -30.9157886143987 ], [ -53.420712780905298, -30.915775010636299 ], [ -53.421039271201003, -30.915856208091999 ], [ -53.421311346448398, -30.915965463309099 ], [ -53.421583421694798, -30.916186099328801 ], [ -53.421773874368, -30.9164960100405 ], [ -53.4219167138722, -30.916852683683601 ], [ -53.422005138327897, -30.917285028256401 ], [ -53.421733063081, -30.918958291024602 ], [ -53.4215562141706, -30.919597667854699 ], [ -53.421392969022001, -30.9199033273891 ], [ -53.421168237, -30.920178924 ], [ -53.420675370558399, -30.9205052938728 ], [ -53.420127819124502, -30.920781195178598 ], [ -53.418862669226598, -30.921189308048898 ], [ -53.418019235961303, -30.921311741909999 ], [ -53.417107783884298, -30.921352553197 ], [ -53.415366502304401, -30.921012459138399 ], [ -53.4138292771596, -30.920998855376101 ], [ -53.413096374463301, -30.921120864121001 ], [ -53.412346467064303, -30.921209713692399 ], [ -53.412009773945698, -30.921294312088701 ], [ -53.411713892115301, -30.921461383295799 ], [ -53.411557448847802, -30.921658212731401 ], [ -53.411428213105502, -30.921899679513 ], [ -53.411258166076202, -30.922069726542301 ], [ -53.411162089505197, -30.922127542534401 ], [ -53.411054109641697, -30.9221687789376 ], [ -53.410941028367098, -30.9221760059378 ], [ -53.410826246621802, -30.922168353819199 ], [ -53.410557572316101, -30.922107562007099 ], [ -53.410033827465902, -30.922114363888198 ], [ -53.4095781014274, -30.9221891845811 ], [ -53.409142781032401, -30.922332024085701 ], [ -53.408795885092701, -30.922529278639701 ], [ -53.408574823953998, -30.922729509015898 ], [ -53.408437085860299, -30.9229743767381 ], [ -53.408360564697702, -30.9232434761627 ], [ -53.408251734598998, -30.923930466161 ], [ -53.408210923311898, -30.924583446753498 ], [ -53.408272140242502, -30.924964352099099 ], [ -53.408360564697702, -30.9253044461577 ], [ -53.408517007964697, -30.925630936453899 ], [ -53.408734668162097, -30.925896209819602 ], [ -53.409414856279298, -30.926385945263998 ], [ -53.410678305706298, -30.927429608905499 ], [ -53.4116390714224, -30.928164637190299 ], [ -53.4121492125103, -30.928528537832999 ], [ -53.412632146073499, -30.928987664812102 ], [ -53.413060664587299, -30.9296202397611 ], [ -53.413291928547103, -30.930055560155999 ], [ -53.4133565464182, -30.930280022234701 ], [ -53.413353145477103, -30.9304241370913 ], [ -53.413305532308897, -30.930561024949899 ], [ -53.413224759969999, -30.930660502462 ], [ -53.413036858003203, -30.930793564263201 ], [ -53.412785188399702, -30.930983591819501 ], [ -53.4125556249097, -30.931167242609298 ], [ -53.412442543635201, -30.931228459539899 ], [ -53.412125405926197, -30.931324110994499 ], [ -53.4120199767681, -30.9313785260439 ], [ -53.411945156075198, -30.9314465448556 ], [ -53.411877137263403, -30.9315723796573 ], [ -53.411823572448597, -30.9316306207641 ], [ -53.411796364924399, -30.931648050586499 ], [ -53.4117657564586, -30.931656978053699 ], [ -53.411693486471201, -30.931660378994302 ], [ -53.411618665778903, -30.931640398469 ], [ -53.411441816868503, -30.9315519740138 ], [ -53.411278571720302, -30.931521365548502 ], [ -53.411115326572201, -30.931524766489101 ], [ -53.410620489716997, -30.931652301761101 ], [ -53.410232782490198, -30.931842754433902 ], [ -53.409994716649202, -30.932046810869 ], [ -53.409885886550498, -30.9322576691854 ], [ -53.409872282788101, -30.932407310571101 ], [ -53.409928398307798, -30.932587560422199 ], [ -53.409923296896899, -30.932681086288301 ], [ -53.409907567546099, -30.932721897574599 ], [ -53.409864630671201, -30.9327780130943 ], [ -53.409795761624899, -30.932827326733499 ], [ -53.409625714595698, -30.932893645074898 ], [ -53.409368943581399, -30.933067093044802 ], [ -53.409246509720298, -30.933165720321799 ], [ -53.409177215555196, -30.933264347598101 ], [ -53.409147457325098, -30.933379979578 ], [ -53.409151283383899, -30.933471804974499 ], [ -53.409215901255102, -30.933689465172002 ], [ -53.409498179323698, -30.934250620368601 ], [ -53.4097056366994, -30.934464879625502 ], [ -53.409943702540403, -30.934614521011301 ], [ -53.410368820113703, -30.934726752050601 ], [ -53.4105184614994, -30.934804973684098 ], [ -53.410678305707002, -30.934961416951101 ], [ -53.410980989419102, -30.935284506306701 ], [ -53.411219055260098, -30.935522572147701 ], [ -53.4115047342693, -30.93565180789 ], [ -53.412055686644202, -30.9357606379887 ], [ -53.412222332732902, -30.935794647394601 ], [ -53.412346041946101, -30.935854163854099 ], [ -53.412465074866603, -30.935951090660801 ], [ -53.412560301203001, -30.936110934868399 ], [ -53.412613440900301, -30.9362979866013 ], [ -53.412701865355501, -30.936950967193699 ], [ -53.412674657830799, -30.937508721449799 ], [ -53.412599837137897, -30.937855617389602 ], [ -53.412594310608903, -30.938085180878499 ], [ -53.412553499321803, -30.938273933081 ], [ -53.412381751822203, -30.938546008327801 ], [ -53.412178120505303, -30.938814682634799 ], [ -53.412089696050103, -30.939127569168601 ], [ -53.4121509129806, -30.939494870751901 ], [ -53.412354969415802, -30.940052625008001 ], [ -53.412463799514498, -30.940630784907601 ], [ -53.412486939980198, -30.940953605779601 ], [ -53.412496004198204, -30.941109510328999 ], [ -53.4125141326342, -30.941180211229302 ], [ -53.412544996970396, -30.941249756093601 ], [ -53.412595710596101, -30.9412980460631 ], [ -53.412635139945401, -30.941362741918098 ], [ -53.412662785809196, -30.941435822176601 ], [ -53.412677288558001, -30.941518306560301 ], [ -53.412675475714401, -30.9416080423184 ], [ -53.412655534434798, -30.941675117531499 ], [ -53.412624716093603, -30.941727689995801 ], [ -53.412604321604299, -30.941779695945499 ], [ -53.412600242705103, -30.941855495469401 ], [ -53.4126202427815, -30.941929944211299 ], [ -53.412693150940498, -30.942049809641599 ], [ -53.412916130703699, -30.942256927022701 ], [ -53.412994346245902, -30.942378868368699 ], [ -53.413043029755499, -30.9424907838468 ], [ -53.413075968820003, -30.942616934209699 ], [ -53.413062971035103, -30.942809844319999 ], [ -53.413021128652801, -30.942985086028902 ], [ -53.412994346245902, -30.943358339257401 ], [ -53.413031331474102, -30.943519883934599 ], [ -53.413141862043197, -30.943720539429201 ], [ -53.4133514450074, -30.943895687869901 ], [ -53.414303708371399, -30.944337810146099 ], [ -53.4148954720334, -30.944487451531799 ], [ -53.415211334389703, -30.9445180599966 ], [ -53.415514443219998, -30.944514659056502 ], [ -53.415813300873403, -30.9444330364819 ], [ -53.416099405000701, -30.944324206383701 ], [ -53.416297934906801, -30.944291897447599 ], [ -53.416500715989898, -30.944296998858999 ], [ -53.416649932257499, -30.9443497134376 ], [ -53.416793196880199, -30.944426234601298 ], [ -53.417080232447503, -30.9446680090076 ], [ -53.417350951136299, -30.944922771926802 ], [ -53.417796474353104, -30.945453318658199 ], [ -53.418041342075199, -30.945827422122601 ], [ -53.418167176876899, -30.9462831481611 ], [ -53.418170577817499, -30.946987142862401 ], [ -53.418235195688602, -30.947242213406302 ], [ -53.418391638955598, -30.9475108877126 ], [ -53.419163652468498, -30.9484733538984 ], [ -53.419581956612198, -30.948873806154101 ], [ -53.420027491377297, -30.949241966470801 ], [ -53.420200514229002, -30.949381405034298 ], [ -53.420291684880702, -30.949434881247601 ], [ -53.420387991079402, -30.949473230430598 ], [ -53.420504694003398, -30.949491079399099 ], [ -53.420626056920398, -30.949493636074099 ], [ -53.420993358503701, -30.949473230430598 ], [ -53.421282438453503, -30.9495072398365 ], [ -53.421578320284503, -30.949582060529401 ], [ -53.421921815283604, -30.9497180981528 ], [ -53.422224498995803, -30.949888145182101 ], [ -53.4223371551521, -30.949962965874501 ], [ -53.422412826080098, -30.9500411875079 ], [ -53.422457888542901, -30.950154268782399 ], [ -53.422482970480303, -30.950360875923501 ], [ -53.422428555430898, -30.950615946467401 ], [ -53.422183687708703, -30.951024059337701 ], [ -53.421574919343897, -30.951619223940199 ], [ -53.421343655384099, -30.951751860623101 ], [ -53.4210851838995, -30.951836884137698 ], [ -53.420755292662697, -30.951833483197198 ], [ -53.420360783554798, -30.951809676612999 ], [ -53.419959047447598, -30.9516778901659 ], [ -53.419568364398302, -30.951445775970399 ], [ -53.4193234966761, -30.951326743049901 ], [ -53.4190242139045, -30.951255323297602 ], [ -53.418565086925398, -30.951231516713499 ], [ -53.418194384401602, -30.9513097383469 ], [ -53.417847488461902, -30.951421969386299 ], [ -53.417472109644102, -30.951636228642698 ], [ -53.4173033379681, -30.9518028747319 ], [ -53.417251048506003, -30.951898101067801 ], [ -53.417237444743598, -30.952014583282899 ], [ -53.417262101562898, -30.952129365027599 ], [ -53.4173122654365, -30.952230543010099 ], [ -53.417391337305098, -30.952318967465299 ], [ -53.4177794696501, -30.952568086363701 ], [ -53.418177379698697, -30.952877571957 ], [ -53.418497068113702, -30.9530272133428 ], [ -53.4187623414794, -30.9530680246298 ], [ -53.419374510784898, -30.953142845322699 ], [ -53.419973076327999, -30.953289085767899 ], [ -53.420462811772303, -30.9534761375001 ], [ -53.420768896425002, -30.953506745965399 ], [ -53.421163405533001, -30.953452330916001 ], [ -53.421361085203898, -30.953486340321401 ], [ -53.421442707778098, -30.953514398082199 ], [ -53.421514127530301, -30.953554359133101 ], [ -53.4215829965773, -30.953618126769999 ], [ -53.421635711156199, -30.9536869958159 ], [ -53.421734763551399, -30.953911457895099 ], [ -53.421755169194903, -30.9542549528942 ], [ -53.4216429381556, -30.954578042249899 ], [ -53.421435480779799, -30.9548535184373 ], [ -53.420272359099499, -30.955554112198001 ], [ -53.419830236823401, -30.9556459375938 ], [ -53.4193677089037, -30.955608527247399 ], [ -53.418911982865197, -30.9554758905645 ], [ -53.418497068113702, -30.955248027545299 ], [ -53.417772242650798, -30.954748939513902 ], [ -53.417082276830001, -30.954227745369501 ], [ -53.416755786533798, -30.954095108686701 ], [ -53.416470107524603, -30.954071302102601 ], [ -53.416233317035697, -30.9541146640946 ], [ -53.416073472828103, -30.954175881025101 ], [ -53.415959966436702, -30.954265155716001 ], [ -53.415884720625598, -30.954359531816799 ], [ -53.415837532575601, -30.954462410270001 ], [ -53.415825204165401, -30.9545890953063 ], [ -53.415840508397999, -30.9547591423356 ], [ -53.415898749506198, -30.954975952298401 ], [ -53.416031386188997, -30.955248027545299 ], [ -53.416204834158897, -30.955492895267501 ], [ -53.416782994058501, -30.956411149225602 ], [ -53.416878220394899, -30.956907686551101 ], [ -53.4167897959397, -30.957424629520201 ], [ -53.416592541385697, -30.957887157439899 ], [ -53.4163030363177, -30.9582995214855 ], [ -53.415748683002199, -30.958724639058701 ], [ -53.415099528468502, -30.9590876894666 ], [ -53.414582585499502, -30.95933935907 ], [ -53.413950010550501, -30.959550217386301 ], [ -53.4136065155514, -30.9597270662968 ], [ -53.412850656506201, -30.960269516320199 ], [ -53.4124378673419, -30.960573050267101 ], [ -53.412039957293402, -30.960887637271298 ], [ -53.411883088909498, -30.961024525130199 ], [ -53.4118269733899, -30.961088292766199 ], [ -53.411802316570601, -30.9611486594616 ], [ -53.411803166805697, -30.961209026157 ], [ -53.4118286738601, -30.961279595674199 ], [ -53.411889890790697, -30.961366319659099 ], [ -53.412019126532897, -30.961505758223101 ], [ -53.412386853233102, -30.961877310981698 ], [ -53.412550842718801, -30.962080371762902 ], [ -53.412721420763901, -30.962265868444099 ], [ -53.412808144748901, -30.962340689137001 ], [ -53.412855400443199, -30.9623717863712 ], [ -53.412908472496198, -30.962395104186299 ], [ -53.412953960075797, -30.962400630714399 ], [ -53.412998597421698, -30.962395104186299 ], [ -53.413095524228403, -30.9623474910181 ], [ -53.4134560239305, -30.962140033642399 ], [ -53.413592061553899, -30.962102623295898 ], [ -53.4138012193999, -30.962099222355398 ], [ -53.4140188795974, -30.9621349322315 ], [ -53.414245042146398, -30.962208052454098 ], [ -53.414522218804102, -30.962357693839898 ], [ -53.4147891926401, -30.962558349334401 ], [ -53.415408163826697, -30.9632079289863 ], [ -53.415752509060297, -30.963632196323999 ], [ -53.415932249239297, -30.963847441059698 ], [ -53.416108757587402, -30.964034357548702 ], [ -53.416214186744803, -30.964108328005999 ], [ -53.416346823427702, -30.964147438822799 ], [ -53.416488812697096, -30.964155941174202 ], [ -53.416945388971499, -30.964143187647402 ], [ -53.417117986705499, -30.9641635932905 ], [ -53.417191724557703, -30.9641764570631 ], [ -53.417262577472499, -30.964205365052401 ], [ -53.417314158394603, -30.9642410749215 ], [ -53.417354352076202, -30.964286877386801 ], [ -53.417428322534697, -30.964394857250799 ], [ -53.417580581127503, -30.964778298390002 ], [ -53.4177055807383, -30.964669125607699 ], [ -53.418829510056, -30.9636772587872 ], [ -53.424437988, -30.958371155 ], [ -53.427824697999903, -30.955769648999901 ], [ -53.432598834, -30.953724335999901 ], [ -53.433576748, -30.952413587 ], [ -53.4333759209999, -30.9507982219999 ], [ -53.435738637, -30.949796573 ], [ -53.438974175999903, -30.950753189999901 ], [ -53.439919018, -30.952400634999901 ], [ -53.440808299, -30.9558661569999 ], [ -53.442996685, -30.959664683 ], [ -53.443145342, -30.964168739999899 ], [ -53.451072822, -30.968226236 ], [ -53.452453385999902, -30.968241111999902 ], [ -53.453737224, -30.9675953409999 ], [ -53.45466692, -30.966639597 ], [ -53.454773579999902, -30.961499854 ], [ -53.454470386, -30.959967069 ], [ -53.455951259, -30.957590367 ], [ -53.463075692, -30.957202557 ], [ -53.463821427, -30.956168412 ], [ -53.463988074, -30.954439167 ], [ -53.460682844, -30.949800226 ], [ -53.45695396, -30.948147578 ], [ -53.456259555, -30.946953185 ], [ -53.456579302, -30.945929013999901 ], [ -53.460969737, -30.944554783999902 ], [ -53.463519351999899, -30.944485116 ], [ -53.46623529, -30.945744657 ], [ -53.47002048, -30.948584234 ], [ -53.476476549, -30.949915663 ], [ -53.477507327999902, -30.951850006 ], [ -53.475423602, -30.95396205 ], [ -53.470335457, -30.9556081019999 ], [ -53.470381109999899, -30.956438982999899 ], [ -53.473861982, -30.9618125769999 ], [ -53.475024558, -30.966645432 ], [ -53.47985124, -30.968529275 ], [ -53.482050559999898, -30.96734393 ], [ -53.483600677, -30.9617192699999 ], [ -53.482196159, -30.959565208999901 ], [ -53.482213054999903, -30.959343396999898 ] ] ] ] } }
]
}
